#{"t_start": 1764996021.9306874, "env_id": "None"}
r,l,t
52.675,85,6.134138
-1.54,108,6.157918
-1.62,108,6.19363
-1.58,108,6.219797
-1.6,108,6.252923
-1.56,108,6.274057
52.95,30,6.290294
-1.62,108,6.306352
1.52,108,6.338096
52.7,80,6.354272
52.67,86,6.538474
-1.92,108,6.564411
1.44,108,6.596272
-2.0,108,6.628889
52.94,32,6.638407
-2.5,108,6.669163
1.36,108,6.692173
1.52,108,6.730888
-1.9,108,6.749439
52.58,104,6.786985
-1.6,108,6.813251
1.22,108,6.946766
52.865,47,6.962905
-1.56,108,6.99222
1.56,108,7.020159
52.875,45,7.032026
52.785,63,7.053189
0.02,108,7.078403
-2.88,108,7.109943
52.515,77,7.125854
52.98,24,7.143603
-1.48,108,7.182045
52.755,69,7.19193
-1.9,108,7.310941
-2.92,108,7.345542
-4.44,108,7.368557
-3.64,108,7.391632
52.325,75,7.42357
52.965,27,7.42357
52.77,66,7.439751
52.825,55,7.459647
52.935,33,7.471573
52.925,35,7.471573
-2.5,108,7.515095
-2.22,108,7.547076
51.46,108,7.585703
-2.78,108,7.697375
52.925,35,7.708375
-2.5,108,7.741778
-3.84,108,7.757773
52.64,52,7.773609
52.64,72,7.789703
52.905,39,7.811424
-1.84,108,7.840217
52.565,67,7.853367
-2.32,108,7.88557
-2.62,108,7.921931
52.83,54,7.940206
-1.78,108,8.056072
51.575,65,8.062095
52.98,24,8.078205
-4.12,108,8.110306
52.97,26,8.110306
0.26,108,8.141868
51.685,83,8.157661
52.59,82,8.196768
-5.08,108,8.2279
52.67,86,8.252426
52.95,30,8.261275
-3.3,108,8.290389
-3.42,108,8.32199
52.84,52,8.32199
51.03,94,8.440304
-4.02,108,8.475591
-3.94,108,8.505694
52.99,22,8.511694
-4.46,108,8.540399
-3.74,108,8.563751
52.975,25,8.579694
52.915,37,8.579694
52.435,53,8.59569
-3.72,108,8.627578
52.885,43,8.643335
-3.12,108,8.678087
-2.84,108,8.707458
-5.76,108,8.822172
-4.02,108,8.857841
52.21,78,8.881632
52.835,53,8.890903
52.96,28,8.90711
52.96,28,8.90711
52.955,29,8.922882
51.975,85,8.94604
51.775,65,8.954491
53.0,20,8.954491
52.885,43,8.970476
-3.04,108,9.012257
-4.76,108,9.041299
-3.12,108,9.063153
50.35,70,9.0931
52.865,47,9.188622
-6.54,108,9.222207
52.955,29,9.230145
51.915,77,9.241442
52.96,28,9.257122
-1.34,108,9.289076
51.175,85,9.313634
52.95,30,9.32164
-4.04,108,9.341786
50.665,107,9.37159
53.01,18,9.37159
-4.66,108,9.403517
52.87,46,9.429019
-4.84,108,9.459191
51.795,101,9.57156
52.52,36,9.58333
52.98,24,9.591355
49.56,108,9.6109
52.145,71,9.642815
52.96,28,9.642815
-0.94,108,9.674626
50.69,62,9.693189
53.035,13,9.693189
52.94,32,9.710449
-1.14,108,9.740501
52.95,30,9.742156
53.01,18,9.742156
52.975,25,9.760773
53.045,11,9.764784
52.915,37,9.765787
52.985,23,9.765787
51.07,86,9.797843
52.93,34,9.814724
50.67,106,9.931214
52.955,29,9.940248
52.965,27,9.950285
52.89,42,9.962085
52.95,30,9.972594
52.875,45,9.984601
52.98,24,9.99199
52.95,30,9.999988
52.99,22,10.006365
52.965,27,10.01436
52.845,51,10.02866
52.965,27,10.032093
53.045,11,10.032093
52.93,34,10.047865
52.98,24,10.047865
-4.56,108,10.086103
52.81,58,10.094103
53.01,18,10.094103
52.065,47,10.114573
53.02,16,10.12592
52.91,38,10.12592
53.01,18,10.1431
52.925,35,10.1431
52.975,25,10.157721
52.945,31,10.157721
52.905,39,10.179972
52.93,34,10.189859
52.925,35,10.200956
52.99,22,10.207477
52.96,28,10.215515
52.77,66,10.315738
52.945,31,10.327563
52.925,35,10.337355
50.22,96,10.365661
52.91,38,10.373646
52.975,25,10.373646
53.025,15,10.373646
52.875,45,10.389425
53.005,19,10.405478
52.99,22,10.405478
-1.9,108,10.437932
52.97,26,10.443515
52.995,21,10.453934
52.34,72,10.47003
52.995,21,10.47003
-3.5,108,10.510672
51.62,76,10.532045
51.895,81,10.555631
52.675,85,10.571698
53.0,20,10.571698
52.795,61,10.691556
53.0,20,10.699702
52.365,67,10.720358
52.18,64,10.737465
52.995,21,10.740406
52.945,31,10.744055
53.02,16,10.756187
52.96,28,10.756187
52.2,60,10.771983
52.945,31,10.787807
52.995,21,10.787807
53.0,20,10.787807
53.01,18,10.803813
50.69,82,10.820032
52.99,22,10.835798
53.015,17,10.835798
-0.74,108,10.868865
-2.38,108,10.903106
-2.74,108,10.933728
51.705,59,10.944333
52.965,27,10.944333
52.985,23,10.9603
53.0,20,10.9603
52.99,22,10.976065
53.01,18,11.063593
53.025,15,11.079241
52.825,55,11.097101
52.995,21,11.103121
52.995,21,11.110888
52.99,22,11.116909
52.95,30,11.127951
52.91,38,11.138957
52.855,49,11.15292
51.43,94,11.172628
52.945,31,11.172628
52.88,44,11.191272
53.035,13,11.191272
52.94,32,11.212411
51.88,64,11.229284
52.915,37,11.24029
52.88,44,11.245052
-1.36,108,11.272838
52.85,50,11.288855
51.395,101,11.320683
52.96,28,11.320683
52.985,23,11.336565
52.97,26,11.345198
53.015,17,11.345198
53.0,20,11.356831
52.975,25,11.359839
53.01,18,11.445287
52.36,48,11.468802
53.0,20,11.468802
52.97,26,11.468802
53.02,16,11.484794
52.92,36,11.489784
52.99,22,11.50071
52.865,47,11.516664
50.625,95,11.532704
52.99,22,11.548563
50.71,98,11.57697
52.935,33,11.578987
52.98,24,11.578987
52.995,21,11.594766
52.835,53,11.610989
53.025,15,11.610989
52.99,22,11.627069
53.035,13,11.627069
52.285,63,11.645802
52.975,25,11.645802
52.975,25,11.658927
53.02,16,11.658927
52.93,34,11.680147
52.915,37,11.688158
52.99,22,11.688158
52.795,61,11.710211
52.97,26,11.710211
-5.6,108,11.821573
52.97,26,11.841328
49.235,93,11.867416
52.875,45,11.879195
52.935,33,11.890965
51.91,58,11.909108
53.025,15,11.913121
52.97,26,11.921145
53.0,20,11.928572
52.94,32,11.937687
53.01,18,11.942088
52.975,25,11.949814
53.005,19,11.954937
53.02,16,11.960558
53.04,12,11.963556
50.825,95,11.99264
52.93,34,11.999639
52.43,94,12.031081
53.01,18,12.035096
53.015,17,12.041115
53.03,14,12.045128
52.96,28,12.050406
53.015,17,12.050406
52.995,21,12.064121
51.815,97,12.092596
52.96,28,12.101066
52.995,21,12.10707
52.99,22,12.10907
52.995,21,12.10907
52.99,22,12.127196
53.035,13,12.131208
52.97,26,12.22483
52.985,23,12.230806
53.015,17,12.23583
53.03,14,12.239829
53.0,20,12.24083
53.03,14,12.246985
-4.08,108,12.272565
53.005,19,12.272565
52.99,22,12.288645
52.97,26,12.288645
52.46,48,12.304714
52.94,32,12.320558
52.965,27,12.320558
51.575,85,12.347033
52.93,34,12.35268
53.035,13,12.35268
52.895,41,12.368735
53.035,13,12.368735
52.885,43,12.384855
52.93,34,12.401015
53.0,20,12.401015
52.975,25,12.401015
52.44,52,12.416995
53.025,15,12.433142
52.995,21,12.433142
52.945,31,12.449741
53.045,11,12.452866
51.13,94,12.481207
53.0,20,12.487204
53.015,17,12.490208
-3.28,108,12.605904
53.0,20,12.612905
53.025,15,12.617957
53.005,19,12.622996
52.925,35,12.634358
53.015,17,12.645601
52.945,31,12.655434
52.94,32,12.65644
53.0,20,12.65644
53.035,13,12.67496
52.975,25,12.682985
52.965,27,12.690336
53.02,16,12.695043
52.97,26,12.703068
52.925,35,12.713133
52.99,22,12.719133
52.925,35,12.729508
52.97,26,12.736624
52.94,32,12.740516
53.0,20,12.74775
53.03,14,12.74775
53.015,17,12.76059
52.985,23,12.765589
52.975,25,12.765589
53.015,17,12.765589
52.965,27,12.781495
52.91,38,12.797732
53.005,19,12.797732
52.925,35,12.81406
52.8,60,12.829638
52.945,31,12.845719
53.015,17,12.850451
52.95,30,12.858478
52.795,61,12.874467
52.965,27,12.875451
53.01,18,12.875451
52.975,25,12.89314
52.97,26,12.898629
52.99,22,12.990236
52.97,26,12.997309
53.0,20,13.003311
53.015,17,13.007667
52.99,22,13.013645
52.995,21,13.01997
52.455,89,13.042964
52.95,30,13.04818
52.975,25,13.059946
53.01,18,13.061952
52.985,23,13.061952
52.98,24,13.075035
52.98,24,13.075035
52.96,28,13.094093
53.03,14,13.094093
52.88,44,13.110042
53.02,16,13.110042
52.9,40,13.126146
51.445,51,13.131778
53.035,13,13.14232
52.955,29,13.148278
52.84,52,13.158347
53.03,14,13.158347
52.995,21,13.177062
53.01,18,13.18207
52.99,22,13.188067
53.02,16,13.194104
53.02,16,13.199207
51.99,62,13.216278
53.01,18,13.221267
53.04,12,13.225573
52.95,30,13.234521
52.975,25,13.240522
53.03,14,13.240522
53.02,16,13.248668
52.975,25,13.256308
52.915,37,13.256308
52.98,24,13.272489
52.885,43,13.368375
53.04,12,13.372388
53.03,14,13.376401
53.025,15,13.382163
53.02,16,13.386177
53.03,14,13.392196
53.03,14,13.396209
53.03,14,13.404419
53.04,12,13.406418
52.935,33,13.406418
53.04,12,13.406418
53.03,14,13.426619
52.94,32,13.434643
53.01,18,13.440403
53.01,18,13.444416
51.465,67,13.462471
53.01,18,13.468488
52.92,36,13.470235
53.0,20,13.470235
53.05,10,13.486081
53.015,17,13.492099
53.0,20,13.498117
52.98,24,13.505287
53.025,15,13.510262
52.985,23,13.515262
53.03,14,13.515262
52.955,29,13.515262
52.94,32,13.532787
53.02,16,13.543669
53.01,18,13.549183
52.975,25,13.556191
52.995,21,13.562505
52.965,27,13.569505
53.005,19,13.574506
53.035,13,13.574506
53.045,11,13.574506
52.915,37,13.590354
53.03,14,13.590354
52.995,21,13.590354
53.05,10,13.590354
52.805,59,13.622657
52.78,64,13.640659
53.025,15,13.640659
53.02,16,13.649338
52.99,22,13.649338
52.895,41,13.749285
53.025,15,13.760385
53.01,18,13.762129
53.03,14,13.762129
52.985,23,13.772381
52.99,22,13.772381
53.035,13,13.772381
52.98,24,13.78856
53.025,15,13.78856
53.0,20,13.78856
53.03,14,13.804491
53.03,14,13.804491
53.025,15,13.804491
52.975,25,13.820443
53.025,15,13.820443
53.01,18,13.820443
52.97,26,13.836662
53.005,19,13.836662
52.99,22,13.84966
52.865,47,13.852829
53.015,17,13.868596
53.02,16,13.868596
53.035,13,13.868596
52.96,28,13.884713
52.1,80,13.900586
52.97,26,13.900586
52.185,43,13.916698
50.485,103,13.954241
53.005,19,13.957976
52.995,21,13.957976
53.005,19,13.973985
53.015,17,13.975989
53.025,15,13.975989
52.96,28,13.992021
53.025,15,13.996843
53.015,17,14.001966
53.005,19,14.001966
52.96,28,14.017849
53.005,19,14.017849
52.94,32,14.017849
53.045,11,14.036346
53.03,14,14.040355
52.905,39,14.139358
53.015,17,14.144343
52.94,32,14.153856
53.005,19,14.156857
53.025,15,14.156857
53.015,17,14.156857
52.99,22,14.172636
53.05,10,14.172636
53.035,13,14.172636
52.985,23,14.172636
52.97,26,14.19506
53.03,14,14.19506
52.995,21,14.19506
52.905,39,14.211239
53.03,14,14.211239
52.995,21,14.227084
53.04,12,14.230072
53.04,12,14.234082
52.99,22,14.240195
52.955,29,14.248287
53.035,13,14.252016
53.01,18,14.256968
52.955,29,14.26501
52.955,29,14.266015
53.045,11,14.266015
52.9,40,14.28183
53.03,14,14.28183
52.97,26,14.297681
52.98,24,14.297681
53.035,13,14.297681
53.015,17,14.313775
53.025,15,14.313775
53.035,13,14.313775
52.995,21,14.313775
53.035,13,14.329921
52.93,34,14.329921
53.035,13,14.329921
52.99,22,14.350417
52.985,23,14.350417
53.0,20,14.364254
53.015,17,14.369261
53.015,17,14.373269
53.0,20,14.375263
52.94,32,14.375263
53.025,15,14.391041
53.015,17,14.391041
52.925,35,14.407148
53.01,18,14.407148
53.03,14,14.407148
53.035,13,14.407148
53.035,13,14.423092
53.005,19,14.423092
53.015,17,14.517554
52.745,71,14.53937
53.05,10,14.541377
53.005,19,14.549143
53.035,13,14.552656
53.0,20,14.558676
52.98,24,14.562688
53.015,17,14.562688
53.02,16,14.562688
53.045,11,14.579198
53.025,15,14.584193
53.04,12,14.587192
52.975,25,14.594301
50.925,75,14.615313
52.125,75,14.629384
53.04,12,14.639067
53.03,14,14.639067
53.03,14,14.639067
53.035,13,14.650784
53.04,12,14.650784
53.005,19,14.654909
52.915,37,14.654909
52.99,22,14.673714
52.995,21,14.673714
53.02,16,14.673714
53.045,11,14.690113
52.9,40,14.702112
52.87,46,14.715462
53.025,15,14.719464
53.045,11,14.722467
53.045,11,14.725471
53.025,15,14.729465
52.985,23,14.736572
52.015,57,14.751005
53.045,11,14.751005
53.005,19,14.756649
53.03,14,14.756649
53.03,14,14.756649
52.99,22,14.772655
53.045,11,14.772655
53.035,13,14.772655
53.015,17,14.772655
53.03,14,14.790026
53.015,17,14.79515
53.005,19,14.800541
53.045,11,14.803535
53.015,17,14.808524
52.965,27,14.903713
53.02,16,14.907988
53.035,13,14.91195
53.04,12,14.915962
53.035,13,14.918962
53.03,14,14.921962
53.04,12,14.921962
53.045,11,14.921962
53.04,12,14.921962
52.97,26,14.938065
53.025,15,14.938065
53.05,10,14.938065
53.04,12,14.951195
53.025,15,14.95384
53.005,19,14.95384
53.04,12,14.95384
53.05,10,14.95384
53.03,14,14.96991
53.05,10,14.96991
53.045,11,14.96991
52.92,36,14.986026
53.02,16,14.992687
53.01,18,14.992687
53.03,14,14.992687
53.005,19,15.002186
52.995,21,15.002186
53.025,15,15.002186
52.98,24,15.023652
53.02,16,15.028658
52.995,21,15.031652
53.04,12,15.031652
53.015,17,15.031652
52.595,61,15.051236
53.025,15,15.063386
53.005,19,15.063386
53.0,20,15.063386
53.005,19,15.080276
53.03,14,15.082282
53.05,10,15.082282
53.025,15,15.082282
53.015,17,15.097116
52.985,23,15.10312
53.01,18,15.108119
53.01,18,15.114218
53.04,12,15.11822
53.02,16,15.122219
53.035,13,15.12622
53.03,14,15.130324
53.015,17,15.135225
53.01,18,15.140542
53.035,13,15.144686
53.01,18,15.148686
52.99,22,15.155332
52.985,23,15.15823
53.03,14,15.15823
53.02,16,15.15823
52.965,27,15.174216
53.015,17,15.174216
52.88,44,15.281492
53.05,10,15.281492
53.015,17,15.281492
52.99,22,15.281492
52.63,54,15.311238
53.05,10,15.314988
53.01,18,15.321019
52.995,21,15.321019
53.005,19,15.332143
53.01,18,15.332143
53.03,14,15.332143
53.02,16,15.347179
53.035,13,15.358703
53.03,14,15.360059
53.025,15,15.360059
53.03,14,15.360059
53.04,12,15.360059
53.0,20,15.375657
53.045,11,15.375657
53.025,15,15.375657
52.99,22,15.391471
53.035,13,15.391471
53.03,14,15.391471
53.02,16,15.391471
53.045,11,15.407279
53.01,18,15.407279
53.02,16,15.407279
52.99,22,15.423095
53.04,12,15.423095
53.01,18,15.423095
53.035,13,15.423095
53.0,20,15.439071
53.03,14,15.439071
53.005,19,15.452332
53.045,11,15.456357
53.045,11,15.459362
53.02,16,15.464479
53.045,11,15.467468
53.04,12,15.468478
53.005,19,15.468478
53.015,17,15.468478
53.025,15,15.484252
53.035,13,15.484252
53.005,19,15.484252
52.995,21,15.500388
53.005,19,15.500388
53.015,17,15.500388
52.985,23,15.516322
52.975,25,15.516322
53.01,18,15.516322
53.005,19,15.532165
53.035,13,15.532165
53.03,14,15.532165
53.035,13,15.532165
53.05,10,15.548246
53.045,11,15.551526
53.05,10,15.555251
53.02,16,15.559251
53.01,18,15.565139
53.0,20,15.574141
53.045,11,15.57714
53.02,16,15.582358
52.97,26,15.678834
53.03,14,15.681835
53.04,12,15.685838
52.985,23,15.69248
53.02,16,15.69248
52.97,26,15.69248
53.02,16,15.70919
53.0,20,15.715304
53.035,13,15.719288
53.02,16,15.723304
53.05,10,15.726466
53.03,14,15.730464
53.035,13,15.734454
53.015,17,15.738585
53.03,14,15.740594
53.025,15,15.740594
53.025,15,15.740594
53.02,16,15.756476
53.035,13,15.756476
53.05,10,15.756476
53.03,14,15.756476
53.03,14,15.756476
53.025,15,15.772282
53.04,12,15.772282
53.03,14,15.772282
53.04,12,15.772282
52.925,35,15.796739
53.025,15,15.796739
53.04,12,15.796739
53.04,12,15.796739
53.035,13,15.796739
53.03,14,15.812588
53.035,13,15.812588
53.035,13,15.812588
52.965,27,15.828495
53.035,13,15.828495
53.04,12,15.828495
53.005,19,15.828495
52.92,36,15.852676
53.01,18,15.852676
53.005,19,15.860805
53.025,15,15.860805
53.04,12,15.860805
53.01,18,15.876778
53.015,17,15.876778
53.03,14,15.876778
53.03,14,15.876778
53.03,14,15.893304
53.045,11,15.896435
53.045,11,15.900424
52.945,31,15.906424
53.02,16,15.906424
53.05,10,15.906424
53.01,18,15.906424
53.035,13,15.92224
53.025,15,15.92224
53.025,15,15.92224
53.05,10,15.92224
53.03,14,15.93801
53.03,14,15.93801
53.035,13,15.93801
53.03,14,15.93801
53.035,13,15.954146
53.01,18,15.954146
53.035,13,15.954146
53.04,12,16.05309
53.02,16,16.05309
53.005,19,16.062562
53.015,17,16.062562
53.04,12,16.062562
53.05,10,16.062562
53.03,14,16.078377
53.03,14,16.078377
53.005,19,16.078377
53.02,16,16.094249
53.045,11,16.098358
53.045,11,16.098358
53.025,15,16.098358
53.02,16,16.111931
53.03,14,16.115931
53.04,12,16.11893
53.025,15,16.122931
52.95,30,16.131275
53.045,11,16.134277
53.035,13,16.138262
53.025,15,16.140378
53.03,14,16.140378
53.025,15,16.140378
53.035,13,16.154658
53.04,12,16.156517
53.005,19,16.156517
53.035,13,16.156517
53.05,10,16.156517
53.035,13,16.173614
53.035,13,16.173614
53.03,14,16.173614
53.03,14,16.173614
53.03,14,16.189326
53.05,10,16.19394
53.025,15,16.197953
53.035,13,16.201966
53.025,15,16.20638
53.035,13,16.210277
53.04,12,16.213293
53.045,11,16.216291
53.04,12,16.219385
53.015,17,16.224707
53.035,13,16.228697
53.045,11,16.2317
53.02,16,16.236705
53.035,13,16.240572
53.02,16,16.244704
53.045,11,16.247713
53.0,20,16.253333
53.035,13,16.257449
53.025,15,16.258446
53.025,15,16.258446
53.025,15,16.258446
52.99,22,16.274381
53.005,19,16.274381
53.005,19,16.274381
53.04,12,16.290585
53.035,13,16.290585
53.015,17,16.290585
53.03,14,16.290585
53.035,13,16.306698
53.015,17,16.306698
52.85,50,16.322856
53.025,15,16.322856
53.04,12,16.322856
53.03,14,16.322856
53.035,13,16.33873
53.04,12,16.33873
53.03,14,16.435569
51.995,61,16.452702
53.04,12,16.453906
53.045,11,16.453906
53.015,17,16.453906
53.04,12,16.468505
53.025,15,16.47225
53.045,11,16.47225
53.04,12,16.47225
53.03,14,16.47225
53.025,15,16.484373
53.04,12,16.484373
53.02,16,16.484373
53.045,11,16.484373
53.025,15,16.50024
53.05,10,16.50024
53.04,12,16.50024
53.035,13,16.50024
53.05,10,16.516457
53.045,11,16.516457
52.975,25,16.516457
52.98,24,16.533027
53.04,12,16.536168
53.04,12,16.540277
52.975,25,16.547275
52.955,29,16.55546
53.035,13,16.559461
53.045,11,16.562456
52.965,27,16.562456
53.025,15,16.562456
53.045,11,16.562456
53.045,11,16.578239
53.04,12,16.578239
53.035,13,16.578239
52.985,23,16.594237
53.02,16,16.594237
53.04,12,16.594237
53.03,14,16.594237
53.045,11,16.594237
53.04,12,16.610406
53.025,15,16.610406
53.04,12,16.610406
53.045,11,16.610406
53.025,15,16.626492
53.04,12,16.626492
53.02,16,16.626492
53.03,14,16.626492
52.89,42,16.652981
53.03,14,16.657705
53.04,12,16.661906
53.0,20,16.666905
53.03,14,16.671907
53.01,18,16.671907
53.03,14,16.671907
53.005,19,16.671907
53.03,14,16.691348
53.04,12,16.69493
53.0,20,16.69493
53.045,11,16.69493
53.025,15,16.709774
53.05,10,16.717089
53.03,14,16.723758
53.05,10,16.726878
53.045,11,16.729866
53.025,15,16.733869
53.025,15,16.737877
53.04,12,16.820482
53.035,13,16.831241
52.945,31,16.840225
53.04,12,16.844239
53.035,13,16.848252
53.05,10,16.850259
53.04,12,16.854703
53.025,15,16.858716
53.0,20,16.864736
53.025,15,16.871004
53.025,15,16.875005
53.02,16,16.875005
53.05,10,16.875005
53.05,10,16.875005
53.03,14,16.89111
53.04,12,16.89111
53.04,12,16.89111
53.035,13,16.89111
53.035,13,16.89111
53.035,13,16.907257
53.05,10,16.907257
53.045,11,16.907257
53.045,11,16.907257
53.04,12,16.907257
53.04,12,16.923167
53.045,11,16.923167
53.005,19,16.923167
53.05,10,16.923167
53.045,11,16.923167
53.04,12,16.938962
53.04,12,16.938962
53.04,12,16.938962
53.035,13,16.938962
53.02,16,16.957075
53.04,12,16.961088
53.02,16,16.9651
53.045,11,16.969112
53.035,13,16.973122
53.04,12,16.976123
53.045,11,16.979123
53.025,15,16.984123
52.895,41,16.984123
52.995,21,17.000038
53.02,16,17.000038
53.045,11,17.000038
53.04,12,17.000038
53.035,13,17.015935
53.02,16,17.015935
53.03,14,17.015935
53.05,10,17.015935
52.31,98,17.047788
53.04,12,17.055073
53.035,13,17.055073
53.04,12,17.064092
53.03,14,17.068084
53.05,10,17.071185
53.05,10,17.074185
53.025,15,17.078187
53.0,20,17.084198
53.02,16,17.088187
53.045,11,17.091194
53.03,14,17.094191
53.04,12,17.094191
53.025,15,17.094191
53.045,11,17.094191
52.895,41,17.114982
53.05,10,17.114982
53.045,11,17.210874
53.03,14,17.214873
53.035,13,17.218873
53.035,13,17.222873
52.965,27,17.223982
53.025,15,17.223982
53.04,12,17.223982
53.04,12,17.241569
53.04,12,17.244577
53.05,10,17.247576
53.035,13,17.251573
53.03,14,17.25519
53.04,12,17.258569
53.04,12,17.261562
53.035,13,17.265558
53.04,12,17.269566
53.0,20,17.274564
53.045,11,17.274564
53.045,11,17.274564
53.025,15,17.274564
53.04,12,17.274564
53.03,14,17.290791
53.045,11,17.290791
53.045,11,17.290791
53.025,15,17.290791
53.045,11,17.306705
53.03,14,17.306705
53.05,10,17.306705
53.035,13,17.306705
53.05,10,17.306705
53.04,12,17.322793
53.05,10,17.322793
53.045,11,17.322793
53.025,15,17.322793
53.045,11,17.322793
53.04,12,17.338571
53.02,16,17.338571
53.05,10,17.338571
53.05,10,17.338571
53.03,14,17.355031
53.03,14,17.355031
53.01,18,17.355031
52.94,32,17.370551
53.05,10,17.370551
53.045,11,17.370551
52.905,39,17.386704
53.03,14,17.386704
53.04,12,17.386704
53.04,12,17.386704
53.035,13,17.40536
52.955,29,17.413528
53.03,14,17.417542
53.045,11,17.420884
53.05,10,17.421881
53.04,12,17.421881
53.025,15,17.421881
53.05,10,17.421881
53.045,11,17.437668
53.035,13,17.44201
53.04,12,17.444016
53.025,15,17.450034
53.045,11,17.45204
53.035,13,17.456921
53.03,14,17.460935
53.045,11,17.462941
53.04,12,17.466953
53.035,13,17.471071
53.035,13,17.475083
53.045,11,17.477089
53.02,16,17.481101
53.045,11,17.484854
53.04,12,17.488793
53.03,14,17.492806
53.01,18,17.496819
53.045,11,17.500967
53.04,12,17.593123
53.045,11,17.596509
53.05,10,17.598515
53.045,11,17.602528
53.03,14,17.60654
53.03,14,17.610295
53.035,13,17.610295
53.05,10,17.610295
53.05,10,17.610295
53.05,10,17.610295
53.05,10,17.626532
53.05,10,17.629996
53.05,10,17.632993
53.04,12,17.636001
53.045,11,17.638988
53.035,13,17.642432
53.035,13,17.646376
53.03,14,17.650441
53.025,15,17.654448
53.04,12,17.657161
52.93,34,17.657161
53.05,10,17.657161
53.045,11,17.673386
53.035,13,17.673386
53.02,16,17.673386
53.03,14,17.673386
53.04,12,17.673386
53.045,11,17.689529
53.045,11,17.689529
53.025,15,17.689529
53.03,14,17.689529
53.045,11,17.707
53.05,10,17.709871
53.03,14,17.709871
53.05,10,17.709871
53.04,12,17.709871
53.045,11,17.723807
53.035,13,17.727036
53.035,13,17.731028
53.05,10,17.734026
53.015,17,17.739031
53.02,16,17.744172
53.045,11,17.74716
53.04,12,17.750156
53.045,11,17.753159
53.05,10,17.756747
53.05,10,17.757629
53.05,10,17.757629
53.045,11,17.757629
53.05,10,17.757629
53.05,10,17.757629
53.03,14,17.775978
53.03,14,17.77997
53.045,11,17.782976
53.025,15,17.786985
53.04,12,17.790781
53.03,14,17.794915
53.03,14,17.798916
53.035,13,17.802907
53.005,19,17.807929
53.005,19,17.807929
53.05,10,17.807929
52.99,22,17.807929
53.03,14,17.824112
53.05,10,17.824112
53.01,18,17.824112
53.04,12,17.824112
53.045,11,17.840698
53.03,14,17.844948
53.02,16,17.849954
52.995,21,17.855564
53.03,14,17.859675
53.05,10,17.859675
53.02,16,17.859675
53.045,11,17.859675
53.025,15,17.859675
53.05,10,17.875464
53.035,13,17.875464
53.025,15,17.875464
53.045,11,17.976626
53.03,14,17.980639
53.045,11,17.982645
53.03,14,17.986658
53.045,11,17.990672
53.01,18,17.996691
53.04,12,18.000446
53.045,11,18.004459
53.05,10,18.006465
53.03,14,18.010478
53.005,19,18.018244
53.015,17,18.022256
53.04,12,18.026269
53.025,15,18.030281
53.015,17,18.036041
53.03,14,18.040052
53.045,11,18.044066
53.03,14,18.049172
53.05,10,18.052165
53.04,12,18.055765
53.03,14,18.058875
53.04,12,18.061879
53.045,11,18.064882
53.035,13,18.068877
53.05,10,18.071882
53.045,11,18.074875
53.04,12,18.077867
53.05,10,18.077867
53.05,10,18.077867
53.045,11,18.077867
53.05,10,18.077867
53.02,16,18.093666
53.05,10,18.097672
53.05,10,18.106151
53.045,11,18.109664
53.025,15,18.109664
53.045,11,18.109664
53.035,13,18.109664
53.02,16,18.125799
53.045,11,18.125799
53.045,11,18.130559
53.045,11,18.130559
53.04,12,18.130559
53.04,12,18.141438
53.035,13,18.141438
53.05,10,18.141438
53.035,13,18.141438
53.045,11,18.141438
53.04,12,18.158225
53.045,11,18.161244
53.045,11,18.164244
53.04,12,18.167228
53.045,11,18.171244
53.05,10,18.173464
53.03,14,18.17746
53.04,12,18.18146
53.04,12,18.18446
53.04,12,18.188256
53.035,13,18.190579
53.05,10,18.190579
53.045,11,18.190579
53.035,13,18.190579
53.05,10,18.190579
53.03,14,18.209516
53.04,12,18.212516
53.035,13,18.216516
53.035,13,18.220515
53.035,13,18.224958
53.04,12,18.228053
53.04,12,18.231051
53.05,10,18.233979
53.045,11,18.237056
53.05,10,18.239939
53.035,13,18.240968
53.045,11,18.240968
52.965,27,18.240968
53.05,10,18.256456
53.03,14,18.256456
53.05,10,18.256456
53.045,11,18.256456
53.035,13,18.256456
53.04,12,18.272415
53.05,10,18.272415
53.035,13,18.356664
53.05,10,18.356664
53.04,12,18.371182
53.045,11,18.371182
53.02,16,18.371182
53.025,15,18.371182
53.05,10,18.387089
53.01,18,18.39051
53.03,14,18.39051
53.025,15,18.39051
53.045,11,18.39051
53.035,13,18.406558
53.045,11,18.406558
53.045,11,18.406558
53.04,12,18.406558
53.035,13,18.406558
53.03,14,18.422349
53.04,12,18.422349
53.05,10,18.422349
53.04,12,18.422349
53.045,11,18.438255
53.04,12,18.438255
53.04,12,18.438255
52.905,39,18.454075
53.04,12,18.456758
53.04,12,18.456758
53.04,12,18.456758
53.045,11,18.469887
53.05,10,18.469887
53.04,12,18.469887
53.035,13,18.469887
53.03,14,18.469887
52.975,25,18.490999
53.04,12,18.494994
53.015,17,18.498992
53.04,12,18.499998
53.045,11,18.499998
53.05,10,18.499998
53.05,10,18.499998
53.04,12,18.499998
53.03,14,18.515951
53.04,12,18.515951
53.045,11,18.515951
53.04,12,18.515951
53.05,10,18.532076
53.045,11,18.532076
52.325,55,18.54784
53.045,11,18.54784
53.035,13,18.556979
53.045,11,18.556979
53.02,16,18.5636
53.0,20,18.5636
53.025,15,18.5636
53.045,11,18.579879
53.04,12,18.582985
53.01,18,18.588983
53.045,11,18.591978
53.035,13,18.595985
53.05,10,18.598991
53.045,11,18.602976
53.04,12,18.605982
53.045,11,18.608978
53.045,11,18.609983
53.05,10,18.609983
53.045,11,18.609983
53.05,10,18.609983
53.045,11,18.609983
53.045,11,18.626028
53.05,10,18.626028
53.045,11,18.626028
53.045,11,18.626028
53.035,13,18.626028
53.05,10,18.64223
53.045,11,18.64223
53.03,14,18.64223
53.05,10,18.64223
53.025,15,18.656984
53.045,11,18.745363
53.05,10,18.748358
53.03,14,18.752358
53.035,13,18.75536
53.035,13,18.75736
53.04,12,18.75736
53.05,10,18.75736
53.045,11,18.75736
53.045,11,18.75736
52.995,21,18.773104
53.045,11,18.773104
53.045,11,18.773104
53.045,11,18.773104
53.04,12,18.789242
53.05,10,18.789242
52.955,29,18.789242
53.04,12,18.805412
53.04,12,18.805412
53.03,14,18.805412
53.045,11,18.805412
53.05,10,18.805412
53.04,12,18.824812
53.01,18,18.829757
53.035,13,18.832766
53.045,11,18.83677
53.045,11,18.840059
53.04,12,18.844026
53.05,10,18.846007
53.03,14,18.851017
53.05,10,18.853015
51.615,77,18.87215
53.045,11,18.87215
53.035,13,18.87215
53.045,11,18.87215
53.05,10,18.888237
53.045,11,18.888237
53.045,11,18.888237
53.05,10,18.888237
53.05,10,18.888237
53.03,14,18.904451
53.05,10,18.904451
53.05,10,18.904451
53.045,11,18.904451
53.04,12,18.904451
53.03,14,18.920936
53.04,12,18.922084
53.05,10,18.922084
53.04,12,18.922084
53.05,10,18.922084
53.045,11,18.922084
53.045,11,18.938236
53.01,18,18.938236
53.025,15,18.938236
53.045,11,18.938236
53.045,11,18.954461
53.035,13,18.957962
53.05,10,18.957962
53.045,11,18.957962
53.045,11,18.957962
53.045,11,18.972759
53.02,16,18.976771
53.05,10,18.980783
53.05,10,18.982788
53.01,18,18.988744
53.04,12,18.992757
53.045,11,18.994763
52.89,42,19.002529
53.045,11,19.002529
53.05,10,19.002529
53.04,12,19.002529
53.045,11,19.020134
53.04,12,19.024255
53.05,10,19.026258
53.0,20,19.031251
53.035,13,19.031251
53.03,14,19.031251
53.04,12,19.129746
53.04,12,19.132745
53.025,15,19.136744
53.035,13,19.140746
53.04,12,19.144007
53.045,11,19.148006
53.04,12,19.151006
53.045,11,19.154005
53.035,13,19.157792
53.05,10,19.160822
53.045,11,19.16482
53.045,11,19.167821
53.045,11,19.17082
53.05,10,19.172824
53.045,11,19.172824
53.05,10,19.172824
53.01,18,19.172824
53.04,12,19.188872
53.05,10,19.191076
53.045,11,19.191076
53.045,11,19.191076
53.045,11,19.191076
53.05,10,19.191076
53.035,13,19.206884
52.995,21,19.21031
52.96,28,19.223058
53.05,10,19.227414
53.05,10,19.230411
53.035,13,19.233406
53.04,12,19.237413
53.045,11,19.24033
53.035,13,19.244539
53.025,15,19.248534
53.04,12,19.252532
53.05,10,19.254927
53.04,12,19.257938
53.05,10,19.257938
52.99,22,19.257938
53.045,11,19.257938
53.05,10,19.273812
53.05,10,19.273812
53.025,15,19.273812
53.05,10,19.273812
53.04,12,19.273812
53.035,13,19.289666
53.04,12,19.289666
53.05,10,19.289666
53.045,11,19.289666
53.035,13,19.289666
53.045,11,19.305645
53.05,10,19.305645
53.04,12,19.305645
53.04,12,19.305645
53.05,10,19.305645
53.045,11,19.321813
53.05,10,19.321813
53.045,11,19.321813
53.03,14,19.321813
52.905,39,19.337889
53.045,11,19.337889
53.035,13,19.337889
53.05,10,19.35482
53.05,10,19.358093
53.025,15,19.362209
53.025,15,19.366212
53.025,15,19.371221
53.04,12,19.373814
53.045,11,19.378066
53.035,13,19.382065
53.035,13,19.385066
53.04,12,19.389066
53.045,11,19.390634
53.005,19,19.390634
53.04,12,19.390634
53.02,16,19.390634
53.045,11,19.406404
53.05,10,19.406404
53.045,11,19.406404
53.04,12,19.406404
53.05,10,19.406404
53.04,12,19.422577
53.05,10,19.422577
53.05,10,19.517168
53.05,10,19.519175
52.95,30,19.5272
53.05,10,19.531213
53.005,19,19.536976
53.045,11,19.540989
53.04,12,19.545002
53.045,11,19.548756
53.05,10,19.550763
53.05,10,19.554776
51.98,64,19.574653
53.01,18,19.578659
53.04,12,19.578659
53.05,10,19.578659
53.035,13,19.578659
53.05,10,19.578659
53.05,10,19.59472
53.045,11,19.595905
53.04,12,19.595905
53.045,11,19.595905
53.045,11,19.595905
53.05,10,19.610595
53.045,11,19.610595
53.045,11,19.610595
53.045,11,19.610595
53.02,16,19.610595
53.05,10,19.626633
53.035,13,19.626633
53.045,11,19.626633
53.045,11,19.626633
53.045,11,19.626633
53.045,11,19.642632
53.045,11,19.642632
53.045,11,19.642632
53.05,10,19.642632
53.05,10,19.642632
53.03,14,19.658651
53.04,12,19.662248
52.935,33,19.672247
53.035,13,19.67545
53.03,14,19.679451
53.045,11,19.682446
53.03,14,19.686447
53.04,12,19.687448
53.04,12,19.687448
53.05,10,19.687448
52.91,38,19.706788
53.045,11,19.710095
53.04,12,19.712838
53.045,11,19.71685
53.04,12,19.720862
53.04,12,19.724887
53.05,10,19.727776
53.045,11,19.730791
53.04,12,19.73379
53.045,11,19.73679
53.05,10,19.740457
53.05,10,19.742798
53.045,11,19.745836
53.045,11,19.748836
53.045,11,19.751837
53.05,10,19.754836
53.05,10,19.757093
53.05,10,19.760291
53.045,11,19.764445
53.045,11,19.767376
52.915,37,19.774418
53.01,18,19.774418
53.04,12,19.774418
53.05,10,19.774418
53.05,10,19.790344
53.035,13,19.790344
53.045,11,19.790344
53.05,10,19.790344
53.04,12,19.790344
53.045,11,19.806469
53.045,11,19.897202
53.05,10,19.900203
53.04,12,19.904202
53.045,11,19.907203
53.03,14,19.907203
53.05,10,19.907203
53.05,10,19.907203
53.02,16,19.907203
53.04,12,19.923379
53.045,11,19.926009
53.045,11,19.926009
53.05,10,19.926009
53.035,13,19.926009
52.945,31,19.939432
53.045,11,19.939432
53.04,12,19.939432
53.05,10,19.95565
53.05,10,19.958658
53.045,11,19.958658
53.015,17,19.958658
53.02,16,19.958658
53.045,11,19.971837
53.04,12,19.971837
53.05,10,19.971837
53.05,10,19.971837
53.04,12,19.971837
53.05,10,19.990111
53.05,10,19.993122
53.045,11,19.996125
53.05,10,19.999129
53.045,11,20.002317
53.04,12,20.005318
53.05,10,20.008318
53.05,10,20.011312
53.04,12,20.015318
53.05,10,20.015318
52.975,25,20.015318
53.05,10,20.015318
53.04,12,20.031126
53.05,10,20.035134
53.01,18,20.03888
53.05,10,20.03888
53.03,14,20.047169
53.045,11,20.047169
53.045,11,20.047169
53.045,11,20.047169
53.05,10,20.059006
53.045,11,20.059006
53.05,10,20.063138
53.05,10,20.063138
53.05,10,20.063138
53.045,11,20.063138
53.045,11,20.063138
53.05,10,20.078879
53.035,13,20.078879
53.05,10,20.078879
53.05,10,20.078879
53.04,12,20.078879
53.03,14,20.094705
53.05,10,20.094705
53.025,15,20.094705
52.935,33,20.114331
53.05,10,20.117331
53.045,11,20.120335
53.05,10,20.123335
53.025,15,20.127354
53.045,11,20.130354
53.05,10,20.133353
53.045,11,20.13647
53.05,10,20.139468
53.05,10,20.142463
53.035,13,20.146363
53.05,10,20.149476
53.04,12,20.15247
53.03,14,20.156472
53.04,12,20.160268
53.04,12,20.163265
53.045,11,20.167274
53.05,10,20.170281
53.05,10,20.172275
53.05,10,20.172275
53.035,13,20.172275
53.05,10,20.172275
53.05,10,20.172275
53.045,11,20.188304
53.04,12,20.191613
53.045,11,20.272084
53.05,10,20.272084
53.04,12,20.288021
53.04,12,20.288021
53.05,10,20.288021
53.035,13,20.288021
53.045,11,20.288021
53.05,10,20.303989
52.975,25,20.303989
53.045,11,20.303989
53.045,11,20.303989
53.04,12,20.319769
53.04,12,20.319769
53.045,11,20.319769
53.045,11,20.319769
53.045,11,20.33602
53.05,10,20.338129
53.045,11,20.342138
53.045,11,20.344123
52.915,37,20.344123
53.05,10,20.344123
53.05,10,20.359577
53.045,11,20.359577
53.045,11,20.359577
53.045,11,20.359577
53.05,10,20.359577
53.045,11,20.375692
53.04,12,20.375692
53.05,10,20.375692
53.005,19,20.375692
53.05,10,20.391883
53.05,10,20.391883
53.02,16,20.391883
52.8,60,20.408836
53.045,11,20.408836
53.05,10,20.423825
53.05,10,20.427031
53.045,11,20.430035
53.02,16,20.43503
53.02,16,20.43998
53.05,10,20.443033
53.01,18,20.448138
53.05,10,20.451176
53.05,10,20.454144
53.05,10,20.457037
53.05,10,20.45962
53.045,11,20.463634
53.045,11,20.46564
53.045,11,20.469653
53.05,10,20.473075
53.05,10,20.473075
53.05,10,20.473075
53.05,10,20.473075
53.04,12,20.473075
53.045,11,20.473075
53.04,12,20.48899
53.045,11,20.495344
53.05,10,20.497349
53.045,11,20.501361
53.045,11,20.505115
53.04,12,20.505115
53.05,10,20.505115
53.04,12,20.505115
53.02,16,20.505115
53.045,11,20.521045
53.045,11,20.521045
53.045,11,20.521045
53.05,10,20.521045
53.045,11,20.521045
53.045,11,20.537169
53.05,10,20.540396
53.045,11,20.543411
53.05,10,20.546524
53.045,11,20.549674
53.05,10,20.551671
53.035,13,20.555666
53.04,12,20.559674
53.05,10,20.562425
53.05,10,20.563418
53.045,11,20.563418
53.05,10,20.563418
53.03,14,20.563418
53.05,10,20.563418
53.04,12,20.667214
53.045,11,20.670213
53.04,12,20.672213
53.05,10,20.672213
53.05,10,20.672213
53.04,12,20.672213
53.04,12,20.672213
53.04,12,20.689091
53.04,12,20.691431
53.045,11,20.691431
53.045,11,20.691431
53.045,11,20.691431
53.05,10,20.691431
53.045,11,20.7093
53.04,12,20.712308
53.045,11,20.716295
53.04,12,20.719313
53.05,10,20.722307
53.05,10,20.725432
52.95,30,20.734439
53.045,11,20.737433
53.045,11,20.740315
53.05,10,20.740315
53.045,11,20.740315
53.05,10,20.740315
52.685,83,20.773225
53.045,11,20.776339
53.05,10,20.779333
53.05,10,20.781332
53.035,13,20.781332
53.05,10,20.781332
53.05,10,20.781332
53.045,11,20.781332
53.05,10,20.797106
53.05,10,20.797106
53.035,13,20.797106
53.045,11,20.797106
53.045,11,20.797106
53.05,10,20.813092
53.05,10,20.813092
53.05,10,20.813092
53.035,13,20.813092
53.05,10,20.813092
53.035,13,20.830659
53.05,10,20.839232
53.045,11,20.845037
53.05,10,20.845037
53.045,11,20.845037
53.04,12,20.845037
53.045,11,20.845037
53.045,11,20.85977
53.04,12,20.864208
53.025,15,20.868327
53.05,10,20.871307
53.05,10,20.874326
53.05,10,20.876327
53.03,14,20.88131
53.05,10,20.884313
53.05,10,20.886319
53.045,11,20.890327
53.035,13,20.890327
53.05,10,20.890327
53.05,10,20.890327
53.04,12,20.890327
53.04,12,20.906099
53.045,11,20.910109
53.05,10,20.912112
53.045,11,20.915857
53.035,13,20.915857
53.045,11,20.922069
53.045,11,20.922069
53.045,11,20.922069
53.045,11,20.922069
53.045,11,20.922069
53.04,12,20.940356
53.025,15,20.944478
53.05,10,20.947599
52.885,43,20.960043
53.045,11,20.962768
53.04,12,20.966772
53.045,11,20.969776
53.05,10,21.04759
53.045,11,21.059946
53.045,11,21.061953
53.05,10,21.065607
53.05,10,21.067614
53.035,13,21.071628
53.05,10,21.07564
53.05,10,21.079395
53.05,10,21.081401
53.05,10,21.085414
53.05,10,21.089427
53.05,10,21.091434
53.045,11,21.096537
53.035,13,21.099536
53.04,12,21.103533
53.05,10,21.105528
53.02,16,21.109538
53.045,11,21.109538
53.05,10,21.109538
53.04,12,21.109538
53.045,11,21.109538
53.005,19,21.127539
53.05,10,21.131546
53.05,10,21.131546
53.045,11,21.131546
53.05,10,21.131546
53.04,12,21.14162
53.05,10,21.14162
53.035,13,21.14162
53.045,11,21.14162
53.045,11,21.14162
53.05,10,21.159074
53.045,11,21.162582
53.04,12,21.165698
53.05,10,21.168689
53.05,10,21.171694
52.92,36,21.182052
53.04,12,21.185054
53.045,11,21.188052
53.045,11,21.19194
53.05,10,21.194064
53.045,11,21.198053
53.05,10,21.201049
53.05,10,21.203052
53.04,12,21.207395
53.05,10,21.210495
53.035,13,21.213505
53.05,10,21.216518
53.045,11,21.219507
53.05,10,21.2225
53.035,13,21.2263
53.045,11,21.229305
53.05,10,21.232299
53.045,11,21.236301
53.05,10,21.238291
53.045,11,21.24129
53.045,11,21.24129
53.05,10,21.24129
53.05,10,21.24129
53.045,11,21.24129
53.05,10,21.256953
53.05,10,21.260625
53.04,12,21.260625
53.05,10,21.260625
53.045,11,21.260625
53.045,11,21.272784
53.045,11,21.272784
53.05,10,21.272784
53.045,11,21.272784
53.045,11,21.272784
53.05,10,21.288982
53.03,14,21.299151
53.05,10,21.301157
53.05,10,21.303164
53.05,10,21.306996
53.04,12,21.311008
53.045,11,21.313015
53.04,12,21.317026
53.03,14,21.32078
53.05,10,21.32078
53.04,12,21.32078
53.045,11,21.32078
53.05,10,21.32078
53.05,10,21.33658
53.05,10,21.340442
53.04,12,21.342445
53.035,13,21.344187
53.04,12,21.344187
53.05,10,21.352604
53.025,15,21.358675
53.05,10,21.437612
53.05,10,21.450931
53.045,11,21.452939
53.04,12,21.456954
53.045,11,21.46097
53.04,12,21.464984
53.05,10,21.469797
53.045,11,21.474294
53.045,11,21.476652
53.045,11,21.480114
53.045,11,21.483252
53.05,10,21.486259
53.05,10,21.489259
53.04,12,21.492826
53.05,10,21.494825
53.05,10,21.497826
53.05,10,21.500826
53.045,11,21.503826
53.04,12,21.506829
53.05,10,21.507827
53.05,10,21.507827
53.05,10,21.507827
53.05,10,21.507827
53.05,10,21.507827
53.045,11,21.523626
53.04,12,21.523626
53.04,12,21.523626
53.045,11,21.523626
53.05,10,21.523626
53.045,11,21.539861
53.05,10,21.543869
53.045,11,21.545612
53.045,11,21.547615
53.05,10,21.547615
53.045,11,21.55585
53.05,10,21.55585
53.05,10,21.561095
53.045,11,21.561095
53.05,10,21.561095
53.05,10,21.561095
53.05,10,21.571719
53.05,10,21.571719
53.04,12,21.571719
53.05,10,21.571719
53.045,11,21.571719
53.045,11,21.587847
53.05,10,21.587847
53.04,12,21.587847
53.045,11,21.587847
53.045,11,21.587847
53.025,15,21.606094
53.05,10,21.606094
53.035,13,21.606094
53.05,10,21.606094
53.045,11,21.606094
53.05,10,21.620244
53.05,10,21.620244
53.05,10,21.620244
53.05,10,21.620244
53.04,12,21.620244
53.04,12,21.63669
53.05,10,21.639827
53.045,11,21.642812
53.05,10,21.645812
53.05,10,21.648922
53.035,13,21.65293
53.045,11,21.655934
53.045,11,21.659115
53.045,11,21.66173
53.05,10,21.664839
53.05,10,21.667845
53.05,10,21.670845
53.05,10,21.672844
53.05,10,21.672844
53.05,10,21.672844
53.05,10,21.672844
53.05,10,21.672844
53.05,10,21.672844
53.05,10,21.691118
53.05,10,21.694113
53.05,10,21.697124
53.045,11,21.700117
53.045,11,21.703115
53.04,12,21.707118
53.04,12,21.711091
53.045,11,21.713094
53.05,10,21.716576
53.045,11,21.718316
53.05,10,21.723883
53.04,12,21.727996
53.05,10,21.731002
53.045,11,21.734019
53.045,11,21.736996
53.04,12,21.740708
53.045,11,21.74377
53.05,10,21.746776
53.05,10,21.830881
53.05,10,21.832887
53.04,12,21.836901
53.05,10,21.840416
53.035,13,21.844432
53.05,10,21.848446
53.05,10,21.85246
53.045,11,21.856217
53.05,10,21.858224
53.05,10,21.861237
53.015,17,21.867256
53.045,11,21.871269
53.05,10,21.874249
53.05,10,21.878262
53.05,10,21.880268
53.05,10,21.884282
53.045,11,21.888036
53.04,12,21.89205
53.045,11,21.894056
53.05,10,21.898074
53.045,11,21.902087
53.05,10,21.903835
53.05,10,21.903835
53.04,12,21.903835
53.05,10,21.903835
53.05,10,21.919925
53.05,10,21.919925
53.045,11,21.919925
53.05,10,21.919925
53.045,11,21.919925
53.05,10,21.919925
53.05,10,21.935939
53.045,11,21.935939
53.05,10,21.935939
53.05,10,21.935939
53.045,11,21.935939
53.05,10,21.935939
53.045,11,21.951733
53.035,13,21.951733
53.04,12,21.951733
53.045,11,21.961637
53.05,10,21.961637
53.045,11,21.969896
53.05,10,21.971901
53.05,10,21.973905
53.045,11,21.978553
53.05,10,21.981683
53.05,10,21.985482
53.05,10,21.988913
53.05,10,21.988913
53.035,13,21.988913
53.05,10,21.988913
53.045,11,22.000932
53.045,11,22.000932
53.05,10,22.007162
53.05,10,22.010331
53.045,11,22.013333
53.045,11,22.016333
53.045,11,22.021714
53.05,10,22.026032
53.05,10,22.029032
53.05,10,22.032033
53.05,10,22.035033
53.03,14,22.039033
53.05,10,22.042033
53.05,10,22.045033
53.04,12,22.048334
53.045,11,22.051333
53.04,12,22.055333
53.02,16,22.059333
53.04,12,22.062845
53.05,10,22.062845
53.05,10,22.062845
53.05,10,22.062845
53.05,10,22.062845
53.05,10,22.062845
53.05,10,22.080778
53.05,10,22.082785
53.045,11,22.086797
53.05,10,22.088808
53.04,12,22.092819
53.045,11,22.096573
53.05,10,22.098579
53.04,12,22.102591
53.045,11,22.104597
53.05,10,22.106603
53.045,11,22.110356
53.045,11,22.114369
53.05,10,22.116374
53.05,10,22.118381
53.05,10,22.122393
53.05,10,22.124399
53.04,12,22.126146
53.05,10,22.126146
53.05,10,22.126146
53.05,10,22.226818
53.05,10,22.229818
53.05,10,22.232818
53.04,12,22.237819
53.04,12,22.240823
53.045,11,22.240823
53.035,13,22.240823
53.04,12,22.240823
53.05,10,22.240823
53.04,12,22.256982
53.045,11,22.261993
53.05,10,22.261993
53.05,10,22.261993
53.045,11,22.261993
53.05,10,22.273147
53.045,11,22.273147
53.05,10,22.273147
53.05,10,22.273147
53.05,10,22.273147
53.035,13,22.273147
53.05,10,22.289094
53.05,10,22.289094
53.05,10,22.289094
53.05,10,22.289094
53.05,10,22.289094
53.05,10,22.30602
53.05,10,22.308029
53.05,10,22.312043
53.04,12,22.316055
53.05,10,22.318066
53.05,10,22.320072
53.045,11,22.325879
53.045,11,22.325879
53.05,10,22.325879
53.045,11,22.325879
52.59,102,22.362125
53.045,11,22.366139
53.05,10,22.369894
53.05,10,22.371901
53.035,13,22.375915
53.05,10,22.379929
53.05,10,22.381936
53.05,10,22.386116
53.045,11,22.389002
53.05,10,22.391096
53.05,10,22.394401
52.925,35,22.400427
53.05,10,22.406933
53.045,11,22.406933
53.045,11,22.406933
53.05,10,22.406933
53.035,13,22.406933
53.04,12,22.422693
53.05,10,22.422693
53.045,11,22.422693
53.05,10,22.422693
53.045,11,22.422693
53.05,10,22.422693
53.045,11,22.438805
53.05,10,22.438805
53.045,11,22.438805
53.045,11,22.438805
53.05,10,22.438805
53.045,11,22.454928
53.045,11,22.457569
53.045,11,22.459579
53.045,11,22.4641
53.05,10,22.466107
53.05,10,22.468114
53.05,10,22.470123
53.045,11,22.470123
53.025,15,22.470123
53.05,10,22.470123
53.05,10,22.470123
53.05,10,22.488811
53.05,10,22.49081
53.045,11,22.493807
53.04,12,22.497812
53.05,10,22.499817
53.04,12,22.503423
53.045,11,22.503423
53.04,12,22.503423
53.05,10,22.503423
53.05,10,22.515723
53.045,11,22.515723
53.05,10,22.606122
53.045,11,22.606122
53.045,11,22.606122
53.045,11,22.622151
53.05,10,22.622151
53.04,12,22.622151
53.05,10,22.622151
53.05,10,22.622151
53.045,11,22.637945
53.05,10,22.637945
53.05,10,22.637945
53.035,13,22.637945
53.04,12,22.653911
53.045,11,22.653911
53.045,11,22.653911
53.05,10,22.662416
53.05,10,22.662416
53.04,12,22.670043
53.04,12,22.670043
53.045,11,22.670043
53.05,10,22.670043
53.04,12,22.686249
53.05,10,22.68942
53.045,11,22.69353
53.045,11,22.696521
52.925,35,22.707423
53.045,11,22.711524
52.92,36,22.722526
53.04,12,22.724536
53.04,12,22.724536
53.05,10,22.724536
53.04,12,22.724536
53.045,11,22.740436
53.045,11,22.740436
53.05,10,22.740436
53.05,10,22.740436
53.05,10,22.740436
53.04,12,22.756288
53.035,13,22.756288
53.05,10,22.762788
53.05,10,22.762788
53.04,12,22.762788
53.05,10,22.762788
52.95,30,22.77243
53.045,11,22.77243
53.045,11,22.77243
53.045,11,22.789029
53.05,10,22.792142
53.05,10,22.794142
53.05,10,22.797144
53.045,11,22.800143
53.045,11,22.803147
53.045,11,22.806142
53.04,12,22.810138
53.05,10,22.812454
53.05,10,22.815563
53.05,10,22.817561
53.05,10,22.820505
53.05,10,22.823559
53.05,10,22.826557
53.05,10,22.828557
53.05,10,22.828557
53.05,10,22.828557
52.97,26,22.828557
53.05,10,22.844512
53.05,10,22.844512
53.05,10,22.844512
53.05,10,22.844512
53.05,10,22.844512
53.045,11,22.860274
53.045,11,22.862946
53.045,11,22.862946
53.05,10,22.862946
53.035,13,22.862946
53.05,10,22.862946
53.05,10,22.876117
53.05,10,22.876117
53.045,11,22.876117
53.045,11,22.876117
53.05,10,22.876117
53.05,10,22.89228
53.05,10,22.89228
52.85,50,22.909657
53.045,11,22.912669
53.045,11,23.000915
53.05,10,23.009779
53.05,10,23.011785
53.05,10,23.015799
53.04,12,23.018812
53.04,12,23.022827
53.05,10,23.02684
53.04,12,23.030853
53.05,10,23.03503
53.05,10,23.03802
53.05,10,23.040994
53.05,10,23.044006
53.05,10,23.045994
53.04,12,23.046994
53.045,11,23.046994
53.025,15,23.046994
53.045,11,23.046994
53.04,12,23.062974
53.04,12,23.064894
53.05,10,23.064894
53.045,11,23.064894
53.05,10,23.076
53.05,10,23.078
53.035,13,23.081999
53.04,12,23.086
53.045,11,23.089003
53.04,12,23.091997
53.05,10,23.095013
53.05,10,23.097998
53.05,10,23.101015
53.05,10,23.103997
53.05,10,23.10601
53.045,11,23.10801
53.045,11,23.10801
53.045,11,23.10801
53.045,11,23.10801
53.05,10,23.10801
53.05,10,23.123673
53.04,12,23.123673
53.045,11,23.123673
53.045,11,23.135293
53.05,10,23.137299
53.05,10,23.139305
53.045,11,23.14514
53.05,10,23.147146
53.05,10,23.151163
53.05,10,23.153169
53.05,10,23.157578
53.045,11,23.160552
53.05,10,23.163151
53.045,11,23.167265
52.99,22,23.173264
53.045,11,23.176272
53.05,10,23.178264
53.045,11,23.181263
53.05,10,23.184269
53.05,10,23.187573
53.05,10,23.190804
53.03,14,23.194937
53.05,10,23.19791
53.05,10,23.200917
53.05,10,23.203918
53.05,10,23.206816
53.05,10,23.209908
53.05,10,23.211922
53.05,10,23.214911
53.045,11,23.217916
53.05,10,23.220913
53.045,11,23.224341
53.05,10,23.226457
53.04,12,23.230457
53.05,10,23.232462
53.05,10,23.235448
53.05,10,23.238462
53.05,10,23.241449
53.045,11,23.244457
53.045,11,23.247448
53.05,10,23.249581
53.045,11,23.253052
53.05,10,23.256036
53.05,10,23.259038
53.05,10,23.262043
53.045,11,23.264772
53.04,12,23.265769
53.045,11,23.265769
53.0,20,23.265769
53.035,13,23.265769
53.05,10,23.281543
53.045,11,23.281543
53.05,10,23.281543
53.045,11,23.281543
53.045,11,23.297279
53.05,10,23.297279
53.04,12,23.297279
53.05,10,23.402111
53.03,14,23.406546
53.05,10,23.406546
53.04,12,23.406546
53.045,11,23.406546
53.05,10,23.406546
53.05,10,23.422304
53.045,11,23.422304
53.045,11,23.422304
53.045,11,23.422304
53.05,10,23.422304
53.045,11,23.438135
53.05,10,23.438135
53.05,10,23.438135
53.04,12,23.438135
53.05,10,23.454302
53.05,10,23.456312
53.045,11,23.456312
53.045,11,23.463929
53.045,11,23.463929
53.05,10,23.470375
53.045,11,23.474473
53.05,10,23.477423
53.045,11,23.481392
53.05,10,23.484489
53.045,11,23.484489
53.05,10,23.484489
53.045,11,23.484489
53.045,11,23.484489
53.05,10,23.50044
53.05,10,23.50044
53.05,10,23.50044
53.05,10,23.50044
53.045,11,23.50044
53.05,10,23.516303
53.05,10,23.519222
53.045,11,23.521973
53.05,10,23.521973
53.05,10,23.530158
53.05,10,23.532165
53.05,10,23.536292
53.05,10,23.536292
53.045,11,23.536292
53.05,10,23.536292
53.035,13,23.548034
53.04,12,23.548034
53.04,12,23.548034
53.05,10,23.548034
53.05,10,23.564
53.05,10,23.567396
53.05,10,23.570399
53.045,11,23.573395
53.05,10,23.577388
53.05,10,23.580282
53.05,10,23.584282
53.05,10,23.587291
53.05,10,23.590285
53.045,11,23.593292
53.045,11,23.597292
53.05,10,23.601291
53.05,10,23.604308
53.05,10,23.60722
53.05,10,23.611303
53.05,10,23.614302
53.05,10,23.617302
53.04,12,23.621302
53.05,10,23.624287
53.035,13,23.624287
53.045,11,23.624287
53.045,11,23.624287
53.05,10,23.624287
53.05,10,23.642151
53.045,11,23.642151
53.045,11,23.642151
53.05,10,23.642151
53.05,10,23.656097
53.04,12,23.656097
53.045,11,23.656097
53.05,10,23.664417
53.05,10,23.664417
53.045,11,23.672062
53.045,11,23.672062
53.05,10,23.672062
53.035,13,23.672062
53.045,11,23.68938
53.045,11,23.693387
53.05,10,23.695389
53.045,11,23.699388
53.05,10,23.701376
53.04,12,23.704705
53.05,10,23.707701
53.04,12,23.711709
53.05,10,23.713712
53.045,11,23.716698
53.045,11,23.720711
53.05,10,23.722699
53.05,10,23.805178
53.05,10,23.805178
53.05,10,23.805178
53.05,10,23.805178
53.05,10,23.824979
53.05,10,23.826986
52.965,27,23.83501
53.05,10,23.837016
53.05,10,23.841027
53.05,10,23.843033
53.05,10,23.847045
53.035,13,23.849051
53.04,12,23.852805
53.045,11,23.856818
53.045,11,23.858824
53.05,10,23.862836
53.05,10,23.864842
53.045,11,23.868596
53.035,13,23.872608
53.045,11,23.874614
53.045,11,23.878627
53.05,10,23.880633
53.04,12,23.88439
53.05,10,23.886397
53.05,10,23.890409
53.045,11,23.892416
53.05,10,23.896428
53.05,10,23.898434
53.05,10,23.902527
53.035,13,23.906527
53.05,10,23.906527
53.045,11,23.906527
53.045,11,23.906527
53.05,10,23.906527
53.04,12,23.92449
53.05,10,23.928503
53.045,11,23.930509
53.04,12,23.934521
53.045,11,23.936527
53.045,11,23.940358
53.05,10,23.942368
53.05,10,23.94638
53.05,10,23.948386
53.05,10,23.952398
53.05,10,23.954146
53.05,10,23.958158
53.05,10,23.960164
53.04,12,23.964176
53.05,10,23.965182
53.05,10,23.969194
53.045,11,23.97222
53.05,10,23.976233
53.04,12,23.978243
53.045,11,23.982255
53.05,10,23.984262
53.05,10,23.986009
53.05,10,23.986009
53.05,10,23.986009
53.045,11,23.986009
53.02,16,24.006076
53.045,11,24.009075
53.04,12,24.01209
53.05,10,24.015091
53.05,10,24.015091
53.05,10,24.015091
53.05,10,24.015091
53.05,10,24.015091
53.035,13,24.015091
53.05,10,24.032821
53.05,10,24.036833
53.05,10,24.038839
53.05,10,24.040845
53.05,10,24.044856
53.045,11,24.04861
53.05,10,24.050616
53.045,11,24.054628
53.045,11,24.056635
53.05,10,24.058641
53.05,10,24.062395
53.05,10,24.065407
53.05,10,24.067413
53.05,10,24.071424
53.05,10,24.073431
53.05,10,24.077443
53.05,10,24.078449
53.04,12,24.078449
53.05,10,24.078449
53.05,10,24.078449
53.045,11,24.096606
53.025,15,24.100618
53.05,10,24.10463
53.05,10,24.106636
53.05,10,24.110723
53.045,11,24.115825
53.05,10,24.118825
53.04,12,24.209854
53.05,10,24.212832
53.05,10,24.215832
53.045,11,24.218832
53.05,10,24.221964
53.04,12,24.225964
53.045,11,24.228963
53.05,10,24.231964
53.045,11,24.234949
53.05,10,24.238057
53.05,10,24.241923
53.05,10,24.244925
53.05,10,24.247921
53.05,10,24.25102
53.05,10,24.25392
53.045,11,24.25792
53.05,10,24.25792
53.05,10,24.25792
53.045,11,24.265986
53.04,12,24.265986
53.05,10,24.274139
53.05,10,24.274139
53.05,10,24.274139
53.05,10,24.274139
53.045,11,24.274139
53.05,10,24.290361
53.05,10,24.290361
53.05,10,24.290361
53.04,12,24.290361
53.04,12,24.290361
53.05,10,24.306439
53.045,11,24.306439
53.045,11,24.306439
53.05,10,24.306439
53.045,11,24.306439
53.04,12,24.324144
53.05,10,24.326155
53.05,10,24.326155
53.05,10,24.326155
53.05,10,24.326155
53.05,10,24.338111
53.045,11,24.340119
53.05,10,24.344131
53.045,11,24.346137
53.05,10,24.350149
53.045,11,24.352155
53.05,10,24.355909
53.045,11,24.357915
53.05,10,24.361928
53.045,11,24.363935
53.045,11,24.367947
53.045,11,24.369694
53.05,10,24.369694
53.05,10,24.369694
53.05,10,24.369694
53.05,10,24.369694
53.05,10,24.385685
1.52,108,24.417273
53.05,10,24.41928
53.045,11,24.423294
53.05,10,24.4253
53.05,10,24.42931
53.05,10,24.431317
53.045,11,24.435479
53.04,12,24.438778
53.05,10,24.441777
53.04,12,24.445777
53.045,11,24.448777
53.05,10,24.451783
53.045,11,24.452783
53.045,11,24.452783
53.05,10,24.452783
53.05,10,24.452783
53.045,11,24.466063
53.05,10,24.468435
53.04,12,24.468435
53.05,10,24.468435
53.045,11,24.468435
53.05,10,24.468435
53.05,10,24.484635
53.045,11,24.484635
53.05,10,24.484635
53.05,10,24.484635
53.05,10,24.484635
53.05,10,24.484635
53.05,10,24.500407
53.05,10,24.500407
53.05,10,24.500407
53.05,10,24.500407
53.05,10,24.59766
53.045,11,24.601674
53.05,10,24.60368
53.045,11,24.607694
53.05,10,24.611708
53.045,11,24.615722
53.05,10,24.617728
52.995,21,24.623747
53.05,10,24.627533
53.05,10,24.631546
53.01,18,24.63556
53.05,10,24.639572
53.05,10,24.64303
53.05,10,24.64303
53.05,10,24.64303
53.05,10,24.64303
53.05,10,24.64303
53.05,10,24.659122
53.05,10,24.662232
53.05,10,24.665227
53.05,10,24.668441
52.82,56,24.684324
53.05,10,24.687324
53.045,11,24.690324
53.05,10,24.694324
53.05,10,24.697324
53.05,10,24.699323
53.045,11,24.703323
53.05,10,24.705728
53.05,10,24.70862
53.05,10,24.71162
53.05,10,24.71462
53.05,10,24.71762
53.05,10,24.72062
53.05,10,24.7236
53.05,10,24.726731
53.05,10,24.729738
53.045,11,24.732738
53.05,10,24.734745
53.05,10,24.738628
53.045,11,24.740629
53.045,11,24.740629
53.04,12,24.740629
53.05,10,24.740629
53.045,11,24.740629
53.05,10,24.740629
53.05,10,24.756753
53.04,12,24.762632
53.04,12,24.766144
53.05,10,24.76815
53.05,10,24.772162
53.05,10,24.774168
53.045,11,24.77818
53.05,10,24.780187
53.05,10,24.782193
53.05,10,24.786205
53.045,11,24.789959
53.05,10,24.791965
53.045,11,24.793971
53.05,10,24.797983
53.05,10,24.799989
53.045,11,24.803743
53.04,12,24.805749
53.05,10,24.809762
53.045,11,24.811767
53.045,11,24.815779
53.05,10,24.817785
53.045,11,24.821539
53.05,10,24.823545
53.045,11,24.827558
53.05,10,24.829564
53.05,10,24.833576
53.05,10,24.835323
53.05,10,24.839336
53.045,11,24.841343
53.05,10,24.845355
53.045,11,24.847361
53.045,11,24.851115
53.05,10,24.853122
53.045,11,24.857135
53.045,11,24.859142
53.045,11,24.863154
53.04,12,24.867172
53.05,10,24.869179
53.05,10,24.873191
53.04,12,24.875197
53.04,12,24.87921
53.05,10,24.882964
53.05,10,24.886141
53.05,10,24.889141
53.05,10,24.894487
53.05,10,24.897954
53.05,10,24.969162
53.05,10,24.98504
53.04,12,24.989243
53.05,10,24.992242
53.045,11,24.995242
53.04,12,24.999242
53.05,10,25.000242
53.05,10,25.000242
53.05,10,25.000242
53.045,11,25.000242
53.05,10,25.000242
53.05,10,25.016143
53.05,10,25.021776
53.05,10,25.021776
53.035,13,25.021776
53.05,10,25.032037
53.05,10,25.035858
53.05,10,25.037864
53.05,10,25.041878
53.05,10,25.043884
53.05,10,25.047896
53.05,10,25.049902
53.05,10,25.051908
53.05,10,25.055921
53.05,10,25.057927
53.05,10,25.059933
53.04,12,25.063686
53.05,10,25.066197
52.755,69,25.07974
53.04,12,25.07974
53.05,10,25.07974
53.045,11,25.096837
53.04,12,25.099837
53.05,10,25.102837
53.05,10,25.105837
53.045,11,25.108836
53.05,10,25.108836
53.05,10,25.108836
53.05,10,25.108836
53.045,11,25.108836
53.04,12,25.108836
53.05,10,25.12498
53.05,10,25.12498
53.05,10,25.12498
53.045,11,25.12498
53.05,10,25.12498
53.05,10,25.141114
53.05,10,25.145298
53.05,10,25.147304
53.05,10,25.14931
53.05,10,25.153322
53.05,10,25.155328
53.05,10,25.159082
53.05,10,25.161088
53.05,10,25.163094
53.05,10,25.166106
53.04,12,25.170119
52.61,98,25.199359
53.05,10,25.202363
53.05,10,25.20565
53.05,10,25.208648
53.05,10,25.211643
53.05,10,25.213656
53.05,10,25.216641
53.05,10,25.21965
53.05,10,25.222581
53.045,11,25.226075
53.05,10,25.229066
53.05,10,25.232073
53.05,10,25.235071
53.05,10,25.237962
53.05,10,25.240961
53.045,11,25.240961
53.05,10,25.240961
53.05,10,25.240961
53.05,10,25.240961
53.05,10,25.240961
53.05,10,25.256788
53.05,10,25.256788
53.05,10,25.256788
53.05,10,25.266446
53.05,10,25.266446
53.04,12,25.272537
53.05,10,25.272537
53.05,10,25.272537
53.045,11,25.367419
53.05,10,25.367419
53.05,10,25.367419
53.05,10,25.367419
53.05,10,25.383357
53.05,10,25.383357
53.05,10,25.383357
53.05,10,25.383357
53.05,10,25.383357
53.05,10,25.383357
53.045,11,25.399517
53.05,10,25.399517
53.05,10,25.399517
53.05,10,25.399517
53.05,10,25.399517
53.05,10,25.415418
53.04,12,25.415418
53.05,10,25.415418
53.05,10,25.415418
53.05,10,25.431209
53.015,17,25.431209
53.045,11,25.431209
53.045,11,25.431209
53.05,10,25.431209
53.05,10,25.449614
53.05,10,25.453636
53.05,10,25.457647
53.04,12,25.461661
53.045,11,25.463408
53.05,10,25.466798
53.045,11,25.466798
53.05,10,25.466798
53.05,10,25.466798
53.045,11,25.47943
53.05,10,25.47943
53.05,10,25.47943
53.05,10,25.47943
53.045,11,25.47943
53.05,10,25.496322
53.01,18,25.500345
53.05,10,25.504363
53.045,11,25.506372
53.05,10,25.510389
53.05,10,25.513406
53.05,10,25.517423
53.05,10,25.519432
53.05,10,25.52345
53.04,12,25.527518
53.045,11,25.530663
53.05,10,25.531657
53.04,12,25.531657
53.05,10,25.531657
53.05,10,25.531657
53.05,10,25.531657
53.05,10,25.549993
53.05,10,25.551999
53.05,10,25.551999
53.05,10,25.551999
53.05,10,25.551999
53.05,10,25.551999
53.05,10,25.567128
53.05,10,25.572992
53.05,10,25.577007
53.05,10,25.579013
53.05,10,25.582767
53.05,10,25.584774
53.05,10,25.588786
53.05,10,25.590792
53.045,11,25.594805
53.045,11,25.596811
53.04,12,25.600565
53.05,10,25.602571
53.05,10,25.606584
53.05,10,25.60859
53.05,10,25.612604
53.05,10,25.614351
53.05,10,25.616358
53.05,10,25.621144
53.045,11,25.623151
53.05,10,25.627163
53.05,10,25.630175
53.045,11,25.633574
53.05,10,25.636575
53.05,10,25.639575
53.05,10,25.640575
53.045,11,25.640575
53.05,10,25.640575
53.05,10,25.640575
53.05,10,25.640575
53.05,10,25.656605
53.05,10,25.656605
53.045,11,25.656605
53.045,11,25.656605
53.05,10,25.667399
53.05,10,25.667399
53.045,11,25.672442
53.05,10,25.672442
53.05,10,25.672442
53.05,10,25.75796
53.05,10,25.767304
53.05,10,25.767304
53.045,11,25.773849
53.05,10,25.773849
53.05,10,25.773849
53.05,10,25.773849
53.05,10,25.773849
53.05,10,25.773849
53.05,10,25.789516
53.05,10,25.789516
53.045,11,25.789516
53.05,10,25.789516
53.05,10,25.789516
53.05,10,25.789516
53.045,11,25.805582
53.05,10,25.805582
53.045,11,25.805582
53.05,10,25.805582
53.05,10,25.805582
53.05,10,25.821509
53.04,12,25.821509
53.045,11,25.821509
53.05,10,25.821509
53.05,10,25.821509
53.05,10,25.837473
53.05,10,25.841587
53.05,10,25.845598
53.05,10,25.847604
53.05,10,25.84961
53.05,10,25.853364
53.05,10,25.857302
53.05,10,25.859308
53.035,13,25.863321
53.05,10,25.865327
53.05,10,25.869081
53.05,10,25.871087
53.05,10,25.875099
53.05,10,25.877106
53.05,10,25.881119
53.05,10,25.884873
53.05,10,25.88852
53.035,13,25.890523
53.05,10,25.890523
53.045,11,25.890523
53.05,10,25.900623
53.05,10,25.900623
53.05,10,25.900623
53.05,10,25.900623
53.045,11,25.900623
53.045,11,25.900623
53.05,10,25.916695
53.045,11,25.916695
53.05,10,25.916695
53.05,10,25.916695
53.05,10,25.916695
53.05,10,25.916695
53.05,10,25.932835
53.05,10,25.932835
53.05,10,25.932835
52.995,21,25.932835
53.05,10,25.948829
53.045,11,25.951988
53.05,10,25.955208
53.05,10,25.958219
53.05,10,25.961222
53.05,10,25.963223
53.05,10,25.966474
53.045,11,25.969193
53.05,10,25.969193
53.05,10,25.969193
53.05,10,25.969193
53.05,10,25.969193
53.045,11,25.969193
53.05,10,25.986648
53.05,10,25.990018
53.05,10,25.992251
53.05,10,25.995645
53.05,10,25.995645
53.05,10,26.001031
53.045,11,26.001031
53.045,11,26.001031
53.05,10,26.001031
53.05,10,26.001031
53.05,10,26.001031
53.045,11,26.017257
53.05,10,26.017257
53.05,10,26.017257
53.05,10,26.031381
53.05,10,26.036943
53.05,10,26.040956
53.05,10,26.042962
53.05,10,26.044968
53.05,10,26.04898
53.05,10,26.052242
53.05,10,26.055248
53.05,10,26.058248
53.05,10,26.060248
52.975,25,26.152602
53.045,11,26.156616
53.05,10,26.160631
52.775,65,26.181922
53.05,10,26.184922
53.05,10,26.187922
53.05,10,26.192146
53.05,10,26.195145
53.05,10,26.198145
53.05,10,26.201145
53.05,10,26.205412
53.05,10,26.207434
53.05,10,26.210413
53.05,10,26.213427
53.05,10,26.216426
53.05,10,26.219411
53.05,10,26.222426
53.05,10,26.223413
53.05,10,26.223413
53.05,10,26.223413
53.05,10,26.223413
53.05,10,26.223413
53.05,10,26.223413
53.05,10,26.242383
53.045,11,26.246047
53.05,10,26.248133
53.045,11,26.249708
53.05,10,26.249708
53.05,10,26.257885
53.05,10,26.26088
52.645,91,26.286381
53.05,10,26.289382
53.05,10,26.290321
53.04,12,26.290321
53.05,10,26.290321
53.05,10,26.290321
53.05,10,26.290321
53.05,10,26.306344
53.04,12,26.306344
53.045,11,26.306344
53.05,10,26.306344
53.05,10,26.306344
53.05,10,26.32232
53.045,11,26.32232
53.05,10,26.32232
53.05,10,26.32232
53.045,11,26.32232
53.05,10,26.338524
53.045,11,26.343309
53.05,10,26.347322
53.05,10,26.349328
53.05,10,26.351335
53.05,10,26.354347
53.045,11,26.358361
53.05,10,26.358361
53.05,10,26.358361
53.05,10,26.358361
53.05,10,26.370099
53.05,10,26.370099
53.05,10,26.370099
53.045,11,26.370099
53.04,12,26.370099
53.05,10,26.370099
53.05,10,26.386333
53.05,10,26.386333
53.045,11,26.392387
53.05,10,26.394396
53.05,10,26.397862
53.05,10,26.399872
53.05,10,26.404209
53.05,10,26.407398
53.05,10,26.409393
53.05,10,26.41251
53.05,10,26.415433
53.05,10,26.418391
53.05,10,26.421406
53.05,10,26.421406
53.04,12,26.421406
53.05,10,26.421406
53.04,12,26.421406
53.05,10,26.421406
53.05,10,26.437591
53.05,10,26.441569
53.05,10,26.445535
53.045,11,26.447528
53.04,12,26.44954
53.05,10,26.538946
53.05,10,26.538946
53.05,10,26.538946
53.04,12,26.547503
53.05,10,26.547503
53.045,11,26.547503
53.05,10,26.547503
53.05,10,26.547503
53.05,10,26.56365
53.05,10,26.568114
53.0,20,26.568114
53.05,10,26.568114
53.05,10,26.579762
53.05,10,26.579762
53.05,10,26.579762
53.045,11,26.579762
53.05,10,26.579762
53.05,10,26.579762
53.05,10,26.595842
52.76,68,26.611701
53.05,10,26.611701
53.05,10,26.611701
53.05,10,26.611701
53.05,10,26.627667
53.05,10,26.630091
53.05,10,26.633102
53.05,10,26.636098
53.05,10,26.639089
53.045,11,26.641098
53.05,10,26.641098
53.045,11,26.641098
53.05,10,26.641098
53.05,10,26.641098
53.045,11,26.657218
53.045,11,26.657218
53.05,10,26.657218
53.05,10,26.657218
53.05,10,26.668182
53.045,11,26.673318
53.045,11,26.673318
53.045,11,26.673318
53.05,10,26.673318
53.05,10,26.673318
53.045,11,26.689273
53.05,10,26.689273
53.045,11,26.689273
53.045,11,26.689273
53.05,10,26.689273
53.045,11,26.706887
53.05,10,26.711998
53.05,10,26.713995
53.05,10,26.716999
53.05,10,26.720005
53.05,10,26.722506
53.05,10,26.725403
53.05,10,26.728397
53.045,11,26.73187
53.05,10,26.733545
53.045,11,26.737154
53.045,11,26.74126
53.045,11,26.74438
53.05,10,26.74738
53.05,10,26.75038
53.045,11,26.753372
53.05,10,26.756476
53.05,10,26.75749
53.045,11,26.75749
53.05,10,26.75749
53.05,10,26.768414
53.05,10,26.768414
53.05,10,26.774642
53.05,10,26.775462
53.045,11,26.775462
53.05,10,26.781498
53.05,10,26.781498
53.045,11,26.781498
53.05,10,26.792453
53.045,11,26.795466
53.05,10,26.798402
53.045,11,26.802456
53.045,11,26.805462
53.05,10,26.808537
53.04,12,26.811535
53.05,10,26.814548
53.05,10,26.817545
53.05,10,26.820534
53.05,10,26.823553
53.05,10,26.824535
53.05,10,26.824535
53.045,11,26.824535
53.05,10,26.824535
53.05,10,26.824535
53.045,11,26.840477
53.05,10,26.919883
53.05,10,26.919883
53.04,12,26.935614
53.05,10,26.935614
53.04,12,26.935614
53.045,11,26.935614
53.05,10,26.935614
53.045,11,26.955043
53.05,10,26.958034
53.045,11,26.96104
53.05,10,26.963065
53.05,10,26.966045
53.035,13,26.968848
53.045,11,26.968848
53.05,10,26.968848
53.045,11,26.968848
53.05,10,26.968848
53.05,10,26.968848
53.05,10,26.984818
53.05,10,26.984818
53.05,10,26.984818
53.05,10,26.984818
53.05,10,26.984818
53.05,10,27.000997
53.05,10,27.000997
53.05,10,27.000997
53.05,10,27.000997
53.045,11,27.000997
53.05,10,27.000997
53.05,10,27.016888
53.05,10,27.016888
53.05,10,27.016888
53.05,10,27.016888
53.05,10,27.016888
53.05,10,27.032678
53.05,10,27.032678
53.05,10,27.032678
53.05,10,27.032678
53.04,12,27.032678
53.045,11,27.032678
53.05,10,27.051035
53.05,10,27.054039
53.05,10,27.056151
53.05,10,27.059148
53.05,10,27.06215
53.05,10,27.065247
53.045,11,27.067344
53.05,10,27.071065
53.05,10,27.074057
53.05,10,27.077068
53.05,10,27.079064
53.05,10,27.079064
53.05,10,27.079064
53.05,10,27.079064
53.05,10,27.079064
53.05,10,27.079064
53.045,11,27.094849
53.05,10,27.100674
53.045,11,27.103454
53.05,10,27.106976
53.05,10,27.106976
53.05,10,27.110686
53.045,11,27.110686
53.045,11,27.110686
53.05,10,27.110686
53.05,10,27.110686
53.05,10,27.126637
53.05,10,27.126637
53.045,11,27.126637
53.05,10,27.126637
53.045,11,27.126637
53.05,10,27.14239
53.04,12,27.14239
53.05,10,27.14239
53.05,10,27.14239
53.05,10,27.14239
53.05,10,27.14239
53.05,10,27.158407
53.05,10,27.158407
53.05,10,27.158407
53.045,11,27.169445
53.05,10,27.169445
53.045,11,27.175983
53.05,10,27.178099
53.05,10,27.181101
53.05,10,27.184098
53.045,11,27.187088
53.05,10,27.190274
53.045,11,27.193179
53.05,10,27.196173
53.05,10,27.199187
53.05,10,27.202282
53.05,10,27.205282
53.005,19,27.211282
53.04,12,27.214287
53.045,11,27.217279
53.05,10,27.220287
53.045,11,27.224288
53.045,11,27.297463
53.045,11,27.314864
53.05,10,27.314864
53.05,10,27.322035
53.05,10,27.324631
53.05,10,27.327628
53.05,10,27.331611
53.045,11,27.33461
53.045,11,27.338689
53.05,10,27.341412
53.05,10,27.344644
53.05,10,27.347674
53.05,10,27.351665
53.05,10,27.354666
53.05,10,27.358175
53.045,11,27.358175
53.04,12,27.358175
53.05,10,27.358175
53.05,10,27.369566
53.05,10,27.374106
53.05,10,27.374106
53.05,10,27.374106
53.05,10,27.374106
53.05,10,27.374106
53.05,10,27.374106
53.05,10,27.38986
53.05,10,27.38986
53.05,10,27.38986
53.05,10,27.38986
53.05,10,27.38986
53.05,10,27.405693
53.05,10,27.405693
53.045,11,27.405693
52.97,26,27.405693
53.045,11,27.421935
53.05,10,27.421935
53.05,10,27.421935
53.05,10,27.421935
53.05,10,27.421935
53.05,10,27.421935
53.05,10,27.438093
53.05,10,27.438093
53.05,10,27.438093
53.05,10,27.438093
53.045,11,27.438093
53.05,10,27.45409
53.05,10,27.45409
53.05,10,27.45409
53.05,10,27.45409
53.05,10,27.45409
53.045,11,27.469926
53.005,19,27.469926
53.05,10,27.469926
53.045,11,27.469926
53.05,10,27.469926
53.05,10,27.486379
53.05,10,27.489486
53.05,10,27.492486
53.05,10,27.495488
53.05,10,27.498494
53.045,11,27.501482
53.05,10,27.504489
53.045,11,27.50749
53.05,10,27.510488
53.045,11,27.51349
53.05,10,27.515492
53.05,10,27.515492
53.05,10,27.515492
53.05,10,27.515492
53.05,10,27.515492
53.05,10,27.515492
53.05,10,27.531579
53.05,10,27.531579
53.05,10,27.531579
53.05,10,27.531579
53.05,10,27.547788
53.05,10,27.547788
53.05,10,27.547788
53.05,10,27.547788
53.05,10,27.547788
53.05,10,27.563668
53.05,10,27.563668
53.05,10,27.563668
53.05,10,27.570092
53.05,10,27.570092
53.05,10,27.570092
53.045,11,27.579484
53.05,10,27.579484
53.045,11,27.579484
53.05,10,27.579484
53.05,10,27.579484
53.05,10,27.595534
53.045,11,27.595534
53.05,10,27.595534
53.05,10,27.595534
53.05,10,27.595534
53.05,10,27.595534
53.05,10,27.613187
53.05,10,27.699665
53.05,10,27.702665
53.045,11,27.705665
53.05,10,27.707665
53.045,11,27.707665
53.05,10,27.707665
53.05,10,27.707665
53.05,10,27.707665
53.045,11,27.723515
53.05,10,27.726782
53.045,11,27.729771
53.05,10,27.732782
53.05,10,27.735798
53.05,10,27.738784
53.045,11,27.741826
53.05,10,27.74482
53.045,11,27.748821
53.05,10,27.751812
53.05,10,27.754706
53.045,11,27.757709
53.05,10,27.76009
53.045,11,27.76009
53.05,10,27.76009
53.05,10,27.770255
53.05,10,27.770255
53.05,10,27.775639
53.05,10,27.775639
53.045,11,27.775639
53.05,10,27.775639
53.05,10,27.775639
53.05,10,27.775639
53.05,10,27.791564
53.05,10,27.791564
53.05,10,27.791564
53.05,10,27.791564
53.05,10,27.791564
53.05,10,27.807641
53.05,10,27.807641
53.05,10,27.807641
53.05,10,27.807641
53.05,10,27.807641
53.05,10,27.807641
53.05,10,27.827192
53.05,10,27.829412
53.05,10,27.832412
53.05,10,27.83542
53.05,10,27.838415
53.05,10,27.840741
53.035,13,27.84487
53.04,12,27.848856
53.05,10,27.851852
53.045,11,27.854851
53.05,10,27.858445
53.045,11,27.861444
53.05,10,27.864449
53.05,10,27.86743
53.045,11,27.87044
53.05,10,27.873877
53.045,11,27.874905
53.05,10,27.874905
53.05,10,27.874905
53.05,10,27.874905
53.045,11,27.874905
53.05,10,27.891138
53.05,10,27.891138
53.05,10,27.891138
53.05,10,27.891138
53.05,10,27.891138
53.05,10,27.891138
53.05,10,27.907225
53.05,10,27.907225
53.045,11,27.907225
53.05,10,27.907225
53.05,10,27.907225
53.05,10,27.923377
53.05,10,27.923377
53.05,10,27.923377
53.04,12,27.923377
53.05,10,27.923377
53.05,10,27.940629
53.04,12,27.943611
53.045,11,27.946628
53.05,10,27.949623
53.045,11,27.952625
53.05,10,27.953622
53.05,10,27.953622
53.05,10,27.953622
53.05,10,27.953622
53.045,11,27.953622
53.05,10,27.97148
53.05,10,27.97373
53.05,10,27.977115
53.045,11,27.980499
53.05,10,27.980499
53.05,10,27.985459
53.05,10,27.985459
53.05,10,27.985459
53.05,10,27.985459
53.05,10,27.985459
53.05,10,28.078355
53.05,10,28.086818
53.05,10,28.09083
53.05,10,28.094342
53.05,10,28.096349
53.045,11,28.098355
53.05,10,28.102368
52.74,72,28.124182
53.05,10,28.12593
53.05,10,28.129943
53.05,10,28.13195
53.05,10,28.135963
53.05,10,28.13797
53.05,10,28.141725
53.05,10,28.141725
53.05,10,28.141725
53.05,10,28.141725
53.05,10,28.141725
53.04,12,28.158708
53.05,10,28.161819
53.045,11,28.164826
53.045,11,28.16782
53.05,10,28.17082
53.05,10,28.172567
53.05,10,28.172567
53.05,10,28.172567
53.05,10,28.172567
53.05,10,28.172567
53.05,10,28.172567
53.05,10,28.189654
53.05,10,28.192773
53.05,10,28.195776
53.05,10,28.198764
53.05,10,28.201768
53.05,10,28.204773
53.05,10,28.207776
53.05,10,28.211028
53.05,10,28.213034
53.05,10,28.21504
53.045,11,28.220245
53.05,10,28.223251
53.05,10,28.226365
53.05,10,28.229369
53.05,10,28.231362
53.05,10,28.234364
53.05,10,28.237358
53.05,10,28.240553
53.05,10,28.242979
53.05,10,28.245978
53.05,10,28.248969
52.915,37,28.257028
53.05,10,28.257028
53.05,10,28.257028
53.05,10,28.257028
53.045,11,28.270828
53.05,10,28.273237
53.05,10,28.273237
53.05,10,28.273237
53.05,10,28.273237
53.05,10,28.273237
53.05,10,28.273237
53.05,10,28.291223
53.05,10,28.293226
53.045,11,28.296709
53.05,10,28.296709
53.05,10,28.296709
53.05,10,28.30521
52.84,52,28.32131
53.05,10,28.32131
53.05,10,28.32131
53.05,10,28.32131
53.05,10,28.32131
53.05,10,28.32131
53.05,10,28.337503
53.045,11,28.337503
53.05,10,28.337503
53.05,10,28.337503
53.05,10,28.337503
53.05,10,28.337503
53.04,12,28.357819
53.05,10,28.360882
53.045,11,28.363882
53.05,10,28.366886
53.05,10,28.369873
53.05,10,28.37318
53.05,10,28.376487
53.05,10,28.379495
53.05,10,28.382494
53.05,10,28.385494
53.05,10,28.454368
53.045,11,28.47107
53.05,10,28.47107
53.04,12,28.47107
53.05,10,28.47107
53.05,10,28.47107
53.05,10,28.487451
53.05,10,28.490448
53.045,11,28.493541
53.05,10,28.496552
53.05,10,28.499549
53.05,10,28.500545
53.045,11,28.500545
53.05,10,28.500545
53.05,10,28.500545
53.05,10,28.500545
53.05,10,28.516399
53.05,10,28.516399
53.05,10,28.516399
53.05,10,28.516399
53.05,10,28.516399
53.05,10,28.532654
53.05,10,28.532654
53.05,10,28.532654
53.05,10,28.532654
53.045,11,28.532654
53.045,11,28.548774
53.05,10,28.548774
53.045,11,28.548774
53.05,10,28.548774
53.04,12,28.548774
53.05,10,28.548774
53.05,10,28.564702
53.05,10,28.564702
53.045,11,28.571536
53.05,10,28.571536
53.045,11,28.571536
53.05,10,28.582171
53.04,12,28.586161
53.045,11,28.589164
53.05,10,28.59218
53.05,10,28.595169
53.05,10,28.598156
53.045,11,28.601157
53.05,10,28.604164
53.05,10,28.607153
53.04,12,28.609161
53.05,10,28.609161
53.05,10,28.609161
53.045,11,28.609161
53.045,11,28.609161
53.05,10,28.62518
53.05,10,28.62518
53.045,11,28.62518
53.05,10,28.62518
53.05,10,28.62518
53.05,10,28.641078
53.045,11,28.641078
53.05,10,28.641078
53.05,10,28.641078
53.05,10,28.641078
53.05,10,28.641078
53.045,11,28.657293
53.05,10,28.657293
53.05,10,28.657293
53.05,10,28.657293
53.05,10,28.657293
53.045,11,28.6735
53.05,10,28.675881
53.05,10,28.679898
53.045,11,28.681904
53.05,10,28.685916
53.05,10,28.687922
53.05,10,28.69239
53.05,10,28.69239
53.05,10,28.69239
53.05,10,28.69239
53.05,10,28.69239
53.045,11,28.707058
53.05,10,28.710168
53.05,10,28.713177
53.05,10,28.716173
53.05,10,28.718174
53.05,10,28.721176
53.05,10,28.725183
53.04,12,28.728162
53.05,10,28.731171
53.05,10,28.734171
53.05,10,28.736168
53.045,11,28.740122
52.955,29,28.741181
-1.46,108,28.860406
53.05,10,28.860406
53.05,10,28.860406
53.05,10,28.872143
53.05,10,28.872143
53.05,10,28.87628
53.05,10,28.87628
53.05,10,28.87628
53.05,10,28.87628
53.05,10,28.87628
53.05,10,28.892204
53.05,10,28.894006
53.05,10,28.894006
53.05,10,28.894006
53.05,10,28.894006
53.05,10,28.906988
53.05,10,28.910099
53.05,10,28.913104
53.05,10,28.916103
53.05,10,28.918103
53.05,10,28.921107
53.05,10,28.924009
53.05,10,28.927154
53.05,10,28.930157
53.05,10,28.933141
53.05,10,28.936148
53.05,10,28.939152
53.05,10,28.94117
53.05,10,28.94117
53.05,10,28.94117
53.05,10,28.94117
53.05,10,28.94117
53.05,10,28.957106
53.045,11,28.957106
53.05,10,28.957106
53.05,10,28.957106
53.05,10,28.957106
53.05,10,28.972391
53.05,10,28.972391
53.05,10,28.972391
53.05,10,28.972391
53.05,10,28.972391
53.05,10,28.98833
53.05,10,28.992354
53.05,10,28.992354
53.05,10,28.992354
53.05,10,28.992354
53.05,10,29.00622
53.05,10,29.014357
53.05,10,29.02033
53.005,19,29.02033
53.045,11,29.02033
53.05,10,29.02033
53.05,10,29.02033
53.05,10,29.037564
53.05,10,29.039584
53.05,10,29.042567
53.05,10,29.045572
53.05,10,29.046571
53.05,10,29.046571
53.05,10,29.046571
53.05,10,29.046571
53.05,10,29.046571
53.05,10,29.062412
53.05,10,29.062412
53.045,11,29.062412
53.05,10,29.062412
53.05,10,29.072788
53.05,10,29.072788
53.045,11,29.07841
53.05,10,29.07841
53.045,11,29.07841
53.05,10,29.07841
53.05,10,29.07841
53.05,10,29.094335
53.05,10,29.094335
53.05,10,29.094335
53.05,10,29.094335
53.05,10,29.094335
53.05,10,29.094335
53.05,10,29.11046
53.05,10,29.11046
53.045,11,29.11046
53.05,10,29.11046
53.05,10,29.11046
53.05,10,29.126834
53.045,11,29.130946
53.05,10,29.133927
53.05,10,29.135936
53.05,10,29.138937
53.05,10,29.142276
53.05,10,29.145264
53.05,10,29.148278
53.05,10,29.150263
53.05,10,29.153275
53.045,11,29.156262
53.05,10,29.156262
53.05,10,29.248162
53.05,10,29.251286
53.05,10,29.254284
53.05,10,29.257285
53.05,10,29.260307
53.05,10,29.263308
53.05,10,29.265308
53.05,10,29.265308
53.05,10,29.265308
53.05,10,29.274896
53.05,10,29.278642
53.05,10,29.281488
53.05,10,29.281488
53.05,10,29.281488
53.05,10,29.281488
53.05,10,29.281488
53.05,10,29.281488
53.05,10,29.297236
53.05,10,29.297236
53.045,11,29.297236
53.05,10,29.297236
53.05,10,29.297236
53.05,10,29.313399
53.05,10,29.313399
53.045,11,29.313399
53.045,11,29.313399
53.05,10,29.313399
53.045,11,29.32956
53.05,10,29.32956
53.045,11,29.32956
53.05,10,29.32956
53.05,10,29.32956
53.045,11,29.32956
53.05,10,29.345793
53.045,11,29.345793
53.05,10,29.345793
53.05,10,29.345793
53.045,11,29.345793
53.05,10,29.363279
53.05,10,29.366288
53.05,10,29.369392
53.05,10,29.371395
53.045,11,29.375124
53.045,11,29.375124
53.05,10,29.375124
53.045,11,29.375124
53.05,10,29.375124
53.05,10,29.375124
53.05,10,29.393854
53.05,10,29.393854
53.05,10,29.393854
53.05,10,29.393854
53.05,10,29.393854
53.05,10,29.408655
53.05,10,29.41202
53.05,10,29.415403
53.05,10,29.417662
53.05,10,29.417662
53.05,10,29.424241
53.05,10,29.426927
53.05,10,29.428932
53.05,10,29.428932
53.045,11,29.428932
53.05,10,29.428932
53.05,10,29.443293
53.05,10,29.446295
53.045,11,29.449296
53.05,10,29.451295
53.045,11,29.454303
53.05,10,29.457189
53.05,10,29.460639
53.045,11,29.463645
53.05,10,29.466647
53.05,10,29.469626
53.05,10,29.473233
53.05,10,29.475354
53.05,10,29.478344
53.05,10,29.481351
53.05,10,29.484352
53.05,10,29.485352
53.05,10,29.485352
53.05,10,29.485352
53.05,10,29.485352
53.05,10,29.485352
53.045,11,29.503302
53.05,10,29.505307
53.05,10,29.505307
53.05,10,29.505307
53.05,10,29.505307
53.05,10,29.517085
53.05,10,29.517085
53.05,10,29.517085
53.045,11,29.517085
53.05,10,29.517085
53.05,10,29.517085
53.05,10,29.532885
53.05,10,29.532885
53.05,10,29.532885
53.05,10,29.532885
53.04,12,29.532885
53.045,11,29.625301
53.045,11,29.625301
53.05,10,29.625301
53.045,11,29.641093
53.05,10,29.641093
53.05,10,29.641093
53.05,10,29.641093
53.045,11,29.641093
53.05,10,29.657022
53.05,10,29.657022
53.05,10,29.657022
53.05,10,29.657022
53.05,10,29.657022
53.05,10,29.672936
53.05,10,29.673441
53.05,10,29.673441
53.05,10,29.673441
53.05,10,29.673441
53.04,12,29.673441
53.05,10,29.690511
53.05,10,29.693511
53.05,10,29.6965
53.05,10,29.699512
53.045,11,29.702497
53.045,11,29.706544
53.04,12,29.710503
53.05,10,29.712505
53.045,11,29.715505
53.045,11,29.719578
53.05,10,29.722694
53.05,10,29.725692
53.05,10,29.72869
53.05,10,29.731688
53.05,10,29.734689
53.05,10,29.73769
53.05,10,29.740581
53.05,10,29.743688
53.05,10,29.746683
53.05,10,29.749681
53.045,11,29.75269
53.045,11,29.755682
53.045,11,29.756692
53.05,10,29.756692
53.05,10,29.756692
53.05,10,29.756692
53.05,10,29.756692
53.05,10,29.773744
53.05,10,29.773744
53.05,10,29.773744
53.05,10,29.773744
53.05,10,29.773744
53.05,10,29.773744
53.05,10,29.788867
53.05,10,29.788867
53.05,10,29.788867
53.05,10,29.788867
53.05,10,29.788867
53.05,10,29.804914
53.05,10,29.804914
53.045,11,29.804914
53.05,10,29.804914
53.05,10,29.804914
53.05,10,29.820758
53.05,10,29.820758
53.05,10,29.820758
53.05,10,29.820758
53.05,10,29.820758
53.05,10,29.820758
53.05,10,29.836713
53.05,10,29.836713
53.05,10,29.836713
53.05,10,29.836713
53.05,10,29.836713
53.05,10,29.852669
53.05,10,29.852669
53.05,10,29.852669
53.045,11,29.852669
53.05,10,29.852669
53.05,10,29.868776
53.05,10,29.868776
53.05,10,29.874121
53.05,10,29.874121
53.05,10,29.874121
53.045,11,29.874121
53.05,10,29.884746
53.05,10,29.884746
53.05,10,29.884746
53.05,10,29.884746
53.05,10,29.884746
53.045,11,29.900958
53.045,11,29.905071
53.05,10,29.906057
53.05,10,29.906057
53.05,10,29.906057
53.05,10,29.906057
53.045,11,29.906057
53.05,10,29.921954
53.05,10,29.921954
53.05,10,29.921954
53.05,10,29.921954
53.05,10,29.921954
53.05,10,30.019054
53.05,10,30.021061
53.05,10,30.022808
53.045,11,30.022808
53.045,11,30.022808
53.05,10,30.022808
53.045,11,30.022808
53.05,10,30.038692
53.05,10,30.038692
53.05,10,30.038692
53.05,10,30.038692
53.05,10,30.038692
53.05,10,30.054554
53.05,10,30.054554
53.045,11,30.054554
53.05,10,30.054554
53.05,10,30.054554
53.045,11,30.054554
53.05,10,30.070412
53.05,10,30.074453
53.05,10,30.074453
53.04,12,30.074453
53.05,10,30.074453
53.05,10,30.086591
53.05,10,30.086591
53.045,11,30.086591
53.05,10,30.086591
53.05,10,30.086591
53.05,10,30.102742
53.05,10,30.102742
53.05,10,30.102742
53.05,10,30.102742
53.05,10,30.102742
53.05,10,30.102742
53.05,10,30.120604
53.05,10,30.122611
53.045,11,30.126623
53.05,10,30.128629
53.05,10,30.130635
53.05,10,30.134388
53.045,11,30.134388
53.05,10,30.134388
53.05,10,30.134388
53.045,11,30.134388
53.05,10,30.150377
53.05,10,30.150377
53.05,10,30.150377
53.05,10,30.150377
53.04,12,30.150377
53.05,10,30.150377
53.05,10,30.166762
53.05,10,30.166762
53.05,10,30.166762
53.05,10,30.174802
53.05,10,30.174802
53.045,11,30.18192
53.05,10,30.18192
53.05,10,30.18192
52.61,98,30.216222
53.05,10,30.219217
53.05,10,30.223107
53.05,10,30.226228
53.05,10,30.229236
53.05,10,30.23123
53.05,10,30.234226
53.05,10,30.237235
53.05,10,30.240766
53.05,10,30.24377
53.05,10,30.246763
53.05,10,30.249764
53.05,10,30.250771
53.05,10,30.250771
53.05,10,30.250771
53.05,10,30.250771
53.05,10,30.250771
53.05,10,30.267
53.05,10,30.267
53.05,10,30.267
53.05,10,30.275149
53.05,10,30.275149
53.05,10,30.275149
53.05,10,30.282809
53.05,10,30.282809
53.05,10,30.282809
53.05,10,30.282809
53.05,10,30.282809
53.05,10,30.298873
53.05,10,30.298873
53.05,10,30.298873
53.05,10,30.298873
53.05,10,30.298873
53.05,10,30.298873
53.05,10,30.401205
53.05,10,30.403211
53.045,11,30.406965
53.05,10,30.408971
53.05,10,30.412983
53.05,10,30.414989
53.05,10,30.419003
53.025,15,30.424076
53.05,10,30.427057
53.05,10,30.430057
53.05,10,30.432056
53.05,10,30.435056
53.05,10,30.437045
53.05,10,30.437045
53.05,10,30.437045
53.05,10,30.437045
53.05,10,30.437045
53.05,10,30.437045
53.05,10,30.452902
53.05,10,30.457524
53.05,10,30.459529
53.05,10,30.459529
53.05,10,30.459529
53.05,10,30.469939
53.05,10,30.473563
53.05,10,30.476124
53.05,10,30.479106
53.05,10,30.482122
53.05,10,30.485121
53.05,10,30.488109
53.05,10,30.491421
53.05,10,30.494442
53.05,10,30.497421
53.05,10,30.50044
53.05,10,30.50344
53.045,11,30.506478
53.05,10,30.507509
53.05,10,30.507509
53.05,10,30.507509
53.05,10,30.507509
53.05,10,30.507509
53.05,10,30.524327
53.05,10,30.527333
53.045,11,30.530333
53.05,10,30.532545
53.05,10,30.53555
53.05,10,30.538543
53.05,10,30.541538
53.05,10,30.544538
53.05,10,30.54654
53.05,10,30.54654
53.05,10,30.54654
53.05,10,30.54654
53.05,10,30.54654
53.05,10,30.54654
53.05,10,30.56232
53.05,10,30.56232
53.05,10,30.56232
53.05,10,30.56232
53.05,10,30.575505
53.05,10,30.578175
53.05,10,30.578175
53.05,10,30.578175
53.05,10,30.578175
53.05,10,30.578175
53.045,11,30.594051
53.05,10,30.594051
53.05,10,30.594051
53.05,10,30.594051
53.05,10,30.594051
53.045,11,30.594051
53.05,10,30.610085
53.05,10,30.610085
53.05,10,30.610085
53.025,15,30.610085
53.05,10,30.610085
53.05,10,30.626328
53.05,10,30.626328
53.05,10,30.626328
53.05,10,30.626328
53.05,10,30.626328
53.05,10,30.642247
53.05,10,30.64476
53.05,10,30.647773
53.05,10,30.65076
53.05,10,30.653762
53.05,10,30.65677
53.05,10,30.65677
53.05,10,30.65677
53.045,11,30.65677
53.05,10,30.65677
53.05,10,30.65677
53.05,10,30.674636
53.05,10,30.677383
53.05,10,30.679386
53.05,10,30.679386
53.05,10,30.679386
53.05,10,30.689367
53.05,10,30.691896
53.05,10,30.691896
53.05,10,30.691896
53.05,10,30.782324
53.05,10,30.782324
53.05,10,30.782324
53.05,10,30.782324
53.05,10,30.782324
53.05,10,30.798347
53.05,10,30.798347
53.05,10,30.798347
53.05,10,30.798347
53.05,10,30.798347
53.05,10,30.81411
53.05,10,30.81411
53.05,10,30.81411
53.05,10,30.81411
53.05,10,30.81411
53.045,11,30.81411
53.05,10,30.829964
53.05,10,30.829964
53.05,10,30.829964
53.045,11,30.829964
53.05,10,30.829964
53.04,12,30.846152
53.05,10,30.846152
53.05,10,30.846152
53.045,11,30.846152
53.05,10,30.846152
53.05,10,30.861994
53.05,10,30.86518
53.05,10,30.868183
53.05,10,30.871183
53.05,10,30.874188
53.05,10,30.876814
53.05,10,30.876814
53.05,10,30.876814
53.05,10,30.876814
53.05,10,30.876814
53.045,11,30.890928
53.05,10,30.890928
53.05,10,30.890928
53.05,10,30.890928
53.05,10,30.890928
53.045,11,30.906683
53.05,10,30.906683
53.05,10,30.906683
53.05,10,30.906683
53.045,11,30.906683
53.05,10,30.906683
53.045,11,30.922535
53.05,10,30.922535
53.05,10,30.922535
53.05,10,30.922535
53.05,10,30.922535
53.05,10,30.938454
53.05,10,30.938454
53.05,10,30.938454
53.05,10,30.938454
53.05,10,30.938454
53.035,13,30.954501
53.05,10,30.957962
53.05,10,30.960961
53.05,10,30.964082
53.05,10,30.967071
53.05,10,30.970073
53.05,10,30.974972
53.05,10,30.978489
53.05,10,30.98149
53.05,10,30.98449
53.05,10,30.98549
53.05,10,30.98549
53.05,10,30.98549
53.05,10,30.98549
53.05,10,30.98549
53.045,11,31.001469
53.05,10,31.003479
53.05,10,31.007893
53.05,10,31.010335
53.05,10,31.014532
53.05,10,31.016539
53.05,10,31.018545
53.05,10,31.022558
53.045,11,31.025627
53.05,10,31.028627
53.05,10,31.031627
53.05,10,31.034627
53.05,10,31.037627
53.05,10,31.040367
53.05,10,31.043517
53.05,10,31.046519
53.05,10,31.048518
53.045,11,31.05152
53.05,10,31.054514
53.05,10,31.057581
53.05,10,31.057581
53.05,10,31.057581
53.05,10,31.057581
53.05,10,31.057581
53.05,10,31.057581
53.05,10,31.073718
53.04,12,31.076673
53.05,10,31.076673
53.05,10,31.076673
53.05,10,31.168565
53.05,10,31.170576
53.05,10,31.174591
53.05,10,31.176597
53.05,10,31.178604
53.05,10,31.182618
53.05,10,31.186686
53.05,10,31.189737
53.05,10,31.191735
53.05,10,31.194736
53.05,10,31.197736
53.05,10,31.200855
53.05,10,31.202732
53.045,11,31.207014
53.05,10,31.209128
53.05,10,31.212136
53.05,10,31.216019
53.05,10,31.219017
53.05,10,31.221017
53.05,10,31.225082
53.05,10,31.2281
53.05,10,31.230973
53.045,11,31.233973
53.05,10,31.236987
53.05,10,31.239971
53.05,10,31.240988
53.05,10,31.240988
53.05,10,31.240988
53.05,10,31.240988
53.05,10,31.240988
53.05,10,31.256793
53.05,10,31.260205
53.05,10,31.263326
53.05,10,31.266322
53.05,10,31.269535
53.05,10,31.272535
53.05,10,31.274535
53.05,10,31.278266
53.05,10,31.281265
53.05,10,31.284266
53.05,10,31.28726
53.05,10,31.290261
53.05,10,31.292258
53.05,10,31.295272
53.05,10,31.298582
53.05,10,31.301574
53.05,10,31.304578
53.05,10,31.307578
53.05,10,31.31057
53.05,10,31.312578
53.05,10,31.312578
53.05,10,31.312578
53.05,10,31.312578
53.05,10,31.312578
53.05,10,31.312578
53.05,10,31.3284
53.05,10,31.3284
53.05,10,31.3284
53.05,10,31.3284
53.05,10,31.3284
53.05,10,31.344467
53.04,12,31.344467
53.05,10,31.344467
53.05,10,31.344467
53.05,10,31.344467
53.05,10,31.360352
53.05,10,31.360352
53.05,10,31.360352
53.05,10,31.360352
53.05,10,31.360352
53.05,10,31.360352
53.05,10,31.376713
53.05,10,31.376713
53.05,10,31.376713
53.05,10,31.376713
53.05,10,31.376713
53.05,10,31.39234
53.05,10,31.39234
53.05,10,31.39234
53.05,10,31.39234
53.05,10,31.39234
53.05,10,31.39234
53.05,10,31.409858
53.05,10,31.412976
53.05,10,31.41598
53.05,10,31.418972
53.05,10,31.421974
53.05,10,31.421974
53.05,10,31.421974
53.05,10,31.421974
53.05,10,31.421974
53.05,10,31.421974
53.05,10,31.437852
53.05,10,31.445305
53.05,10,31.447312
53.05,10,31.451325
53.05,10,31.453331
53.05,10,31.453331
53.05,10,31.453331
53.05,10,31.453331
53.04,12,31.453331
53.05,10,31.54752
53.05,10,31.55893
53.05,10,31.561942
53.05,10,31.564965
53.05,10,31.566965
53.05,10,31.569965
53.04,12,31.573777
53.05,10,31.576527
53.05,10,31.579437
53.05,10,31.582529
53.05,10,31.585695
53.05,10,31.588694
53.05,10,31.591693
53.05,10,31.591693
53.05,10,31.591693
53.05,10,31.591693
53.05,10,31.591693
53.05,10,31.591693
53.05,10,31.607466
53.05,10,31.607466
53.05,10,31.607466
53.05,10,31.607466
53.05,10,31.607466
53.05,10,31.623441
53.05,10,31.623441
53.05,10,31.623441
53.05,10,31.623441
53.05,10,31.623441
53.05,10,31.623441
53.05,10,31.639554
53.05,10,31.639554
53.05,10,31.639554
53.05,10,31.639554
53.05,10,31.639554
53.05,10,31.655652
53.05,10,31.655652
53.05,10,31.655652
53.05,10,31.655652
53.05,10,31.655652
53.05,10,31.655652
53.05,10,31.671592
53.05,10,31.671592
53.05,10,31.677206
53.05,10,31.677206
53.05,10,31.677206
53.05,10,31.688024
53.05,10,31.690505
53.05,10,31.690505
53.05,10,31.690505
53.05,10,31.690505
53.045,11,31.690505
53.05,10,31.707028
53.05,10,31.710207
53.05,10,31.7132
53.05,10,31.716191
53.05,10,31.719208
53.05,10,31.722204
53.05,10,31.725199
53.05,10,31.728213
53.04,12,31.731192
53.05,10,31.734191
53.05,10,31.737214
53.05,10,31.740124
53.05,10,31.743198
53.05,10,31.746193
53.04,12,31.749191
53.05,10,31.752347
53.05,10,31.754832
53.05,10,31.75783
53.05,10,31.760818
53.05,10,31.76395
53.05,10,31.767098
53.05,10,31.770091
53.05,10,31.773086
53.05,10,31.77608
53.05,10,31.778804
53.05,10,31.781819
53.05,10,31.781819
53.05,10,31.781819
53.05,10,31.781819
53.05,10,31.781819
53.05,10,31.781819
53.05,10,31.797603
53.05,10,31.797603
53.05,10,31.797603
53.05,10,31.797603
53.05,10,31.797603
53.05,10,31.813771
53.05,10,31.813771
53.045,11,31.813771
53.05,10,31.813771
53.05,10,31.813771
53.05,10,31.813771
53.045,11,31.83197
53.05,10,31.834971
53.05,10,31.837969
53.05,10,31.840979
53.05,10,31.843973
53.05,10,31.846111
53.05,10,31.849106
53.05,10,31.852112
53.05,10,31.855113
53.05,10,31.937999
53.05,10,31.937999
53.05,10,31.937999
53.05,10,31.937999
53.05,10,31.956308
53.05,10,31.959291
53.05,10,31.962306
53.05,10,31.965341
53.05,10,31.968346
53.05,10,31.968346
53.05,10,31.968346
53.05,10,31.968346
53.05,10,31.980425
53.05,10,31.982691
53.05,10,31.986084
53.05,10,31.988323
53.045,11,31.988323
53.05,10,31.988323
53.05,10,31.988323
53.05,10,31.999658
53.05,10,31.999658
53.05,10,31.999658
53.05,10,31.999658
53.05,10,31.999658
53.05,10,32.015748
53.05,10,32.015748
53.045,11,32.015748
53.05,10,32.015748
53.05,10,32.015748
53.05,10,32.015748
53.05,10,32.031743
53.05,10,32.031743
53.05,10,32.031743
53.05,10,32.031743
53.05,10,32.031743
53.05,10,32.047945
53.05,10,32.047945
53.045,11,32.047945
53.05,10,32.047945
53.05,10,32.047945
53.05,10,32.047945
53.05,10,32.065567
53.05,10,32.069002
53.05,10,32.072105
53.05,10,32.075111
53.05,10,32.07772
53.05,10,32.080842
53.05,10,32.083847
53.05,10,32.086845
53.05,10,32.089845
53.05,10,32.092692
53.05,10,32.095689
53.05,10,32.09869
53.05,10,32.101674
53.05,10,32.104689
53.05,10,32.107691
53.05,10,32.107691
53.05,10,32.107691
53.05,10,32.107691
53.05,10,32.107691
53.05,10,32.107691
53.05,10,32.123518
53.05,10,32.123518
53.05,10,32.123518
53.05,10,32.123518
53.045,11,32.123518
53.05,10,32.139676
53.05,10,32.139676
53.045,11,32.139676
53.05,10,32.139676
53.05,10,32.139676
53.05,10,32.139676
53.05,10,32.157603
53.05,10,32.159609
53.05,10,32.163622
53.05,10,32.165628
53.05,10,32.169641
53.05,10,32.171388
53.05,10,32.171388
53.05,10,32.177704
53.05,10,32.177704
53.05,10,32.177704
53.05,10,32.177704
53.05,10,32.189148
53.05,10,32.190587
53.05,10,32.190587
53.045,11,32.190587
53.05,10,32.190587
53.05,10,32.190587
53.05,10,32.206869
53.05,10,32.209975
53.05,10,32.212981
53.05,10,32.215984
53.05,10,32.218981
53.05,10,32.221974
53.05,10,32.225224
53.05,10,32.227229
53.05,10,32.230224
53.05,10,32.233223
53.05,10,32.236228
53.05,10,32.239234
53.05,10,32.241493
53.05,10,32.336833
53.05,10,32.338938
53.04,12,32.342569
53.05,10,32.344576
53.05,10,32.348589
53.05,10,32.350595
53.05,10,32.354608
53.05,10,32.356615
53.05,10,32.360369
53.05,10,32.364383
53.05,10,32.366389
53.05,10,32.370403
53.05,10,32.37241
53.05,10,32.376165
53.05,10,32.380101
53.045,11,32.383101
53.05,10,32.385101
53.05,10,32.3881
53.05,10,32.391097
53.05,10,32.39346
53.05,10,32.396458
53.05,10,32.399469
53.05,10,32.401466
53.05,10,32.404458
53.05,10,32.406463
53.05,10,32.406463
53.05,10,32.406463
53.05,10,32.406463
53.05,10,32.406463
53.05,10,32.406463
53.05,10,32.422446
53.05,10,32.422446
53.05,10,32.422446
53.05,10,32.422446
53.05,10,32.422446
53.05,10,32.422446
53.05,10,32.438373
53.05,10,32.438373
53.05,10,32.438373
53.05,10,32.438373
53.05,10,32.438373
53.05,10,32.456543
53.04,12,32.456543
53.05,10,32.456543
53.05,10,32.456543
53.05,10,32.456543
53.05,10,32.470645
53.05,10,32.470645
53.05,10,32.470645
53.05,10,32.478246
53.05,10,32.478246
53.05,10,32.478246
53.05,10,32.486876
53.05,10,32.490744
53.05,10,32.492749
53.045,11,32.492749
53.05,10,32.492749
53.05,10,32.504287
53.05,10,32.506284
53.05,10,32.509292
53.05,10,32.512286
53.05,10,32.515289
53.05,10,32.515289
52.915,37,32.515289
53.045,11,32.53113
53.05,10,32.53113
53.05,10,32.53113
53.05,10,32.53113
53.05,10,32.53113
53.05,10,32.53113
53.05,10,32.546972
53.05,10,32.546972
53.05,10,32.546972
53.05,10,32.546972
53.05,10,32.546972
53.05,10,32.56321
53.05,10,32.56321
53.05,10,32.56321
53.05,10,32.56321
53.05,10,32.56321
53.05,10,32.578483
53.05,10,32.578483
52.96,28,32.578483
53.05,10,32.578483
53.05,10,32.595315
53.05,10,32.59824
53.05,10,32.600244
53.05,10,32.60399
53.05,10,32.607029
53.05,10,32.610145
53.05,10,32.613142
53.05,10,32.616038
53.05,10,32.619037
53.05,10,32.622038
53.05,10,32.625037
53.05,10,32.628134
53.05,10,32.631168
53.04,12,32.717473
53.05,10,32.720472
53.05,10,32.723472
53.05,10,32.726473
53.05,10,32.729473
53.05,10,32.732473
53.05,10,32.736471
53.045,11,32.739585
53.05,10,32.740586
53.05,10,32.740586
53.05,10,32.740586
53.05,10,32.740586
53.05,10,32.740586
53.05,10,32.756648
53.05,10,32.756648
53.04,12,32.756648
53.05,10,32.756648
53.05,10,32.756648
53.05,10,32.756648
53.05,10,32.772869
53.05,10,32.772869
53.045,11,32.778698
53.05,10,32.778698
53.05,10,32.778698
53.05,10,32.788864
53.05,10,32.792152
53.05,10,32.794152
53.035,13,32.798152
53.05,10,32.801152
53.05,10,32.804578
53.05,10,32.807755
53.05,10,32.810742
53.05,10,32.812756
53.05,10,32.81592
53.05,10,32.818913
53.05,10,32.822055
53.05,10,32.825156
53.05,10,32.828159
53.05,10,32.831153
53.05,10,32.834165
53.05,10,32.83717
53.05,10,32.840169
53.05,10,32.843163
53.05,10,32.84416
53.05,10,32.84416
53.05,10,32.84416
53.05,10,32.84416
53.05,10,32.84416
53.05,10,32.859987
53.05,10,32.859987
53.04,12,32.859987
53.05,10,32.859987
53.05,10,32.859987
53.05,10,32.859987
53.05,10,32.878901
53.05,10,32.878901
53.05,10,32.878901
53.05,10,32.878901
53.04,12,32.878901
53.05,10,32.892046
53.05,10,32.892046
53.05,10,32.892046
53.05,10,32.892046
53.05,10,32.892046
53.045,11,32.907889
53.045,11,32.907889
53.045,11,32.907889
53.05,10,32.907889
53.05,10,32.907889
53.05,10,32.924021
53.045,11,32.92712
53.045,11,32.929124
53.05,10,32.932606
53.05,10,32.936087
53.05,10,32.937827
53.05,10,32.941885
53.05,10,32.945034
53.05,10,32.948059
53.05,10,32.951085
53.05,10,32.953091
53.05,10,32.953091
53.05,10,32.953091
53.05,10,32.953091
53.05,10,32.953091
53.05,10,32.953091
53.05,10,32.969043
53.05,10,32.969043
53.045,11,32.969043
53.05,10,32.97899
53.05,10,32.97899
53.05,10,32.985114
53.05,10,32.985114
53.05,10,32.985114
53.05,10,32.985114
53.05,10,32.985114
53.05,10,32.985114
53.05,10,33.001083
53.05,10,33.001083
53.05,10,33.001083
53.045,11,33.001083
53.04,12,33.093891
53.05,10,33.093891
53.05,10,33.093891
53.04,12,33.093891
53.05,10,33.109626
53.045,11,33.109626
53.05,10,33.109626
53.035,13,33.109626
53.05,10,33.109626
53.05,10,33.127223
53.05,10,33.127223
53.05,10,33.127223
53.05,10,33.127223
53.05,10,33.127223
53.05,10,33.141452
53.05,10,33.144433
53.04,12,33.147431
53.04,12,33.151431
53.04,12,33.15444
53.05,10,33.15732
53.05,10,33.159544
53.05,10,33.162546
53.05,10,33.165663
53.05,10,33.16866
53.05,10,33.171658
53.05,10,33.173654
53.045,11,33.173654
53.05,10,33.179407
53.05,10,33.179407
53.05,10,33.179407
53.03,14,33.189695
53.05,10,33.192502
53.04,12,33.195508
53.05,10,33.195508
53.04,12,33.195508
53.04,12,33.195508
53.05,10,33.210127
53.05,10,33.213127
53.05,10,33.215132
53.05,10,33.218114
53.05,10,33.221124
53.05,10,33.223847
53.05,10,33.227035
53.05,10,33.230029
53.05,10,33.233025
53.045,11,33.236026
53.05,10,33.239037
53.05,10,33.241034
53.05,10,33.241034
53.05,10,33.241034
53.045,11,33.241034
53.05,10,33.241034
53.05,10,33.256971
53.04,12,33.260296
53.05,10,33.262263
53.05,10,33.265497
53.04,12,33.268716
53.05,10,33.271705
53.05,10,33.274711
53.05,10,33.277697
53.05,10,33.280302
53.04,12,33.284574
53.04,12,33.287575
53.05,10,33.290887
53.05,10,33.293877
53.05,10,33.296876
53.035,13,33.296876
53.05,10,33.296876
53.04,12,33.296876
53.035,13,33.296876
53.05,10,33.312652
53.04,12,33.312652
53.045,11,33.312652
53.04,12,33.312652
53.05,10,33.312652
53.05,10,33.328662
53.05,10,33.328662
53.04,12,33.328662
53.045,11,33.328662
53.05,10,33.328662
53.05,10,33.344555
53.05,10,33.344555
53.05,10,33.344555
53.045,11,33.344555
53.05,10,33.344555
53.05,10,33.344555
53.05,10,33.360715
53.045,11,33.360715
53.05,10,33.360715
53.05,10,33.360715
53.045,11,33.360715
53.05,10,33.376936
53.04,12,33.380648
53.05,10,33.383752
53.05,10,33.386772
53.05,10,33.389767
53.05,10,33.39211
53.05,10,33.484281
53.05,10,33.48728
53.04,12,33.491281
53.05,10,33.494281
53.05,10,33.49728
53.045,11,33.500281
53.05,10,33.500281
53.05,10,33.500281
53.05,10,33.500281
53.04,12,33.500281
53.05,10,33.500281
53.045,11,33.516129
53.05,10,33.519808
53.05,10,33.521814
53.045,11,33.521814
53.05,10,33.521814
53.05,10,33.532115
53.04,12,33.532115
53.05,10,33.532115
53.05,10,33.532115
53.05,10,33.532115
53.045,11,33.547996
53.05,10,33.547996
53.05,10,33.547996
53.05,10,33.547996
53.05,10,33.547996
53.05,10,33.547996
53.045,11,33.564011
53.05,10,33.564011
53.05,10,33.564011
53.05,10,33.564011
53.045,11,33.564011
53.05,10,33.580219
53.05,10,33.580219
53.05,10,33.580219
53.05,10,33.580219
53.05,10,33.580219
53.05,10,33.596049
53.05,10,33.598588
53.05,10,33.601575
53.05,10,33.604591
53.05,10,33.607598
53.05,10,33.609596
53.05,10,33.609596
53.05,10,33.609596
53.05,10,33.609596
53.05,10,33.609596
53.05,10,33.609596
53.05,10,33.626313
53.05,10,33.626313
53.05,10,33.626313
53.05,10,33.626313
53.045,11,33.626313
53.045,11,33.641128
53.05,10,33.641128
53.045,11,33.641128
53.05,10,33.641128
53.05,10,33.641128
53.05,10,33.658348
53.04,12,33.658744
53.05,10,33.658744
53.05,10,33.658744
53.05,10,33.658744
53.05,10,33.673757
53.05,10,33.676872
53.05,10,33.678879
53.04,12,33.683609
53.04,12,33.686607
53.05,10,33.690127
53.04,12,33.692157
53.05,10,33.696477
53.045,11,33.698484
53.05,10,33.702496
53.05,10,33.704502
53.05,10,33.708037
53.05,10,33.711036
53.05,10,33.714036
53.05,10,33.717036
53.04,12,33.720036
53.05,10,33.724027
53.045,11,33.727162
53.045,11,33.730158
53.05,10,33.732162
53.05,10,33.735162
53.05,10,33.739159
53.05,10,33.741163
53.05,10,33.741163
53.05,10,33.741163
53.05,10,33.741163
53.05,10,33.741163
53.045,11,33.741163
53.045,11,33.757104
53.05,10,33.757104
53.05,10,33.757104
53.05,10,33.757104
53.05,10,33.757104
53.05,10,33.773242
53.05,10,33.773242
53.05,10,33.773242
53.045,11,33.860257
53.05,10,33.871759
53.05,10,33.873765
53.05,10,33.877779
53.05,10,33.880792
53.05,10,33.882799
53.05,10,33.886813
53.035,13,33.890825
53.035,13,33.895633
53.05,10,33.897639
53.05,10,33.899645
53.04,12,33.903657
53.05,10,33.90767
53.045,11,33.911684
52.99,22,33.917703
53.05,10,33.91971
53.05,10,33.924688
53.05,10,33.927695
53.04,12,33.931695
53.05,10,33.934695
53.05,10,33.937695
53.05,10,33.937695
53.05,10,33.937695
53.05,10,33.937695
53.05,10,33.937695
53.05,10,33.953635
53.05,10,33.953635
53.05,10,33.953635
53.05,10,33.953635
53.05,10,33.953635
53.04,12,33.969416
53.05,10,33.969416
53.05,10,33.969416
53.045,11,33.969416
53.05,10,33.98076
53.05,10,33.98076
53.05,10,33.985259
53.05,10,33.989541
53.03,14,33.993553
53.05,10,33.997566
53.05,10,33.999571
53.05,10,34.001319
53.05,10,34.001319
53.05,10,34.001319
53.05,10,34.001319
53.04,12,34.001319
53.05,10,34.017284
53.05,10,34.020755
53.04,12,34.023765
53.05,10,34.026764
53.05,10,34.029758
53.015,17,34.033761
53.05,10,34.036754
53.04,12,34.040761
53.05,10,34.042759
53.05,10,34.045762
53.05,10,34.046753
53.05,10,34.046753
53.05,10,34.046753
53.05,10,34.046753
53.05,10,34.046753
53.05,10,34.062561
53.05,10,34.062561
53.05,10,34.062561
53.05,10,34.062561
53.05,10,34.062561
53.05,10,34.062561
53.05,10,34.078775
53.05,10,34.080889
53.05,10,34.080889
53.05,10,34.080889
53.045,11,34.080889
53.05,10,34.080889
53.05,10,34.094802
53.05,10,34.094802
53.05,10,34.094802
53.04,12,34.094802
53.05,10,34.094802
53.045,11,34.110983
53.045,11,34.110983
53.05,10,34.110983
53.05,10,34.110983
53.05,10,34.110983
53.05,10,34.110983
53.045,11,34.126966
53.05,10,34.126966
53.05,10,34.126966
53.05,10,34.126966
53.05,10,34.126966
53.05,10,34.143133
53.045,11,34.147553
53.05,10,34.149573
53.045,11,34.15256
53.04,12,34.156567
53.04,12,34.156567
53.045,11,34.156567
53.05,10,34.156567
53.05,10,34.260426
53.05,10,34.262426
53.05,10,34.265426
53.045,11,34.268432
53.05,10,34.271432
53.05,10,34.275432
53.05,10,34.278433
53.04,12,34.282174
53.05,10,34.285161
53.045,11,34.288171
53.05,10,34.291172
53.045,11,34.294172
53.05,10,34.297172
53.05,10,34.297172
53.05,10,34.297172
53.05,10,34.297172
53.05,10,34.297172
53.05,10,34.297172
53.05,10,34.312997
53.05,10,34.312997
53.05,10,34.312997
53.05,10,34.312997
53.05,10,34.312997
53.05,10,34.312997
53.05,10,34.328862
53.05,10,34.328862
53.05,10,34.328862
53.05,10,34.328862
53.05,10,34.328862
53.05,10,34.344659
53.05,10,34.344659
53.05,10,34.344659
53.05,10,34.344659
53.045,11,34.344659
53.05,10,34.344659
53.05,10,34.360515
53.05,10,34.360515
53.05,10,34.360515
53.05,10,34.360515
53.05,10,34.360515
53.05,10,34.376734
53.05,10,34.376734
53.05,10,34.381044
53.045,11,34.381044
53.045,11,34.381044
53.05,10,34.381044
53.045,11,34.392673
53.035,13,34.392673
53.05,10,34.392673
53.05,10,34.392673
53.045,11,34.392673
53.05,10,34.40865
53.045,11,34.40865
53.045,11,34.40865
53.05,10,34.40865
53.05,10,34.40865
53.05,10,34.424639
53.04,12,34.424639
53.04,12,34.424639
53.04,12,34.424639
53.035,13,34.424639
53.05,10,34.440864
53.05,10,34.440864
53.04,12,34.440864
53.05,10,34.440864
53.035,13,34.440864
53.05,10,34.458649
53.05,10,34.470827
53.04,12,34.47667
53.05,10,34.478676
53.05,10,34.481183
53.05,10,34.485195
53.035,13,34.488948
53.05,10,34.491468
53.05,10,34.491468
53.04,12,34.491468
53.045,11,34.491468
53.05,10,34.504694
53.05,10,34.5067
53.04,12,34.508703
53.05,10,34.508703
53.045,11,34.508703
53.045,11,34.508703
53.04,12,34.520814
53.05,10,34.520814
53.04,12,34.520814
53.05,10,34.520814
53.045,11,34.520814
53.05,10,34.536947
53.05,10,34.536947
53.05,10,34.536947
53.05,10,34.536947
53.05,10,34.536947
53.045,11,34.536947
53.05,10,34.553033
53.05,10,34.55886
53.045,11,34.560866
53.045,11,34.564878
53.05,10,34.652914
53.05,10,34.656668
53.04,12,34.660682
53.05,10,34.66269
53.05,10,34.666703
53.05,10,34.670717
53.05,10,34.673721
53.05,10,34.678712
53.05,10,34.681234
53.045,11,34.684263
53.045,11,34.687262
53.05,10,34.690543
53.05,10,34.69085
53.05,10,34.69085
53.05,10,34.69085
53.05,10,34.69085
53.04,12,34.69085
53.05,10,34.707939
53.05,10,34.71093
53.05,10,34.712929
53.05,10,34.715934
53.045,11,34.71893
53.05,10,34.721929
53.045,11,34.725784
53.05,10,34.728799
53.05,10,34.731894
53.05,10,34.734893
53.05,10,34.736896
53.045,11,34.740249
53.045,11,34.743402
53.05,10,34.746408
53.05,10,34.749403
53.05,10,34.752413
53.05,10,34.755404
53.05,10,34.756951
53.05,10,34.756951
53.05,10,34.756951
53.04,12,34.756951
53.05,10,34.756951
53.05,10,34.77224
53.04,12,34.776438
53.05,10,34.779438
53.05,10,34.781443
53.05,10,34.78479
53.05,10,34.787791
53.045,11,34.791775
53.05,10,34.793781
53.045,11,34.796794
53.05,10,34.799928
53.04,12,34.803934
53.04,12,34.806936
53.05,10,34.809941
53.045,11,34.812931
53.05,10,34.812931
53.05,10,34.812931
53.05,10,34.812931
53.05,10,34.812931
53.05,10,34.812931
53.05,10,34.828892
53.05,10,34.828892
53.045,11,34.828892
53.05,10,34.828892
53.05,10,34.828892
53.04,12,34.844678
53.05,10,34.849066
53.05,10,34.851072
53.05,10,34.855084
53.04,12,34.85709
53.05,10,34.860602
53.05,10,34.864418
53.05,10,34.866424
52.995,21,34.874715
53.05,10,34.877989
53.05,10,34.879972
53.05,10,34.88372
53.05,10,34.88672
53.05,10,34.888714
53.05,10,34.891724
53.05,10,34.894922
53.05,10,34.897937
53.05,10,34.90093
53.05,10,34.902932
53.04,12,34.905927
53.04,12,34.905927
53.05,10,34.905927
53.045,11,34.905927
53.05,10,34.905927
53.05,10,34.921779
53.05,10,34.921779
53.05,10,34.921779
53.05,10,34.921779
53.05,10,34.921779
53.05,10,34.921779
53.05,10,34.939551
53.05,10,34.941294
53.05,10,34.943034
53.04,12,34.943034
53.045,11,34.943034
53.045,11,35.043123
53.05,10,35.047136
53.05,10,35.050903
53.04,12,35.054915
53.035,13,35.058928
53.05,10,35.060934
53.04,12,35.064948
53.05,10,35.068962
53.04,12,35.070969
53.05,10,35.074982
53.05,10,35.078736
53.05,10,35.081749
53.05,10,35.083755
53.045,11,35.087769
53.045,11,35.091782
53.05,10,35.094794
53.045,11,35.0968
53.05,10,35.100813
53.05,10,35.10282
53.05,10,35.106833
53.05,10,35.108839
53.05,10,35.113816
53.05,10,35.116817
53.05,10,35.119816
53.05,10,35.122817
53.05,10,35.124817
53.05,10,35.124817
53.05,10,35.124817
53.05,10,35.124817
53.04,12,35.140834
53.05,10,35.140834
53.05,10,35.140834
53.05,10,35.140834
53.05,10,35.140834
52.995,21,35.158775
53.05,10,35.160777
53.05,10,35.162781
53.04,12,35.164523
53.05,10,35.164523
53.05,10,35.172504
53.05,10,35.172504
53.05,10,35.172504
53.05,10,35.172504
53.05,10,35.182074
53.05,10,35.182074
53.05,10,35.189282
53.05,10,35.192873
53.05,10,35.195851
53.05,10,35.19885
53.05,10,35.20085
53.05,10,35.204849
53.05,10,35.207863
53.05,10,35.207863
53.05,10,35.207863
53.05,10,35.207863
53.035,13,35.207863
53.05,10,35.207863
53.05,10,35.226552
53.05,10,35.228552
53.05,10,35.231552
53.05,10,35.234552
53.05,10,35.237552
53.05,10,35.240836
53.05,10,35.242839
53.05,10,35.246585
53.045,11,35.248325
53.05,10,35.251805
53.05,10,35.253545
53.05,10,35.257967
53.05,10,35.260967
53.05,10,35.263967
53.045,11,35.266967
53.05,10,35.269973
53.05,10,35.273694
53.045,11,35.276067
53.05,10,35.279069
53.05,10,35.282081
53.05,10,35.284639
53.04,12,35.28764
53.05,10,35.290076
53.05,10,35.293734
53.05,10,35.297746
53.05,10,35.299752
53.05,10,35.301759
53.05,10,35.305512
53.05,10,35.308751
53.05,10,35.311766
53.05,10,35.313969
53.04,12,35.317967
53.03,14,35.320979
53.05,10,35.323968
53.05,10,35.327063
53.05,10,35.329435
53.05,10,35.332441
53.05,10,35.335441
53.05,10,35.33743
53.05,10,35.340431
53.05,10,35.34343
53.05,10,35.432132
53.05,10,35.435131
53.05,10,35.438132
53.035,13,35.442132
53.05,10,35.446132
53.045,11,35.449132
53.05,10,35.453132
53.05,10,35.453132
53.045,11,35.453132
53.05,10,35.453132
53.05,10,35.453132
53.045,11,35.453132
53.05,10,35.46927
53.05,10,35.46927
53.05,10,35.46927
53.05,10,35.46927
53.05,10,35.46927
53.05,10,35.485057
53.05,10,35.48706
53.05,10,35.489064
53.05,10,35.489064
53.05,10,35.489064
53.04,12,35.489064
53.05,10,35.501032
53.05,10,35.501032
53.05,10,35.501032
53.05,10,35.501032
53.045,11,35.501032
53.05,10,35.51687
53.05,10,35.51687
53.05,10,35.520538
53.035,13,35.520538
53.05,10,35.520538
53.05,10,35.520538
53.05,10,35.532709
53.05,10,35.532709
53.05,10,35.532709
53.05,10,35.532709
53.05,10,35.532709
53.05,10,35.548922
53.05,10,35.552329
53.045,11,35.555331
53.045,11,35.558333
53.03,14,35.56233
53.05,10,35.56233
53.05,10,35.56233
53.05,10,35.56233
53.04,12,35.56233
53.05,10,35.56233
53.05,10,35.579485
53.05,10,35.582499
53.05,10,35.586511
53.045,11,35.588517
53.05,10,35.592529
53.05,10,35.594276
53.045,11,35.594276
53.05,10,35.594276
53.05,10,35.594276
53.035,13,35.594276
53.05,10,35.610349
53.05,10,35.610349
53.05,10,35.610349
53.05,10,35.610349
53.045,11,35.610349
53.05,10,35.610349
53.045,11,35.626434
53.05,10,35.626434
53.045,11,35.626434
53.05,10,35.626434
53.05,10,35.626434
53.05,10,35.626434
53.05,10,35.642679
53.05,10,35.642679
53.05,10,35.642679
53.05,10,35.642679
53.045,11,35.642679
53.05,10,35.659212
53.045,11,35.663332
53.045,11,35.666348
53.05,10,35.669453
53.05,10,35.671441
53.05,10,35.67245
53.05,10,35.67245
53.05,10,35.67245
53.05,10,35.682682
53.05,10,35.682682
53.045,11,35.689097
53.05,10,35.691333
53.05,10,35.695926
53.05,10,35.697932
53.05,10,35.701944
53.04,12,35.703952
53.05,10,35.708201
53.045,11,35.711188
53.05,10,35.714183
53.045,11,35.717189
53.05,10,35.720177
53.05,10,35.723186
53.04,12,35.812161
53.04,12,35.816161
53.04,12,35.820205
53.05,10,35.831678
53.05,10,35.834677
53.045,11,35.83768
53.05,10,35.840775
53.04,12,35.840775
53.05,10,35.840775
53.05,10,35.840775
53.05,10,35.840775
53.035,13,35.856763
53.05,10,35.856763
53.045,11,35.856763
53.04,12,35.856763
53.035,13,35.856763
53.05,10,35.872588
53.05,10,35.872588
53.05,10,35.872588
53.05,10,35.882856
53.05,10,35.882856
53.04,12,35.888429
53.04,12,35.888429
53.05,10,35.888429
53.05,10,35.888429
53.05,10,35.904288
53.045,11,35.908324
53.05,10,35.910329
53.04,12,35.914342
53.04,12,35.918354
53.05,10,35.920101
53.045,11,35.924113
53.05,10,35.926119
53.05,10,35.928125
53.05,10,35.932137
53.05,10,35.934143
53.05,10,35.937896
53.04,12,35.939903
53.045,11,35.943915
53.05,10,35.945921
53.04,12,35.949933
53.045,11,35.953743
53.05,10,35.95575
53.05,10,35.959762
53.05,10,35.961767
53.05,10,35.963773
53.04,12,35.967531
53.05,10,35.971781
53.05,10,35.973788
53.05,10,35.975794
53.05,10,35.979806
53.05,10,35.982818
53.05,10,35.988401
53.045,11,35.992399
53.05,10,35.995398
53.05,10,35.998392
53.05,10,36.000774
53.05,10,36.000774
53.04,12,36.000774
53.05,10,36.000774
53.05,10,36.000774
53.04,12,36.016563
53.05,10,36.019101
53.05,10,36.023113
53.05,10,36.025119
53.05,10,36.027125
53.05,10,36.031137
53.05,10,36.034649
53.05,10,36.036655
53.05,10,36.038661
53.05,10,36.042673
53.05,10,36.044679
53.05,10,36.046685
53.05,10,36.050438
53.05,10,36.052444
53.04,12,36.056457
53.045,11,36.058465
53.05,10,36.062477
53.05,10,36.064224
53.045,11,36.068237
53.045,11,36.070243
53.04,12,36.074255
53.05,10,36.076262
53.05,10,36.080015
53.04,12,36.083811
53.05,10,36.086811
53.05,10,36.089811
53.05,10,36.092811
53.05,10,36.094811
53.05,10,36.097811
53.05,10,36.100811
53.05,10,36.103811
53.05,10,36.106811
53.045,11,36.109812
53.05,10,36.109812
53.05,10,36.109812
53.05,10,36.109812
53.05,10,36.109812
53.05,10,36.211855
53.05,10,36.214854
53.05,10,36.217855
53.05,10,36.221854
53.045,11,36.22479
53.045,11,36.228785
53.045,11,36.231785
53.05,10,36.235785
53.045,11,36.238785
53.05,10,36.240787
53.05,10,36.240787
53.025,15,36.240787
53.05,10,36.240787
53.05,10,36.240787
53.05,10,36.258809
53.05,10,36.258809
53.05,10,36.258809
53.05,10,36.272657
53.05,10,36.276712
53.05,10,36.278725
53.04,12,36.282737
53.025,15,36.286749
53.05,10,36.288497
53.05,10,36.29251
53.04,12,36.294516
53.045,11,36.298528
53.05,10,36.300534
53.035,13,36.306629
53.05,10,36.309754
53.045,11,36.312742
53.05,10,36.315742
53.04,12,36.318744
53.05,10,36.321631
53.05,10,36.32463
53.05,10,36.327631
53.05,10,36.330631
53.05,10,36.33363
53.05,10,36.33563
53.05,10,36.338631
53.05,10,36.340335
53.05,10,36.340335
53.05,10,36.340335
53.05,10,36.340335
53.045,11,36.340335
53.05,10,36.355741
53.05,10,36.355741
53.05,10,36.355741
53.05,10,36.355741
53.03,14,36.355741
53.045,11,36.37197
53.05,10,36.375985
53.035,13,36.377991
53.05,10,36.382004
53.045,11,36.385016
53.05,10,36.388027
53.05,10,36.390033
53.04,12,36.394046
53.04,12,36.396051
53.04,12,36.400064
53.05,10,36.402069
53.05,10,36.405823
53.05,10,36.407829
53.05,10,36.411841
53.05,10,36.413846
53.05,10,36.415853
53.05,10,36.419606
53.04,12,36.423618
53.04,12,36.425624
53.05,10,36.429637
53.04,12,36.431643
53.05,10,36.4354
53.05,10,36.437407
53.05,10,36.441419
53.03,14,36.445431
53.05,10,36.447437
53.05,10,36.45119
53.05,10,36.453196
53.045,11,36.457209
53.035,13,36.461221
53.045,11,36.463227
53.05,10,36.46698
53.04,12,36.46698
53.04,12,36.46698
53.05,10,36.46698
53.05,10,36.483424
53.05,10,36.48543
53.05,10,36.489442
53.03,14,36.493454
53.05,10,36.495461
53.05,10,36.498972
53.05,10,36.500978
53.05,10,36.504991
53.035,13,36.506998
53.05,10,36.51101
53.05,10,36.513016
53.05,10,36.518345
53.05,10,36.604316
53.05,10,36.608329
53.045,11,36.610336
53.05,10,36.614349
53.04,12,36.618363
53.05,10,36.62037
53.045,11,36.624383
53.05,10,36.628553
53.045,11,36.631551
53.045,11,36.6346
53.05,10,36.637671
53.045,11,36.640666
53.05,10,36.643905
53.05,10,36.646893
53.045,11,36.649891
53.05,10,36.651799
53.045,11,36.6558
53.05,10,36.6558
53.045,11,36.6558
53.05,10,36.6558
53.04,12,36.6558
53.05,10,36.6558
53.045,11,36.671642
53.04,12,36.671642
53.05,10,36.671642
53.05,10,36.671642
53.045,11,36.683843
53.04,12,36.688519
53.035,13,36.693351
53.035,13,36.697366
53.05,10,36.699372
53.045,11,36.703384
53.05,10,36.70705
53.045,11,36.710056
53.05,10,36.713056
53.045,11,36.716056
53.05,10,36.719056
53.045,11,36.722056
53.05,10,36.725789
53.045,11,36.728568
53.05,10,36.73184
53.01,18,36.736592
53.045,11,36.740599
53.05,10,36.740599
53.045,11,36.740599
53.05,10,36.740599
53.05,10,36.740599
53.05,10,36.740599
53.04,12,36.756556
53.045,11,36.756556
53.05,10,36.756556
53.05,10,36.756556
53.05,10,36.756556
53.045,11,36.772345
53.045,11,36.772345
53.05,10,36.772345
53.05,10,36.772345
53.05,10,36.784094
53.045,11,36.784094
53.045,11,36.788187
53.05,10,36.788187
53.04,12,36.788187
53.025,15,36.788187
53.02,16,36.80425
53.05,10,36.80425
53.05,10,36.80425
53.05,10,36.80425
53.05,10,36.80425
53.035,13,36.80425
53.04,12,36.822646
53.035,13,36.82665
53.045,11,36.829653
53.05,10,36.832656
53.05,10,36.835629
53.045,11,36.83954
53.05,10,36.84254
53.05,10,36.845539
53.04,12,36.848539
53.05,10,36.85154
53.05,10,36.85454
53.05,10,36.857539
53.05,10,36.860539
53.05,10,36.862539
53.05,10,36.865539
53.045,11,36.869609
53.05,10,36.872661
53.045,11,36.873554
53.045,11,36.873554
53.05,10,36.873554
53.05,10,36.873554
53.05,10,36.884371
53.05,10,36.889536
53.05,10,36.889536
53.05,10,36.889536
53.045,11,36.984553
53.05,10,36.989196
53.045,11,36.99321
53.05,10,36.995217
53.05,10,36.999231
53.05,10,37.003246
53.05,10,37.005253
53.045,11,37.009267
53.04,12,37.01328
53.045,11,37.016952
53.045,11,37.020965
53.04,12,37.022973
53.045,11,37.026986
53.045,11,37.030742
53.05,10,37.034756
53.05,10,37.036763
53.05,10,37.040776
53.04,12,37.042783
53.05,10,37.046538
53.04,12,37.046538
53.045,11,37.046538
53.05,10,37.046538
53.045,11,37.046538
53.05,10,37.062541
53.05,10,37.062541
53.05,10,37.062541
53.05,10,37.062541
53.025,15,37.062541
53.035,13,37.078454
53.05,10,37.078454
53.045,11,37.078454
53.045,11,37.084806
53.045,11,37.084806
53.05,10,37.084806
53.05,10,37.094408
53.045,11,37.094408
53.05,10,37.094408
53.05,10,37.094408
53.05,10,37.094408
53.05,10,37.094408
53.045,11,37.110354
53.045,11,37.110354
53.05,10,37.110354
53.03,14,37.110354
53.05,10,37.110354
53.04,12,37.12621
53.05,10,37.12621
53.03,14,37.12621
53.05,10,37.12621
53.05,10,37.12621
53.05,10,37.142011
53.045,11,37.142011
53.04,12,37.142011
53.045,11,37.142011
53.05,10,37.142011
53.03,14,37.161478
53.05,10,37.164477
53.045,11,37.167477
53.05,10,37.170482
53.05,10,37.173769
53.05,10,37.17577
53.05,10,37.178771
53.05,10,37.18177
53.05,10,37.183765
53.05,10,37.186491
53.05,10,37.187495
53.05,10,37.187495
53.05,10,37.187495
53.05,10,37.187495
53.05,10,37.187495
53.05,10,37.203442
53.04,12,37.207113
53.05,10,37.207113
53.03,14,37.213857
53.04,12,37.217869
53.05,10,37.219875
53.05,10,37.223438
53.05,10,37.226444
53.04,12,37.230444
53.045,11,37.233444
53.05,10,37.235444
53.04,12,37.239572
53.05,10,37.242891
53.05,10,37.244869
53.045,11,37.247873
53.04,12,37.251871
53.05,10,37.254765
53.03,14,37.257871
53.05,10,37.257871
53.05,10,37.257871
53.05,10,37.257871
53.05,10,37.257871
53.05,10,37.257871
53.045,11,37.273908
53.045,11,37.273908
53.04,12,37.273908
53.04,12,37.3613
53.05,10,37.3613
53.05,10,37.375534
53.05,10,37.379533
53.05,10,37.382533
53.025,15,37.388197
53.05,10,37.391196
53.05,10,37.394185
53.045,11,37.397191
53.05,10,37.400192
53.04,12,37.404188
53.05,10,37.407206
53.05,10,37.407206
53.045,11,37.407206
53.045,11,37.407206
53.05,10,37.407206
53.05,10,37.423215
53.05,10,37.423215
53.04,12,37.423215
53.05,10,37.423215
53.05,10,37.423215
53.05,10,37.439435
53.045,11,37.439435
53.05,10,37.439435
53.05,10,37.439435
53.05,10,37.439435
53.045,11,37.455384
53.045,11,37.455384
53.045,11,37.455384
53.05,10,37.455384
53.045,11,37.455384
53.05,10,37.471313
53.045,11,37.471313
53.045,11,37.471313
53.045,11,37.471313
53.045,11,37.48551
53.05,10,37.487365
53.05,10,37.487365
53.045,11,37.487365
53.05,10,37.487365
53.035,13,37.487365
53.05,10,37.50315
53.035,13,37.504025
53.035,13,37.504025
53.05,10,37.504025
53.04,12,37.504025
53.035,13,37.519386
53.045,11,37.519386
53.05,10,37.519386
53.05,10,37.519386
53.045,11,37.519386
53.035,13,37.535543
53.05,10,37.535543
53.05,10,37.535543
53.045,11,37.535543
53.05,10,37.535543
53.05,10,37.535543
53.035,13,37.551471
53.035,13,37.551471
53.045,11,37.551471
53.045,11,37.551471
53.045,11,37.567368
53.035,13,37.567368
53.05,10,37.567368
53.045,11,37.567368
53.045,11,37.567368
53.05,10,37.567368
53.05,10,37.58561
53.04,12,37.58561
53.045,11,37.58561
53.05,10,37.58561
53.045,11,37.58561
53.05,10,37.600289
53.035,13,37.604411
53.05,10,37.607398
53.045,11,37.61041
53.04,12,37.61041
53.045,11,37.61041
53.045,11,37.61041
53.05,10,37.61041
53.05,10,37.61041
53.04,12,37.626364
53.05,10,37.626364
53.05,10,37.626364
53.05,10,37.626364
53.05,10,37.626364
53.045,11,37.642492
53.05,10,37.642492
53.03,14,37.650232
53.04,12,37.650232
53.05,10,37.650232
53.03,14,37.658387
53.05,10,37.658387
53.05,10,37.658387
53.05,10,37.752189
53.045,11,37.75619
53.045,11,37.75719
53.05,10,37.762775
53.05,10,37.764783
53.05,10,37.768796
53.04,12,37.772812
53.05,10,37.776827
53.05,10,37.778835
53.05,10,37.782849
53.05,10,37.785862
53.045,11,37.788875
53.05,10,37.793068
53.05,10,37.795075
52.945,31,37.806212
53.05,10,37.809201
53.05,10,37.811201
53.05,10,37.814404
53.05,10,37.817405
53.05,10,37.819404
53.05,10,37.822405
53.05,10,37.825404
53.05,10,37.828405
53.045,11,37.828405
53.05,10,37.828405
53.045,11,37.828405
53.05,10,37.828405
53.05,10,37.828405
53.05,10,37.844206
53.05,10,37.844206
53.05,10,37.844206
53.05,10,37.844206
53.05,10,37.844206
53.05,10,37.844206
53.04,12,37.859922
53.04,12,37.859922
53.04,12,37.859922
53.05,10,37.859922
53.05,10,37.859922
53.045,11,37.875901
53.05,10,37.881844
53.015,17,37.885857
53.05,10,37.887863
53.05,10,37.892467
53.05,10,37.892467
53.04,12,37.898975
53.05,10,37.900981
53.05,10,37.904993
53.04,12,37.908798
53.05,10,37.911792
53.05,10,37.914792
53.045,11,37.917792
53.05,10,37.920792
53.05,10,37.923458
53.045,11,37.92669
53.05,10,37.929675
53.045,11,37.932689
53.045,11,37.93569
53.045,11,37.938691
53.05,10,37.940691
53.05,10,37.940691
53.05,10,37.940691
53.05,10,37.940691
53.05,10,37.940691
53.03,14,37.956518
53.045,11,37.956518
53.045,11,37.956518
53.04,12,37.956518
53.05,10,37.956518
53.05,10,37.956518
53.05,10,37.972437
53.05,10,37.972437
53.045,11,37.972437
53.05,10,37.972437
53.05,10,37.985936
53.05,10,37.988598
53.05,10,37.988598
53.05,10,37.988598
53.05,10,37.988598
53.045,11,37.988598
53.05,10,37.988598
53.05,10,38.004763
53.045,11,38.004763
53.05,10,38.004763
53.05,10,38.004763
53.05,10,38.004763
53.05,10,38.020898
53.05,10,38.020898
53.045,11,38.020898
53.05,10,38.020898
53.05,10,38.020898
53.05,10,38.020898
53.03,14,38.039392
53.05,10,38.042386
53.045,11,38.045383
53.05,10,38.148431
53.045,11,38.151431
53.05,10,38.154431
53.05,10,38.156431
53.05,10,38.156431
53.05,10,38.156431
53.04,12,38.156431
53.045,11,38.156431
53.05,10,38.172219
53.05,10,38.172219
53.035,13,38.172219
53.05,10,38.172219
53.05,10,38.172219
53.045,11,38.188821
53.05,10,38.191479
53.05,10,38.191479
53.05,10,38.197974
52.99,22,38.203779
53.04,12,38.209017
53.05,10,38.212021
53.05,10,38.214011
53.045,11,38.217024
53.05,10,38.220011
53.045,11,38.223733
53.04,12,38.227964
53.05,10,38.230964
53.05,10,38.232964
53.045,11,38.235963
53.05,10,38.24003
53.05,10,38.241039
53.05,10,38.241039
53.05,10,38.241039
53.05,10,38.241039
53.05,10,38.241039
53.05,10,38.25693
53.05,10,38.25693
53.045,11,38.25693
53.05,10,38.25693
53.05,10,38.25693
53.05,10,38.25693
53.05,10,38.273033
53.05,10,38.273033
53.05,10,38.273033
53.05,10,38.273033
53.05,10,38.273033
53.045,11,38.286328
53.05,10,38.288991
53.05,10,38.288991
53.05,10,38.288991
53.045,11,38.288991
53.05,10,38.288991
53.045,11,38.305194
53.045,11,38.308478
53.05,10,38.308478
53.05,10,38.308478
53.05,10,38.308478
53.05,10,38.308478
53.05,10,38.321162
53.05,10,38.321162
53.045,11,38.321162
53.05,10,38.321162
53.04,12,38.321162
53.045,11,38.338703
53.045,11,38.341703
53.045,11,38.345064
53.045,11,38.348072
53.05,10,38.35108
53.05,10,38.354063
53.05,10,38.357056
53.05,10,38.359069
53.05,10,38.359069
53.05,10,38.359069
53.05,10,38.359069
53.04,12,38.359069
53.05,10,38.375015
53.05,10,38.375015
53.05,10,38.375015
53.05,10,38.375015
53.045,11,38.386447
53.04,12,38.386447
53.05,10,38.390654
53.045,11,38.390654
53.05,10,38.390654
53.045,11,38.390654
53.05,10,38.390654
53.05,10,38.406725
53.05,10,38.406725
53.05,10,38.406725
53.05,10,38.406725
53.045,11,38.406725
53.045,11,38.422862
53.05,10,38.422862
53.05,10,38.422862
53.04,12,38.422862
53.05,10,38.422862
53.05,10,38.422862
53.045,11,38.440866
53.045,11,38.522215
53.045,11,38.538075
53.05,10,38.538075
53.05,10,38.538075
53.045,11,38.538075
53.035,13,38.538075
53.05,10,38.554181
53.04,12,38.554181
53.05,10,38.554181
53.05,10,38.554181
53.05,10,38.554181
53.05,10,38.554181
53.05,10,38.570001
53.05,10,38.570001
53.05,10,38.570001
53.05,10,38.570001
53.05,10,38.570001
53.05,10,38.586962
53.05,10,38.586962
53.05,10,38.586962
53.05,10,38.586962
53.05,10,38.586962
53.035,13,38.601953
53.05,10,38.601953
53.05,10,38.601953
53.05,10,38.601953
53.05,10,38.601953
53.05,10,38.618095
53.05,10,38.622056
53.05,10,38.624059
53.05,10,38.625803
53.05,10,38.625803
53.05,10,38.625803
53.05,10,38.634112
53.05,10,38.634112
53.05,10,38.634112
53.05,10,38.634112
53.045,11,38.634112
53.05,10,38.650113
53.05,10,38.650113
53.05,10,38.650113
53.045,11,38.650113
53.05,10,38.650113
53.05,10,38.667561
53.05,10,38.671447
53.05,10,38.671447
53.05,10,38.677186
53.05,10,38.679192
53.04,12,38.683204
53.05,10,38.687067
53.04,12,38.690338
53.05,10,38.693407
53.05,10,38.696514
53.05,10,38.698517
53.045,11,38.70252
53.05,10,38.70452
53.05,10,38.707505
53.05,10,38.710649
53.05,10,38.713638
53.05,10,38.716642
53.05,10,38.719644
53.05,10,38.722641
53.05,10,38.725086
53.05,10,38.728088
53.05,10,38.731084
53.045,11,38.734098
53.05,10,38.737086
53.045,11,38.741083
53.04,12,38.741083
53.05,10,38.741083
53.05,10,38.741083
53.05,10,38.741083
53.05,10,38.741083
53.05,10,38.757053
53.05,10,38.757053
53.05,10,38.757053
53.05,10,38.757053
53.05,10,38.757053
53.045,11,38.77329
53.05,10,38.77329
53.05,10,38.77329
53.05,10,38.77329
53.05,10,38.77329
53.045,11,38.787138
53.05,10,38.789251
53.05,10,38.789251
53.05,10,38.789251
53.045,11,38.789251
53.05,10,38.789251
53.05,10,38.805361
53.05,10,38.805361
53.05,10,38.805361
53.05,10,38.805361
53.045,11,38.805361
53.05,10,38.821585
53.035,13,38.821585
53.05,10,38.821585
53.05,10,38.821585
53.04,12,38.821585
53.05,10,38.837853
53.05,10,38.926254
53.05,10,38.92826
53.05,10,38.932273
53.045,11,38.934279
53.05,10,38.938293
53.045,11,38.942306
53.05,10,38.94632
53.05,10,38.948326
53.05,10,38.95234
53.05,10,38.95556
53.045,11,38.959867
53.05,10,38.962869
53.05,10,38.965869
53.045,11,38.968869
53.05,10,38.973037
53.04,12,38.977159
53.05,10,38.979162
53.05,10,38.982163
53.04,12,38.985159
53.05,10,38.987777
53.05,10,38.990311
53.05,10,38.990311
53.04,12,38.990311
53.05,10,38.990311
53.045,11,38.990311
53.05,10,39.005938
53.05,10,39.005938
53.05,10,39.005938
53.05,10,39.005938
53.05,10,39.005938
53.05,10,39.005938
53.05,10,39.02171
53.045,11,39.02171
53.05,10,39.02171
53.045,11,39.02171
53.05,10,39.02171
53.05,10,39.037601
53.05,10,39.040242
53.05,10,39.043607
53.035,13,39.046972
53.05,10,39.048102
53.05,10,39.048102
53.05,10,39.053422
53.05,10,39.053422
53.05,10,39.053422
53.05,10,39.053422
53.05,10,39.053422
53.045,11,39.069362
53.045,11,39.069362
53.045,11,39.069362
53.045,11,39.069362
53.05,10,39.069362
53.05,10,39.085836
53.045,11,39.089102
53.05,10,39.092085
53.05,10,39.0941
53.05,10,39.0941
53.05,10,39.0941
53.045,11,39.0941
53.05,10,39.0941
53.05,10,39.0941
53.05,10,39.110331
53.05,10,39.110331
53.05,10,39.110331
53.05,10,39.110331
53.05,10,39.110331
53.05,10,39.126163
53.05,10,39.126163
53.05,10,39.126163
53.05,10,39.126163
53.045,11,39.126163
53.05,10,39.126163
53.045,11,39.142391
53.05,10,39.142391
53.045,11,39.142391
53.05,10,39.142391
53.05,10,39.142391
53.05,10,39.15855
53.045,11,39.162558
53.05,10,39.164301
53.05,10,39.164301
53.05,10,39.164301
53.05,10,39.174409
53.045,11,39.174409
53.05,10,39.174409
53.045,11,39.174409
53.05,10,39.174409
53.05,10,39.187468
53.05,10,39.192593
53.05,10,39.196594
53.05,10,39.199594
53.05,10,39.202594
53.045,11,39.202594
53.045,11,39.208248
53.05,10,39.211253
53.045,11,39.214248
53.045,11,39.217253
53.05,10,39.220259
53.045,11,39.223906
53.05,10,39.312479
53.04,12,39.316588
53.045,11,39.319587
53.05,10,39.322573
53.045,11,39.325588
53.045,11,39.328683
53.05,10,39.331683
53.05,10,39.334682
53.05,10,39.337688
53.035,13,39.340686
53.05,10,39.343699
53.04,12,39.343699
53.045,11,39.343699
53.045,11,39.343699
53.05,10,39.343699
53.035,13,39.359555
53.04,12,39.359555
53.05,10,39.359555
53.05,10,39.368797
53.05,10,39.368797
53.05,10,39.37556
53.05,10,39.378998
53.05,10,39.384609
53.05,10,39.386616
53.05,10,39.389629
53.045,11,39.394226
53.05,10,39.394226
53.05,10,39.394226
53.05,10,39.394226
53.045,11,39.394226
53.05,10,39.407847
53.05,10,39.410959
53.05,10,39.413962
53.05,10,39.416955
53.05,10,39.419954
53.04,12,39.421957
53.05,10,39.421957
53.05,10,39.421957
53.05,10,39.421957
53.05,10,39.421957
53.05,10,39.438066
53.04,12,39.438066
53.05,10,39.438066
53.05,10,39.438066
53.05,10,39.438066
53.05,10,39.454272
53.05,10,39.454272
53.05,10,39.460256
53.045,11,39.462262
53.045,11,39.466274
53.05,10,39.46828
53.05,10,39.470028
53.05,10,39.470028
53.05,10,39.470028
53.05,10,39.470028
53.05,10,39.470028
53.05,10,39.48718
53.05,10,39.490516
53.05,10,39.493706
53.05,10,39.496702
53.05,10,39.498699
53.05,10,39.501695
53.05,10,39.504705
53.045,11,39.508298
53.05,10,39.511459
53.05,10,39.514482
53.045,11,39.518
53.05,10,39.52
53.05,10,39.524099
53.05,10,39.527001
53.05,10,39.53
53.04,12,39.531
53.05,10,39.531
53.05,10,39.531
53.045,11,39.531
53.045,11,39.531
53.05,10,39.549339
53.05,10,39.549339
53.05,10,39.549339
53.05,10,39.549339
53.05,10,39.549339
53.05,10,39.563091
53.05,10,39.563091
53.05,10,39.563091
53.05,10,39.563091
53.05,10,39.563091
53.05,10,39.563091
53.05,10,39.579276
53.05,10,39.579276
53.05,10,39.579276
53.05,10,39.588066
53.05,10,39.588066
53.05,10,39.595188
53.05,10,39.596048
53.05,10,39.596048
53.05,10,39.596048
53.05,10,39.596048
53.05,10,39.596048
53.05,10,39.6122
53.05,10,39.700656
53.05,10,39.703651
53.05,10,39.706636
53.045,11,39.709635
53.05,10,39.712636
53.04,12,39.713482
53.05,10,39.713482
53.05,10,39.713482
53.04,12,39.726892
53.05,10,39.729902
53.05,10,39.732895
53.05,10,39.734894
53.05,10,39.737891
53.05,10,39.740833
53.05,10,39.743896
53.05,10,39.74689
53.05,10,39.749886
53.045,11,39.753896
53.05,10,39.756785
53.05,10,39.757901
53.05,10,39.757901
53.045,11,39.757901
53.05,10,39.757901
53.05,10,39.757901
53.05,10,39.773576
53.05,10,39.773576
53.05,10,39.773576
53.04,12,39.773576
53.045,11,39.773576
53.045,11,39.789354
53.05,10,39.789354
53.05,10,39.789354
53.04,12,39.789354
53.05,10,39.789354
53.045,11,39.805509
53.05,10,39.805509
53.05,10,39.805509
53.05,10,39.805509
53.05,10,39.805509
53.045,11,39.805509
53.05,10,39.821754
53.05,10,39.821754
53.05,10,39.821754
53.05,10,39.821754
53.03,14,39.821754
53.04,12,39.840147
53.05,10,39.843147
53.05,10,39.846503
53.05,10,39.8495
53.045,11,39.852513
53.05,10,39.855502
53.05,10,39.858494
53.05,10,39.859495
53.05,10,39.859495
53.045,11,39.859495
53.05,10,39.859495
53.05,10,39.859495
53.05,10,39.87542
53.05,10,39.87542
53.05,10,39.87542
53.05,10,39.87542
53.05,10,39.88864
53.04,12,39.89129
53.05,10,39.89129
53.05,10,39.89129
53.05,10,39.89129
53.05,10,39.89129
53.05,10,39.907486
53.05,10,39.909491
53.05,10,39.913497
53.05,10,39.913497
53.045,11,39.913497
53.05,10,39.913497
53.04,12,39.923499
53.05,10,39.923499
53.05,10,39.923499
53.045,11,39.923499
53.05,10,39.923499
53.05,10,39.940991
53.05,10,39.952528
53.05,10,39.954528
53.035,13,39.958515
53.045,11,39.962515
53.05,10,39.964515
53.05,10,39.967516
53.05,10,39.969516
53.05,10,39.969516
53.05,10,39.969516
53.05,10,39.969516
53.05,10,39.969516
53.05,10,39.969516
53.05,10,39.985409
53.05,10,39.98868
53.05,10,39.98868
53.05,10,39.98868
53.05,10,39.98868
53.05,10,40.001144
53.045,11,40.004981
53.05,10,40.006987
53.045,11,40.088859
53.05,10,40.088859
53.05,10,40.088859
53.05,10,40.104986
53.05,10,40.104986
53.05,10,40.104986
53.05,10,40.104986
53.05,10,40.104986
53.05,10,40.104986
53.05,10,40.12089
53.05,10,40.12089
53.05,10,40.12089
53.05,10,40.12089
53.05,10,40.12089
53.045,11,40.137098
53.05,10,40.137098
53.05,10,40.137098
53.05,10,40.137098
53.05,10,40.137098
53.05,10,40.137098
53.05,10,40.152911
53.045,11,40.152911
53.05,10,40.152911
53.045,11,40.152911
53.05,10,40.152911
53.05,10,40.170063
53.045,11,40.173333
53.045,11,40.176453
53.05,10,40.179461
53.05,10,40.182443
53.05,10,40.184454
53.05,10,40.187451
53.05,10,40.189096
53.05,10,40.189096
53.05,10,40.189096
53.05,10,40.189096
53.05,10,40.189096
53.05,10,40.20526
53.05,10,40.20888
53.05,10,40.211983
53.05,10,40.214989
53.05,10,40.216992
53.05,10,40.219999
53.05,10,40.223878
53.05,10,40.226877
53.045,11,40.229877
53.05,10,40.233178
53.05,10,40.235177
53.04,12,40.239191
53.05,10,40.241832
53.05,10,40.244827
53.045,11,40.247824
53.05,10,40.250816
53.05,10,40.25382
53.05,10,40.25676
53.05,10,40.257819
53.05,10,40.257819
53.035,13,40.257819
53.05,10,40.257819
53.04,12,40.257819
53.05,10,40.275912
53.05,10,40.278905
53.045,11,40.282227
53.05,10,40.285237
53.05,10,40.288232
53.05,10,40.290787
53.035,13,40.294789
53.05,10,40.297779
53.05,10,40.297779
53.05,10,40.297779
53.05,10,40.297779
53.05,10,40.297779
53.05,10,40.297779
53.045,11,40.3136
53.05,10,40.3136
53.045,11,40.3136
53.04,12,40.3136
53.05,10,40.3136
53.05,10,40.329731
53.05,10,40.333635
53.05,10,40.333635
53.05,10,40.333635
53.05,10,40.333635
53.05,10,40.333635
53.045,11,40.345865
53.045,11,40.35193
53.05,10,40.355946
53.045,11,40.357952
53.05,10,40.361706
53.05,10,40.3637
53.05,10,40.365706
53.045,11,40.367712
53.05,10,40.367712
53.05,10,40.367712
53.05,10,40.377656
53.05,10,40.381349
53.05,10,40.385362
53.05,10,40.387369
53.05,10,40.391382
53.05,10,40.394537
53.05,10,40.481604
53.05,10,40.483611
53.05,10,40.487366
53.05,10,40.489374
53.05,10,40.493388
53.05,10,40.497403
53.05,10,40.49941
53.05,10,40.503441
53.05,10,40.506439
53.05,10,40.50944
53.05,10,40.51244
53.05,10,40.51444
53.05,10,40.51544
53.05,10,40.51544
53.05,10,40.51544
53.05,10,40.51544
53.05,10,40.51544
53.05,10,40.531413
53.05,10,40.531413
53.05,10,40.531413
53.05,10,40.531413
53.05,10,40.531413
53.05,10,40.531413
53.045,11,40.549931
53.05,10,40.5517
53.05,10,40.5517
53.05,10,40.558828
53.05,10,40.561841
53.05,10,40.56484
53.05,10,40.567841
53.05,10,40.57084
53.05,10,40.573588
53.05,10,40.57666
53.05,10,40.57966
53.045,11,40.583645
53.05,10,40.586659
53.05,10,40.589663
53.05,10,40.591029
53.05,10,40.591029
53.05,10,40.591029
53.05,10,40.591029
53.05,10,40.591029
53.05,10,40.606982
53.05,10,40.609443
53.045,11,40.612786
53.05,10,40.615773
53.05,10,40.618774
53.05,10,40.621774
53.05,10,40.624777
53.05,10,40.624777
53.05,10,40.624777
53.05,10,40.624777
53.05,10,40.624777
53.05,10,40.624777
53.05,10,40.640727
53.05,10,40.640727
53.05,10,40.640727
53.05,10,40.640727
53.05,10,40.640727
53.045,11,40.656479
53.05,10,40.656479
53.05,10,40.656479
53.05,10,40.656479
53.045,11,40.656479
53.05,10,40.656479
53.05,10,40.672569
53.05,10,40.672569
53.045,11,40.672569
53.05,10,40.672569
53.045,11,40.672569
53.05,10,40.690215
53.05,10,40.691702
53.05,10,40.691702
53.05,10,40.691702
53.05,10,40.691702
53.05,10,40.691702
53.05,10,40.709254
53.05,10,40.712254
53.05,10,40.715254
53.05,10,40.717254
53.05,10,40.720254
53.05,10,40.72326
53.05,10,40.726349
53.05,10,40.729367
53.05,10,40.732359
53.05,10,40.735365
53.05,10,40.738358
53.05,10,40.740293
53.05,10,40.740293
53.05,10,40.740293
53.05,10,40.740293
53.05,10,40.740293
53.05,10,40.740293
53.05,10,40.756502
53.05,10,40.756502
53.05,10,40.756502
53.05,10,40.756502
53.05,10,40.756502
53.05,10,40.772651
53.05,10,40.772651
53.05,10,40.772651
53.05,10,40.772651
53.05,10,40.859686
53.05,10,40.859686
53.05,10,40.859686
53.04,12,40.8756
53.05,10,40.8756
53.05,10,40.8756
53.04,12,40.8756
53.05,10,40.889923
53.05,10,40.891783
53.05,10,40.891783
53.05,10,40.891783
53.05,10,40.891783
53.05,10,40.891783
53.05,10,40.908002
53.05,10,40.908002
53.05,10,40.908002
53.05,10,40.908002
53.05,10,40.908002
53.05,10,40.908002
53.05,10,40.925748
53.05,10,40.928728
53.05,10,40.931735
53.05,10,40.934743
53.045,11,40.93773
53.05,10,40.941082
53.05,10,40.944077
53.05,10,40.947079
53.05,10,40.950085
53.05,10,40.953083
53.045,11,40.953083
53.05,10,40.953083
53.05,10,40.953083
53.04,12,40.953083
53.05,10,40.953083
53.05,10,40.969109
53.05,10,40.969109
53.05,10,40.969109
53.05,10,40.969109
53.035,13,40.969109
53.05,10,40.984919
53.05,10,40.990093
53.05,10,40.990093
53.05,10,40.990093
53.05,10,40.990093
53.05,10,41.00072
53.05,10,41.00072
53.045,11,41.00072
53.05,10,41.00072
53.05,10,41.00072
53.05,10,41.016531
53.045,11,41.016531
53.05,10,41.016531
53.05,10,41.016531
53.05,10,41.016531
53.05,10,41.032291
53.05,10,41.032291
53.05,10,41.032291
53.05,10,41.032291
53.05,10,41.032291
53.05,10,41.032291
53.05,10,41.049544
53.05,10,41.052537
53.05,10,41.055546
53.05,10,41.058544
53.05,10,41.061544
53.05,10,41.062553
53.045,11,41.062553
53.05,10,41.062553
53.05,10,41.062553
53.05,10,41.062553
53.05,10,41.079487
53.04,12,41.080125
53.05,10,41.080125
53.05,10,41.080125
53.05,10,41.092475
53.05,10,41.094471
53.04,12,41.098832
53.05,10,41.101838
53.05,10,41.10484
53.05,10,41.107224
53.05,10,41.11038
53.05,10,41.113383
53.05,10,41.11638
53.05,10,41.119388
53.05,10,41.122387
53.05,10,41.124386
53.05,10,41.124386
53.05,10,41.124386
53.05,10,41.124386
53.05,10,41.124386
53.05,10,41.124386
53.05,10,41.14032
53.05,10,41.14032
53.05,10,41.14032
53.05,10,41.14032
53.05,10,41.14032
53.05,10,41.15771
53.05,10,41.159813
53.05,10,41.162831
53.05,10,41.165813
53.05,10,41.240566
53.05,10,41.240566
53.05,10,41.256425
53.05,10,41.256425
53.05,10,41.256425
53.05,10,41.256425
53.05,10,41.256425
53.05,10,41.272293
53.05,10,41.272293
53.05,10,41.272293
53.05,10,41.272293
53.05,10,41.272293
53.05,10,41.272293
53.05,10,41.290454
53.05,10,41.294469
53.05,10,41.296475
53.05,10,41.300488
53.05,10,41.302494
53.05,10,41.306661
52.925,35,41.324435
53.05,10,41.326441
53.05,10,41.328447
53.05,10,41.33246
53.05,10,41.334466
53.05,10,41.33822
53.05,10,41.340226
53.05,10,41.344238
53.045,11,41.346244
53.04,12,41.350256
53.05,10,41.353432
53.05,10,41.356357
53.05,10,41.359606
53.05,10,41.363626
53.05,10,41.366624
53.05,10,41.370631
53.045,11,41.373626
53.05,10,41.374626
53.05,10,41.374626
53.05,10,41.374626
53.05,10,41.374626
53.05,10,41.374626
53.05,10,41.374626
53.05,10,41.390838
53.05,10,41.390838
53.045,11,41.390838
53.05,10,41.390838
53.05,10,41.390838
53.045,11,41.406801
53.05,10,41.406801
53.05,10,41.406801
53.05,10,41.406801
53.05,10,41.406801
53.045,11,41.406801
53.05,10,41.422999
53.045,11,41.422999
53.05,10,41.422999
53.045,11,41.422999
53.05,10,41.422999
53.05,10,41.439162
53.05,10,41.439162
53.05,10,41.439162
53.05,10,41.439162
53.05,10,41.439162
53.05,10,41.439162
53.05,10,41.455341
53.05,10,41.455341
53.05,10,41.455341
53.05,10,41.455341
53.05,10,41.455341
53.05,10,41.471532
53.05,10,41.473994
53.05,10,41.477099
53.05,10,41.480101
53.05,10,41.483104
53.05,10,41.485101
53.05,10,41.485101
53.05,10,41.491244
53.05,10,41.491244
53.04,12,41.491244
53.05,10,41.500946
53.05,10,41.500946
53.05,10,41.500946
53.05,10,41.500946
53.045,11,41.500946
53.05,10,41.500946
53.05,10,41.51678
53.05,10,41.51678
53.045,11,41.51678
53.045,11,41.51678
53.04,12,41.51678
53.045,11,41.532907
53.05,10,41.532907
53.045,11,41.532907
53.05,10,41.532907
53.05,10,41.532907
53.05,10,41.548893
53.05,10,41.548893
53.05,10,41.554701
53.05,10,41.645211
53.05,10,41.648211
53.05,10,41.650211
53.05,10,41.653211
53.05,10,41.656211
53.05,10,41.657211
53.05,10,41.657211
53.05,10,41.657211
53.05,10,41.657211
53.05,10,41.657211
53.05,10,41.673425
53.05,10,41.676937
53.05,10,41.678935
53.05,10,41.681942
53.045,11,41.684929
53.05,10,41.687935
53.05,10,41.690825
53.05,10,41.694567
53.05,10,41.696576
53.045,11,41.70056
53.05,10,41.702559
53.05,10,41.702559
53.05,10,41.702559
53.05,10,41.702559
53.05,10,41.702559
53.045,11,41.702559
53.05,10,41.718644
53.05,10,41.723663
53.05,10,41.726762
53.05,10,41.729762
53.05,10,41.732872
53.05,10,41.735881
53.045,11,41.738879
53.05,10,41.74334
53.05,10,41.745339
53.05,10,41.748339
53.05,10,41.75134
53.05,10,41.754339
53.05,10,41.757739
53.05,10,41.757739
53.05,10,41.757739
53.05,10,41.757739
53.05,10,41.757739
53.05,10,41.757739
53.04,12,41.773683
53.05,10,41.773683
53.05,10,41.773683
53.05,10,41.773683
53.05,10,41.773683
53.05,10,41.78974
53.05,10,41.792284
53.045,11,41.792284
53.05,10,41.792284
53.045,11,41.792284
53.05,10,41.792284
53.05,10,41.805918
53.05,10,41.805918
53.05,10,41.805918
53.05,10,41.805918
53.05,10,41.805918
53.05,10,41.822047
53.05,10,41.822047
53.05,10,41.822047
53.045,11,41.822047
53.05,10,41.822047
53.05,10,41.822047
53.05,10,41.838079
53.05,10,41.838079
53.05,10,41.838079
53.05,10,41.838079
53.05,10,41.838079
53.05,10,41.854294
53.05,10,41.857737
53.05,10,41.85974
53.05,10,41.85974
53.045,11,41.85974
53.05,10,41.85974
53.05,10,41.85974
53.05,10,41.875652
53.05,10,41.875652
53.05,10,41.875652
53.05,10,41.875652
53.05,10,41.875652
53.05,10,41.875652
53.045,11,41.892301
53.05,10,41.892301
53.05,10,41.892301
53.05,10,41.892301
53.045,11,41.892301
53.05,10,41.90762
53.045,11,41.90762
53.05,10,41.90762
53.05,10,41.90762
53.05,10,41.90762
53.05,10,41.923459
53.05,10,41.923459
53.045,11,41.923459
53.05,10,41.923459
53.05,10,41.923459
53.05,10,41.923459
53.05,10,41.939286
53.05,10,42.01525
53.05,10,42.030971
53.05,10,42.030971
53.05,10,42.030971
53.05,10,42.030971
53.05,10,42.030971
53.05,10,42.030971
53.05,10,42.046993
53.05,10,42.046993
53.05,10,42.046993
53.05,10,42.046993
53.05,10,42.046993
53.05,10,42.062747
53.05,10,42.062747
53.05,10,42.062747
53.045,11,42.062747
53.05,10,42.062747
53.05,10,42.062747
53.05,10,42.078965
53.05,10,42.078965
53.05,10,42.078965
53.05,10,42.078965
53.05,10,42.092531
53.05,10,42.094628
53.045,11,42.094628
53.05,10,42.094628
53.05,10,42.094628
53.05,10,42.094628
53.05,10,42.111909
53.05,10,42.114903
53.045,11,42.117902
53.05,10,42.120902
53.05,10,42.12391
53.05,10,42.124907
53.05,10,42.124907
53.05,10,42.124907
53.05,10,42.124907
53.05,10,42.124907
53.045,11,42.142095
53.05,10,42.142709
53.05,10,42.142709
53.05,10,42.142709
53.05,10,42.142709
53.05,10,42.157024
53.05,10,42.160144
53.05,10,42.16313
53.045,11,42.166137
53.05,10,42.169132
53.05,10,42.172132
53.05,10,42.175174
53.05,10,42.177237
53.05,10,42.180348
53.05,10,42.183344
53.05,10,42.186349
53.05,10,42.189658
53.05,10,42.192219
53.05,10,42.193016
53.045,11,42.193016
53.05,10,42.193016
53.05,10,42.193016
53.05,10,42.206985
53.045,11,42.210111
53.05,10,42.213105
53.05,10,42.216106
53.05,10,42.219106
53.05,10,42.222093
53.05,10,42.226096
53.05,10,42.229102
53.05,10,42.232103
53.05,10,42.234093
53.05,10,42.237109
53.05,10,42.240601
53.045,11,42.240601
53.05,10,42.240601
53.05,10,42.240601
53.05,10,42.240601
53.05,10,42.240601
53.045,11,42.256606
53.05,10,42.256606
53.05,10,42.256606
53.05,10,42.256606
53.05,10,42.256606
53.05,10,42.272472
53.05,10,42.272472
53.05,10,42.272472
53.05,10,42.272472
53.05,10,42.272472
53.05,10,42.272472
53.045,11,42.288407
53.05,10,42.293098
53.05,10,42.293098
53.05,10,42.293098
53.05,10,42.293098
53.05,10,42.304233
53.05,10,42.304233
53.05,10,42.304233
53.05,10,42.304233
53.05,10,42.304233
53.05,10,42.304233
53.05,10,42.322223
53.05,10,42.32597
53.05,10,42.327974
53.05,10,42.40727
53.05,10,42.40727
53.05,10,42.423093
53.05,10,42.423093
53.05,10,42.423093
53.05,10,42.423093
53.05,10,42.423093
53.045,11,42.438971
53.05,10,42.438971
53.05,10,42.438971
53.05,10,42.438971
53.05,10,42.438971
53.05,10,42.438971
53.05,10,42.45491
53.05,10,42.45491
53.05,10,42.45491
53.05,10,42.45491
53.05,10,42.45491
53.05,10,42.470875
53.05,10,42.470875
53.05,10,42.470875
53.05,10,42.470875
53.05,10,42.470875
53.05,10,42.470875
53.045,11,42.487025
53.05,10,42.487025
53.05,10,42.493691
53.05,10,42.493691
53.045,11,42.493691
53.05,10,42.502829
53.05,10,42.502829
53.05,10,42.502829
53.05,10,42.502829
53.05,10,42.502829
53.05,10,42.518911
53.04,12,42.518911
53.05,10,42.518911
53.05,10,42.518911
53.05,10,42.518911
53.05,10,42.518911
53.05,10,42.535102
53.05,10,42.535102
53.045,11,42.535102
53.05,10,42.535102
53.05,10,42.535102
53.05,10,42.551327
53.05,10,42.553333
53.05,10,42.553333
53.05,10,42.553333
53.05,10,42.553333
53.05,10,42.553333
53.05,10,42.570499
53.05,10,42.574217
53.05,10,42.576223
53.05,10,42.57823
53.05,10,42.582242
53.05,10,42.582242
53.05,10,42.582242
53.05,10,42.582242
53.05,10,42.593893
53.05,10,42.593893
53.05,10,42.598041
53.05,10,42.598041
53.05,10,42.598041
53.04,12,42.598041
53.05,10,42.598041
53.05,10,42.613864
53.05,10,42.613864
53.05,10,42.613864
53.05,10,42.613864
53.05,10,42.613864
53.05,10,42.613864
53.05,10,42.629729
53.05,10,42.629729
53.05,10,42.629729
53.05,10,42.629729
53.05,10,42.629729
53.05,10,42.647051
53.05,10,42.650048
53.05,10,42.653049
53.05,10,42.655164
53.05,10,42.656162
53.05,10,42.656162
53.05,10,42.656162
53.05,10,42.656162
53.05,10,42.656162
53.05,10,42.673481
53.05,10,42.684611
53.05,10,42.687613
53.05,10,42.690612
53.04,12,42.694122
53.05,10,42.694122
53.05,10,42.694122
53.05,10,42.694122
53.05,10,42.694122
53.05,10,42.707537
53.05,10,42.707537
53.05,10,42.707537
53.05,10,42.707537
53.05,10,42.707537
53.05,10,42.723478
53.045,11,42.797275
53.05,10,42.813016
53.05,10,42.813016
53.05,10,42.813016
53.05,10,42.813016
53.05,10,42.813016
53.05,10,42.813016
53.05,10,42.829004
53.05,10,42.829004
53.05,10,42.829004
53.05,10,42.829004
53.05,10,42.829004
53.05,10,42.846653
53.05,10,42.849663
53.05,10,42.852674
53.05,10,42.855674
53.05,10,42.858674
53.05,10,42.8608
53.05,10,42.863798
53.05,10,42.866797
53.05,10,42.869783
53.05,10,42.872797
53.045,11,42.874799
53.05,10,42.874799
53.05,10,42.874799
53.05,10,42.874799
53.05,10,42.874799
53.045,11,42.891002
53.05,10,42.894565
53.05,10,42.894565
53.05,10,42.894565
53.05,10,42.894565
53.05,10,42.894565
53.05,10,42.907196
53.05,10,42.907196
53.05,10,42.907196
53.05,10,42.907196
53.04,12,42.907196
53.045,11,42.92302
53.05,10,42.92302
53.05,10,42.92302
53.05,10,42.92302
53.045,11,42.92302
53.05,10,42.939121
53.05,10,42.939121
53.05,10,42.939121
53.05,10,42.939121
53.05,10,42.939121
53.05,10,42.954984
53.05,10,42.954984
53.05,10,42.954984
53.05,10,42.954984
53.05,10,42.954984
53.05,10,42.954984
53.05,10,42.973018
53.05,10,42.975021
53.05,10,42.978565
53.05,10,42.981574
53.045,11,42.985575
53.05,10,42.988556
53.05,10,42.990564
53.05,10,42.990564
53.05,10,42.994764
53.05,10,42.994764
53.05,10,42.994764
53.05,10,42.994764
53.05,10,43.006431
53.05,10,43.006431
53.05,10,43.006431
53.05,10,43.006431
53.05,10,43.006431
53.05,10,43.022584
53.05,10,43.022584
53.05,10,43.022584
53.05,10,43.022584
53.05,10,43.022584
53.05,10,43.022584
53.05,10,43.038817
53.05,10,43.038817
53.05,10,43.038817
53.05,10,43.038817
53.05,10,43.038817
53.05,10,43.054852
53.05,10,43.054852
53.05,10,43.054852
53.05,10,43.054852
53.05,10,43.054852
53.05,10,43.054852
53.045,11,43.073483
53.05,10,43.07549
53.05,10,43.078489
53.05,10,43.081603
53.05,10,43.084593
53.05,10,43.087602
53.05,10,43.090597
53.05,10,43.093611
53.05,10,43.095217
53.05,10,43.095217
53.05,10,43.095217
53.05,10,43.095217
53.05,10,43.095217
53.05,10,43.109638
53.05,10,43.201247
53.05,10,43.203245
53.05,10,43.207846
53.05,10,43.209836
53.05,10,43.212821
53.05,10,43.215836
53.05,10,43.218836
53.05,10,43.221836
53.05,10,43.224875
53.05,10,43.227857
53.05,10,43.230872
1.52,108,43.256939
53.05,10,43.256939
53.045,11,43.256939
53.045,11,43.273
53.05,10,43.273
53.05,10,43.273
53.05,10,43.273
53.05,10,43.273
53.05,10,43.273
53.05,10,43.289126
53.05,10,43.294773
53.05,10,43.294773
53.05,10,43.294773
53.05,10,43.294773
53.05,10,43.307178
53.05,10,43.309185
53.05,10,43.313197
53.05,10,43.315203
53.05,10,43.317209
53.05,10,43.320962
53.05,10,43.322968
53.05,10,43.326981
53.05,10,43.328986
53.05,10,43.330995
53.05,10,43.335007
53.05,10,43.336754
53.05,10,43.340766
53.05,10,43.342772
53.05,10,43.344778
53.05,10,43.348789
53.05,10,43.350796
53.05,10,43.354818
53.05,10,43.357822
53.05,10,43.359834
53.04,12,43.359834
53.05,10,43.359834
53.05,10,43.359834
53.05,10,43.372241
53.05,10,43.375753
53.05,10,43.377759
53.05,10,43.379765
53.05,10,43.383778
53.05,10,43.385784
53.05,10,43.387792
53.05,10,43.391545
53.05,10,43.395057
53.05,10,43.397063
53.05,10,43.399069
53.05,10,43.403081
53.05,10,43.405087
53.05,10,43.409093
53.05,10,43.411099
53.05,10,43.415112
53.05,10,43.417118
53.05,10,43.419124
53.05,10,43.422878
53.05,10,43.42689
53.05,10,43.428896
53.05,10,43.430902
53.05,10,43.434914
53.05,10,43.43692
53.05,10,43.440674
53.05,10,43.44268
53.05,10,43.446693
53.05,10,43.448699
53.05,10,43.450706
53.05,10,43.454458
53.05,10,43.456477
53.05,10,43.460489
53.05,10,43.462495
53.05,10,43.466508
53.05,10,43.468514
53.05,10,43.473951
53.05,10,43.475958
53.05,10,43.477964
53.05,10,43.481976
53.05,10,43.483982
53.05,10,43.48824
53.05,10,43.490245
53.05,10,43.494258
53.05,10,43.49727
53.05,10,43.586816
53.05,10,43.588823
53.05,10,43.592836
53.045,11,43.59535
53.05,10,43.599365
53.05,10,43.601372
53.05,10,43.605386
53.045,11,43.607393
53.05,10,43.612657
53.05,10,43.615658
53.05,10,43.618657
53.05,10,43.621657
53.05,10,43.624657
53.05,10,43.624657
53.05,10,43.624657
53.05,10,43.624657
53.05,10,43.624657
53.05,10,43.624657
53.05,10,43.640556
53.05,10,43.640556
53.05,10,43.640556
53.05,10,43.640556
53.05,10,43.640556
53.05,10,43.640556
53.05,10,43.656617
53.045,11,43.656617
53.05,10,43.656617
53.05,10,43.656617
53.05,10,43.656617
53.05,10,43.6724
53.05,10,43.6724
53.05,10,43.6724
53.05,10,43.6724
53.05,10,43.6724
53.05,10,43.6724
53.05,10,43.689656
53.05,10,43.692769
53.05,10,43.695366
53.05,10,43.698494
53.05,10,43.701489
53.05,10,43.704482
53.05,10,43.707479
53.05,10,43.707479
53.05,10,43.707479
53.05,10,43.707479
53.05,10,43.707479
53.045,11,43.707479
53.05,10,43.725767
53.05,10,43.728953
53.05,10,43.731963
53.05,10,43.733957
53.05,10,43.733957
53.05,10,43.740422
1.52,108,43.771273
53.05,10,43.774696
53.05,10,43.774696
53.05,10,43.774696
53.05,10,43.774696
53.05,10,43.774696
53.05,10,43.774696
53.05,10,43.790928
53.05,10,43.793973
53.05,10,43.797222
53.05,10,43.797222
53.05,10,43.797222
53.045,11,43.797222
53.05,10,43.807088
53.05,10,43.807088
53.05,10,43.807088
53.05,10,43.807088
53.05,10,43.807088
53.05,10,43.823014
53.05,10,43.825446
53.05,10,43.828441
53.05,10,43.83159
53.05,10,43.834603
53.05,10,43.837582
53.05,10,43.840584
53.05,10,43.842582
53.05,10,43.845727
53.05,10,43.848725
53.05,10,43.851716
53.05,10,43.85472
53.05,10,43.857719
53.05,10,43.85974
53.05,10,43.85974
53.05,10,43.85974
53.05,10,43.85974
53.05,10,43.85974
53.05,10,43.85974
53.05,10,43.875711
53.05,10,43.875711
53.05,10,43.973507
53.05,10,43.975513
53.05,10,43.979526
53.05,10,43.981532
53.05,10,43.984547
53.05,10,43.986556
53.05,10,43.99057
53.05,10,43.994584
53.05,10,43.997598
53.05,10,44.00061
53.05,10,44.00061
53.05,10,44.00061
53.05,10,44.00061
53.05,10,44.00061
53.05,10,44.00061
53.05,10,44.016776
53.05,10,44.016776
53.05,10,44.016776
53.05,10,44.016776
53.05,10,44.016776
53.05,10,44.016776
53.05,10,44.034259
53.05,10,44.0438
53.05,10,44.049108
53.05,10,44.052277
53.05,10,44.054268
53.05,10,44.057275
53.05,10,44.060277
53.05,10,44.062276
53.05,10,44.062276
53.05,10,44.062276
53.04,12,44.062276
53.05,10,44.062276
53.05,10,44.062276
53.05,10,44.078078
53.05,10,44.078078
53.05,10,44.078078
53.05,10,44.078078
53.05,10,44.078078
53.05,10,44.094857
53.05,10,44.095975
53.05,10,44.095975
53.05,10,44.095975
53.05,10,44.095975
53.05,10,44.095975
53.05,10,44.112467
53.05,10,44.114474
53.05,10,44.118486
53.05,10,44.120492
53.05,10,44.122499
53.05,10,44.126252
53.05,10,44.126252
53.05,10,44.126252
53.05,10,44.126252
53.05,10,44.126252
53.05,10,44.126252
53.05,10,44.142371
53.05,10,44.142371
53.05,10,44.142371
53.05,10,44.142371
53.05,10,44.142371
53.05,10,44.142371
53.05,10,44.159911
53.05,10,44.163031
53.05,10,44.166024
53.045,11,44.169025
53.05,10,44.172017
53.05,10,44.172017
53.04,12,44.172017
53.05,10,44.172017
53.05,10,44.172017
53.05,10,44.172017
53.05,10,44.189839
53.05,10,44.193846
53.05,10,44.196118
53.05,10,44.196118
53.05,10,44.196118
53.05,10,44.196118
53.05,10,44.208089
53.05,10,44.210981
53.05,10,44.2141
53.05,10,44.217088
53.05,10,44.220093
53.04,12,44.223713
53.05,10,44.226278
53.05,10,44.22928
53.05,10,44.232281
53.05,10,44.235273
53.05,10,44.238278
53.05,10,44.24017
53.05,10,44.24017
53.05,10,44.24017
53.05,10,44.24017
53.05,10,44.24017
53.05,10,44.24017
53.05,10,44.258296
53.05,10,44.261288
53.05,10,44.264287
53.05,10,44.2673
53.05,10,44.270299
53.05,10,44.273186
53.05,10,44.276393
53.05,10,44.363744
53.05,10,44.366745
53.05,10,44.369744
53.05,10,44.371761
53.05,10,44.374758
53.05,10,44.374758
53.05,10,44.374758
53.05,10,44.374758
53.05,10,44.374758
53.05,10,44.374758
53.045,11,44.390548
53.05,10,44.396094
53.05,10,44.396094
53.05,10,44.396094
53.05,10,44.396094
53.05,10,44.406555
53.05,10,44.406555
53.05,10,44.406555
53.05,10,44.406555
53.05,10,44.406555
53.05,10,44.422398
53.045,11,44.422398
53.05,10,44.422398
53.05,10,44.422398
53.05,10,44.422398
53.05,10,44.422398
53.05,10,44.438317
53.05,10,44.438317
53.05,10,44.438317
53.05,10,44.438317
53.05,10,44.438317
53.05,10,44.45419
53.05,10,44.45419
53.05,10,44.45419
53.05,10,44.45419
53.05,10,44.45419
53.05,10,44.470304
53.05,10,44.473408
53.05,10,44.476421
53.05,10,44.47941
53.05,10,44.482538
53.05,10,44.484545
53.05,10,44.484545
53.05,10,44.484545
53.05,10,44.484545
53.05,10,44.496484
53.05,10,44.500474
53.05,10,44.500474
53.05,10,44.500474
53.05,10,44.500474
53.05,10,44.500474
53.05,10,44.500474
53.05,10,44.518823
53.05,10,44.520658
53.05,10,44.524324
53.05,10,44.526155
53.05,10,44.526155
53.05,10,44.532296
53.05,10,44.532296
53.05,10,44.532296
53.05,10,44.532296
53.05,10,44.532296
53.05,10,44.548152
53.05,10,44.548152
53.05,10,44.548152
53.05,10,44.548152
53.05,10,44.548152
53.05,10,44.564062
53.05,10,44.567448
53.05,10,44.570446
53.05,10,44.573431
53.05,10,44.576442
53.05,10,44.579438
53.05,10,44.58371
53.05,10,44.58674
53.05,10,44.589744
53.05,10,44.591739
53.05,10,44.594725
53.05,10,44.59672
53.05,10,44.59672
53.05,10,44.59672
53.05,10,44.59672
53.05,10,44.59672
53.05,10,44.612922
53.05,10,44.614926
53.05,10,44.616929
53.05,10,44.616929
53.05,10,44.616929
53.05,10,44.626818
53.05,10,44.626818
53.05,10,44.626818
53.05,10,44.626818
53.05,10,44.626818
53.05,10,44.626818
53.05,10,44.642684
53.05,10,44.642684
53.05,10,44.642684
53.05,10,44.642684
53.05,10,44.642684
53.05,10,44.658657
53.05,10,44.658657
53.05,10,44.658657
53.05,10,44.740438
53.05,10,44.740438
53.05,10,44.756339
53.045,11,44.756339
53.05,10,44.756339
53.05,10,44.756339
53.05,10,44.756339
53.05,10,44.772416
53.05,10,44.774423
53.05,10,44.774423
53.05,10,44.774423
53.05,10,44.774423
53.05,10,44.774423
53.05,10,44.791775
53.05,10,44.793881
53.05,10,44.796882
1.52,108,44.824355
53.05,10,44.824355
53.05,10,44.824355
53.05,10,44.824355
53.05,10,44.824355
53.05,10,44.840563
53.05,10,44.840563
53.05,10,44.840563
53.05,10,44.840563
53.05,10,44.840563
53.05,10,44.8565
53.05,10,44.859015
53.05,10,44.86235
53.05,10,44.865336
53.05,10,44.868335
53.05,10,44.871333
53.05,10,44.87434
53.05,10,44.876342
53.05,10,44.879346
53.05,10,44.882463
53.05,10,44.885465
53.05,10,44.888881
53.05,10,44.890676
53.05,10,44.894326
53.05,10,44.897271
53.05,10,44.900014
53.05,10,44.903479
53.05,10,44.906594
53.05,10,44.906594
53.05,10,44.906594
53.05,10,44.906594
53.05,10,44.906594
53.05,10,44.906594
53.05,10,44.922539
53.05,10,44.922539
53.05,10,44.922539
53.05,10,44.922539
53.05,10,44.922539
53.05,10,44.938361
53.05,10,44.938361
53.05,10,44.938361
53.05,10,44.938361
53.05,10,44.938361
53.05,10,44.938361
53.05,10,44.95414
53.05,10,44.95414
53.05,10,44.95414
53.05,10,44.95414
53.05,10,44.95414
53.05,10,44.970012
53.05,10,44.970012
53.05,10,44.970012
53.05,10,44.970012
53.05,10,44.970012
53.05,10,44.985902
53.05,10,44.985902
53.05,10,44.985902
53.05,10,44.985902
53.05,10,44.997668
53.04,12,44.997668
53.05,10,45.001794
53.05,10,45.001794
53.05,10,45.001794
53.05,10,45.001794
53.05,10,45.001794
53.05,10,45.017977
53.05,10,45.017977
53.05,10,45.017977
53.05,10,45.017977
53.05,10,45.017977
53.05,10,45.017977
53.05,10,45.0341
53.05,10,45.0341
53.05,10,45.0341
53.05,10,45.042151
53.05,10,45.042151
53.05,10,45.125901
53.05,10,45.125901
53.045,11,45.125901
53.05,10,45.142017
53.05,10,45.142017
53.05,10,45.142017
53.05,10,45.142017
53.05,10,45.142017
53.05,10,45.142017
53.05,10,45.158259
53.05,10,45.158259
53.05,10,45.158259
53.05,10,45.158259
53.05,10,45.158259
53.05,10,45.174108
53.05,10,45.174108
53.05,10,45.174108
53.05,10,45.174108
53.05,10,45.174108
53.05,10,45.190951
53.05,10,45.192069
53.05,10,45.192069
53.05,10,45.198025
53.05,10,45.198025
53.05,10,45.198025
53.05,10,45.208113
53.05,10,45.208113
53.05,10,45.208113
53.05,10,45.208113
53.05,10,45.208113
53.05,10,45.225807
53.05,10,45.228798
53.05,10,45.231798
53.05,10,45.234809
53.05,10,45.237805
53.05,10,45.241765
53.05,10,45.244767
53.05,10,45.247769
53.05,10,45.250754
53.05,10,45.253757
53.05,10,45.258292
53.05,10,45.258292
53.05,10,45.258292
53.05,10,45.258292
53.05,10,45.258292
53.05,10,45.258292
53.05,10,45.276729
53.05,10,45.278735
53.05,10,45.282747
53.05,10,45.284753
53.05,10,45.286759
53.05,10,45.289772
53.05,10,45.293786
53.05,10,45.295792
53.05,10,45.298299
53.05,10,45.302312
53.05,10,45.304318
53.05,10,45.307831
53.05,10,45.309837
53.05,10,45.311843
53.05,10,45.315855
53.05,10,45.317861
53.05,10,45.321615
53.05,10,45.325008
53.05,10,45.32792
53.05,10,45.33092
53.05,10,45.33292
53.05,10,45.33592
53.05,10,45.339291
53.05,10,45.342306
53.05,10,45.345298
53.05,10,45.348305
53.05,10,45.350308
53.05,10,45.353286
53.05,10,45.3563
53.05,10,45.359293
53.05,10,45.360294
53.05,10,45.360294
53.05,10,45.360294
53.05,10,45.360294
53.05,10,45.360294
53.05,10,45.376051
53.05,10,45.376051
53.05,10,45.376051
53.05,10,45.376051
53.05,10,45.376051
53.05,10,45.376051
53.05,10,45.393528
53.05,10,45.404372
53.05,10,45.408126
53.05,10,45.408126
53.05,10,45.408126
53.05,10,45.408126
53.05,10,45.408126
53.05,10,45.408126
53.05,10,45.424144
53.05,10,45.424144
53.05,10,45.424144
53.05,10,45.424144
53.05,10,45.424144
53.05,10,45.424144
53.05,10,45.441444
53.05,10,45.516716
53.05,10,45.53388
53.05,10,45.535886
53.05,10,45.537893
53.04,12,45.541906
53.05,10,45.54592
53.05,10,45.548823
53.05,10,45.551822
53.05,10,45.555822
53.05,10,45.558822
53.05,10,45.561822
53.05,10,45.562823
53.05,10,45.562823
53.05,10,45.562823
53.05,10,45.562823
53.05,10,45.562823
53.05,10,45.579005
53.05,10,45.579005
53.05,10,45.579005
53.05,10,45.579005
53.045,11,45.579005
53.05,10,45.579005
53.05,10,45.595159
53.05,10,45.598771
53.05,10,45.598771
53.05,10,45.598771
53.05,10,45.598771
53.05,10,45.598771
53.045,11,45.6113
53.05,10,45.6113
53.05,10,45.6113
53.05,10,45.6113
53.05,10,45.6113
53.05,10,45.62736
53.05,10,45.631405
53.045,11,45.633412
53.05,10,45.637424
53.05,10,45.639431
53.05,10,45.643184
53.05,10,45.646288
53.05,10,45.64918
53.05,10,45.65129
53.05,10,45.654288
53.05,10,45.657285
53.05,10,45.659445
53.05,10,45.662567
53.05,10,45.665565
53.05,10,45.668551
53.05,10,45.67157
53.05,10,45.672561
53.05,10,45.672561
53.05,10,45.672561
53.05,10,45.672561
53.05,10,45.672561
53.05,10,45.688403
53.05,10,45.691542
53.05,10,45.694659
53.05,10,45.697642
53.05,10,45.700393
53.05,10,45.703393
53.05,10,45.706387
53.05,10,45.707388
53.05,10,45.707388
53.04,12,45.707388
53.05,10,45.707388
53.05,10,45.707388
53.05,10,45.724824
53.05,10,45.727812
53.05,10,45.730816
53.05,10,45.733808
53.05,10,45.736807
53.05,10,45.739818
53.05,10,45.742558
53.05,10,45.745555
53.05,10,45.748559
53.05,10,45.751542
53.05,10,45.754539
53.05,10,45.756904
53.05,10,45.758017
53.05,10,45.758017
53.05,10,45.758017
53.05,10,45.758017
53.05,10,45.758017
53.05,10,45.774232
53.045,11,45.774232
53.05,10,45.774232
53.05,10,45.774232
53.05,10,45.774232
53.05,10,45.774232
53.05,10,45.790333
53.05,10,45.790333
53.05,10,45.790333
53.05,10,45.798936
53.05,10,45.798936
53.05,10,45.80657
53.05,10,45.80657
53.05,10,45.80657
53.05,10,45.80657
53.05,10,45.80657
53.05,10,45.80657
53.05,10,45.824854
53.05,10,45.826861
53.05,10,45.906028
53.045,11,45.906028
53.045,11,45.906028
53.05,10,45.92214
53.05,10,45.924151
53.05,10,45.928159
53.05,10,45.928159
53.045,11,45.928159
53.05,10,45.928159
53.05,10,45.940098
53.05,10,45.944111
53.05,10,45.946117
53.045,11,45.948124
53.05,10,45.952136
53.05,10,45.955218
53.05,10,45.958232
53.05,10,45.961231
53.05,10,45.964232
53.05,10,45.967231
53.05,10,45.969231
53.05,10,45.972505
53.05,10,45.975493
53.05,10,45.978504
53.05,10,45.980505
53.05,10,45.983505
53.05,10,45.984528
53.05,10,45.984528
53.05,10,45.984528
53.05,10,45.984528
53.05,10,45.984528
53.05,10,46.000537
53.05,10,46.000537
53.05,10,46.000537
53.05,10,46.000537
53.05,10,46.000537
53.05,10,46.016404
53.05,10,46.016404
53.05,10,46.016404
53.05,10,46.016404
53.05,10,46.016404
53.05,10,46.016404
53.05,10,46.032235
53.05,10,46.032235
53.05,10,46.032235
53.05,10,46.032235
53.05,10,46.032235
53.05,10,46.048251
53.05,10,46.048251
53.05,10,46.048251
53.05,10,46.048251
53.05,10,46.048251
53.05,10,46.048251
53.05,10,46.064404
53.05,10,46.064404
53.05,10,46.064404
53.05,10,46.064404
53.05,10,46.064404
53.05,10,46.080546
53.05,10,46.083082
53.05,10,46.086199
53.05,10,46.089191
53.05,10,46.092228
53.05,10,46.09419
53.05,10,46.09419
53.05,10,46.09988
53.05,10,46.09988
53.05,10,46.09988
53.05,10,46.110018
53.05,10,46.110018
53.05,10,46.110018
53.05,10,46.110018
53.05,10,46.110018
53.05,10,46.110018
53.05,10,46.126175
53.05,10,46.126175
53.05,10,46.126175
53.05,10,46.126175
53.05,10,46.126175
53.05,10,46.141916
53.05,10,46.141916
53.045,11,46.141916
53.05,10,46.141916
53.05,10,46.141916
53.045,11,46.141916
53.05,10,46.158046
53.05,10,46.158046
53.05,10,46.158046
53.05,10,46.158046
53.045,11,46.158046
53.05,10,46.174258
53.05,10,46.174258
53.05,10,46.174258
53.05,10,46.174258
53.05,10,46.174258
53.05,10,46.174258
53.05,10,46.192665
53.05,10,46.195665
53.045,11,46.198782
53.05,10,46.201514
53.05,10,46.203519
53.05,10,46.207062
53.05,10,46.210533
53.05,10,46.301528
53.05,10,46.304528
53.05,10,46.307528
53.05,10,46.310528
53.05,10,46.313528
53.05,10,46.313528
53.04,12,46.313528
53.05,10,46.313528
53.05,10,46.313528
53.04,12,46.329355
53.05,10,46.329355
53.045,11,46.329355
53.05,10,46.329355
53.05,10,46.329355
53.045,11,46.329355
53.05,10,46.345428
53.05,10,46.345428
53.05,10,46.345428
53.05,10,46.345428
53.05,10,46.345428
53.05,10,46.361623
53.05,10,46.363795
53.05,10,46.367809
53.05,10,46.369815
53.05,10,46.371821
53.05,10,46.375834
53.05,10,46.379769
53.05,10,46.381769
53.05,10,46.384869
53.035,13,46.388981
53.05,10,46.390973
53.05,10,46.393988
53.05,10,46.396987
53.05,10,46.398986
53.05,10,46.402718
53.05,10,46.405725
53.05,10,46.408649
53.05,10,46.410719
53.05,10,46.413713
53.05,10,46.416722
53.05,10,46.419715
53.05,10,46.422719
53.05,10,46.424726
53.05,10,46.424726
53.05,10,46.424726
53.05,10,46.424726
53.05,10,46.424726
53.045,11,46.424726
53.05,10,46.440819
53.045,11,46.440819
53.05,10,46.440819
53.05,10,46.440819
53.05,10,46.440819
53.05,10,46.456958
53.05,10,46.456958
53.05,10,46.456958
53.045,11,46.456958
53.045,11,46.456958
53.05,10,46.472947
53.045,11,46.476789
53.05,10,46.478792
53.045,11,46.480536
53.05,10,46.480536
53.05,10,46.488939
53.05,10,46.488939
53.05,10,46.488939
53.05,10,46.488939
53.05,10,46.500625
53.05,10,46.500625
53.045,11,46.504757
53.05,10,46.504757
53.05,10,46.504757
53.05,10,46.504757
53.05,10,46.504757
53.05,10,46.520875
53.05,10,46.524329
53.05,10,46.527331
53.05,10,46.530342
53.05,10,46.531338
53.05,10,46.531338
53.05,10,46.531338
53.045,11,46.531338
53.05,10,46.531338
53.05,10,46.547156
53.05,10,46.547156
53.05,10,46.547156
53.05,10,46.547156
53.05,10,46.547156
53.05,10,46.547156
53.05,10,46.563262
53.05,10,46.563262
53.045,11,46.563262
53.05,10,46.563262
53.05,10,46.563262
53.05,10,46.579411
53.05,10,46.581418
53.05,10,46.581418
53.05,10,46.581418
53.05,10,46.581418
53.05,10,46.581418
53.05,10,46.672588
53.05,10,46.688898
53.05,10,46.69039
53.05,10,46.69039
53.05,10,46.69039
53.05,10,46.700994
53.05,10,46.700994
53.05,10,46.706913
53.05,10,46.709016
53.05,10,46.712029
53.05,10,46.715028
53.05,10,46.718031
53.05,10,46.72103
53.05,10,46.724039
53.05,10,46.72715
53.05,10,46.730151
53.05,10,46.733144
53.05,10,46.73615
53.05,10,46.73915
53.05,10,46.742088
53.05,10,46.745157
53.05,10,46.747148
53.05,10,46.750148
53.05,10,46.751148
53.05,10,46.751148
53.05,10,46.751148
53.05,10,46.751148
53.05,10,46.751148
53.045,11,46.768366
53.05,10,46.776985
53.05,10,46.776985
53.05,10,46.782879
53.05,10,46.782879
53.05,10,46.782879
53.05,10,46.782879
53.05,10,46.782879
53.05,10,46.798815
53.05,10,46.801088
53.05,10,46.801088
53.045,11,46.801088
53.05,10,46.801088
53.05,10,46.801088
53.05,10,46.814713
53.05,10,46.814713
53.05,10,46.814713
53.05,10,46.814713
53.05,10,46.814713
53.05,10,46.830853
53.05,10,46.834376
53.05,10,46.837371
53.05,10,46.840372
53.05,10,46.843374
53.05,10,46.846376
53.05,10,46.84927
53.05,10,46.852268
53.05,10,46.855388
53.05,10,46.858379
53.05,10,46.860557
53.05,10,46.863869
53.05,10,46.866863
53.05,10,46.869764
53.05,10,46.872883
53.05,10,46.876036
53.05,10,46.879028
53.05,10,46.882024
53.05,10,46.884023
53.05,10,46.887134
53.05,10,46.890146
53.05,10,46.891144
53.05,10,46.891144
53.05,10,46.891144
53.05,10,46.902357
53.05,10,46.903307
53.05,10,46.908909
53.05,10,46.911909
53.05,10,46.914908
53.05,10,46.917909
53.05,10,46.921017
53.05,10,46.923804
53.05,10,46.926955
53.05,10,46.929954
53.05,10,46.932952
53.05,10,46.934959
53.05,10,46.937955
53.05,10,46.940954
53.05,10,46.943944
53.05,10,46.946956
53.05,10,46.948951
53.05,10,46.951942
53.05,10,46.954951
53.05,10,46.957957
53.05,10,46.960954
53.05,10,46.96395
53.05,10,46.966952
53.05,10,46.968963
53.05,10,46.968963
53.05,10,46.968963
53.05,10,46.968963
53.05,10,46.968963
53.05,10,46.968963
53.05,10,46.98474
53.05,10,46.98474
53.05,10,47.07792
53.05,10,47.07792
53.045,11,47.07792
53.05,10,47.07792
53.05,10,47.07792
53.05,10,47.093928
53.045,11,47.093928
53.05,10,47.093928
53.05,10,47.101292
53.035,13,47.101292
53.05,10,47.109943
53.05,10,47.109943
53.045,11,47.109943
53.045,11,47.109943
53.05,10,47.109943
53.05,10,47.1261
53.045,11,47.1261
53.045,11,47.1261
53.05,10,47.1261
53.05,10,47.1261
53.05,10,47.142275
53.045,11,47.142275
53.045,11,47.142275
53.05,10,47.142275
53.05,10,47.142275
53.045,11,47.160478
53.05,10,47.160478
53.045,11,47.160478
53.045,11,47.160478
53.045,11,47.177047
53.05,10,47.179048
53.045,11,47.182047
53.05,10,47.18505
53.045,11,47.18816
53.05,10,47.18816
53.04,12,47.18816
53.05,10,47.18816
53.045,11,47.18816
53.05,10,47.203349
53.045,11,47.20722
53.045,11,47.210378
53.05,10,47.213383
53.05,10,47.21638
53.05,10,47.218379
53.05,10,47.221384
53.05,10,47.224682
53.05,10,47.228603
53.05,10,47.230603
53.05,10,47.233603
53.05,10,47.236603
53.05,10,47.240042
53.05,10,47.241007
53.045,11,47.241007
53.05,10,47.241007
53.05,10,47.241007
53.05,10,47.241007
53.05,10,47.256857
53.05,10,47.256857
53.05,10,47.256857
53.05,10,47.256857
53.05,10,47.256857
53.05,10,47.256857
53.045,11,47.272756
53.05,10,47.272756
53.04,12,47.272756
53.05,10,47.272756
53.045,11,47.272756
53.05,10,47.288549
53.05,10,47.288549
53.05,10,47.288549
53.05,10,47.288549
53.05,10,47.288549
53.05,10,47.301731
53.05,10,47.304357
53.045,11,47.304357
53.05,10,47.304357
53.045,11,47.304357
53.05,10,47.304357
53.05,10,47.320138
53.05,10,47.320138
53.04,12,47.320138
53.05,10,47.320138
53.05,10,47.320138
53.045,11,47.320138
53.05,10,47.336259
53.05,10,47.336259
53.045,11,47.336259
53.05,10,47.336259
53.02,16,47.336259
53.05,10,47.352382
53.05,10,47.352382
53.05,10,47.352382
53.04,12,47.352382
53.05,10,47.352382
53.05,10,47.368375
53.05,10,47.368375
53.05,10,47.368375
53.05,10,47.368375
53.04,12,47.368375
53.05,10,47.472922
53.05,10,47.473347
53.05,10,47.478848
53.05,10,47.480855
53.05,10,47.484868
53.05,10,47.486874
53.045,11,47.490903
53.05,10,47.493902
53.05,10,47.496902
53.045,11,47.499902
53.05,10,47.502169
53.05,10,47.502169
53.05,10,47.502169
53.05,10,47.502169
53.05,10,47.502169
53.05,10,47.515906
53.05,10,47.515906
53.05,10,47.515906
53.05,10,47.515906
53.05,10,47.515906
53.05,10,47.532055
53.05,10,47.532055
53.05,10,47.532055
53.05,10,47.532055
53.045,11,47.532055
53.05,10,47.548204
53.05,10,47.548204
53.045,11,47.548204
53.05,10,47.548204
53.05,10,47.548204
53.05,10,47.548204
53.05,10,47.567274
53.05,10,47.569282
53.05,10,47.571288
53.05,10,47.5753
53.05,10,47.577306
53.05,10,47.580317
53.05,10,47.583712
53.05,10,47.58671
53.05,10,47.589832
53.045,11,47.592835
53.05,10,47.596591
53.05,10,47.599569
53.05,10,47.602075
53.05,10,47.605082
53.05,10,47.608082
53.05,10,47.609083
53.05,10,47.609083
53.05,10,47.609083
53.045,11,47.609083
53.05,10,47.609083
53.05,10,47.626317
53.05,10,47.63075
53.05,10,47.632757
53.05,10,47.634763
53.05,10,47.638775
53.045,11,47.640782
53.05,10,47.640782
53.05,10,47.640782
53.05,10,47.640782
53.045,11,47.640782
53.045,11,47.656771
53.05,10,47.656771
53.05,10,47.663312
53.05,10,47.665318
53.05,10,47.669331
53.05,10,47.671336
53.05,10,47.675526
53.05,10,47.675526
53.045,11,47.675526
53.045,11,47.675526
53.05,10,47.675526
53.05,10,47.689584
53.05,10,47.692603
53.045,11,47.695602
53.05,10,47.698602
53.05,10,47.700602
53.05,10,47.704154
53.045,11,47.70714
53.05,10,47.710188
53.045,11,47.714153
53.045,11,47.717153
53.045,11,47.719153
53.05,10,47.719153
53.05,10,47.72592
53.04,12,47.728916
53.05,10,47.731915
53.05,10,47.734916
53.05,10,47.737915
53.05,10,47.740325
53.05,10,47.743341
53.05,10,47.746341
53.05,10,47.749341
53.05,10,47.752341
53.05,10,47.75533
53.05,10,47.757329
53.05,10,47.757329
53.05,10,47.757329
53.05,10,47.757329
53.05,10,47.757329
53.05,10,47.85714
53.045,11,47.859146
53.05,10,47.86316
53.05,10,47.865167
53.04,12,47.871346
53.05,10,47.873354
53.05,10,47.877367
53.05,10,47.879374
53.035,13,47.884786
53.05,10,47.887791
53.045,11,47.890791
53.05,10,47.894086
53.05,10,47.897088
53.05,10,47.899086
53.05,10,47.902702
53.05,10,47.904832
53.05,10,47.90815
53.045,11,47.911159
53.045,11,47.915047
53.05,10,47.918046
53.05,10,47.921045
53.05,10,47.922046
53.05,10,47.922046
53.05,10,47.922046
53.05,10,47.922046
53.05,10,47.922046
53.05,10,47.937876
53.05,10,47.941905
53.045,11,47.943911
53.05,10,47.947923
53.045,11,47.949929
53.05,10,47.953682
53.05,10,47.95564
53.05,10,47.959652
53.04,12,47.961658
53.05,10,47.96567
53.045,11,47.967676
53.05,10,47.9728
53.05,10,47.976671
53.05,10,47.97867
53.05,10,47.981671
53.05,10,47.98467
53.045,11,47.987676
53.05,10,47.992383
53.05,10,47.994383
53.05,10,47.997382
53.045,11,48.000382
53.05,10,48.002887
53.05,10,48.005894
53.05,10,48.008894
53.05,10,48.011894
53.05,10,48.014894
53.05,10,48.019172
53.05,10,48.022487
53.05,10,48.02542
53.05,10,48.028486
53.05,10,48.030486
53.05,10,48.031483
53.05,10,48.031483
53.05,10,48.031483
53.05,10,48.031483
53.05,10,48.031483
53.045,11,48.047304
53.05,10,48.047304
53.05,10,48.047304
53.05,10,48.047304
53.05,10,48.047304
53.05,10,48.063265
53.05,10,48.063265
53.05,10,48.063265
53.05,10,48.063265
53.05,10,48.063265
53.05,10,48.063265
53.05,10,48.079155
53.05,10,48.079155
53.05,10,48.079155
53.05,10,48.079155
53.045,11,48.079155
53.05,10,48.095335
53.05,10,48.095335
53.05,10,48.095335
53.05,10,48.102826
53.04,12,48.102826
53.04,12,48.102826
53.05,10,48.113555
53.05,10,48.117571
53.05,10,48.119578
53.045,11,48.12359
53.045,11,48.125597
53.05,10,48.12861
53.05,10,48.13971
53.05,10,48.14071
53.05,10,48.14071
53.05,10,48.14071
53.05,10,48.14071
53.05,10,48.14071
53.04,12,48.156415
53.05,10,48.156415
53.045,11,48.156415
53.05,10,48.156415
53.05,10,48.252085
53.05,10,48.256099
53.05,10,48.258108
53.04,12,48.262123
53.05,10,48.265879
53.05,10,48.269894
53.05,10,48.271901
53.045,11,48.275915
53.05,10,48.279928
53.05,10,48.283638
53.05,10,48.285645
53.05,10,48.289659
53.05,10,48.291666
53.05,10,48.29568
53.05,10,48.297428
53.045,11,48.301441
53.05,10,48.304955
53.05,10,48.308968
53.045,11,48.310975
53.05,10,48.314981
53.05,10,48.318995
53.05,10,48.321002
53.05,10,48.325015
53.05,10,48.327022
53.05,10,48.331117
53.05,10,48.334099
53.05,10,48.337114
53.045,11,48.340115
53.05,10,48.343114
53.05,10,48.346115
53.05,10,48.348114
53.05,10,48.351114
53.05,10,48.354114
53.05,10,48.357114
53.05,10,48.359115
53.05,10,48.359115
53.05,10,48.359115
53.05,10,48.359115
53.05,10,48.359115
53.05,10,48.359115
53.05,10,48.374799
53.05,10,48.374799
53.05,10,48.374799
53.05,10,48.374799
53.05,10,48.374799
53.05,10,48.374799
53.05,10,48.390819
53.045,11,48.395565
53.045,11,48.395565
53.05,10,48.395565
53.045,11,48.403265
53.05,10,48.406916
53.05,10,48.406916
53.045,11,48.406916
53.04,12,48.406916
53.05,10,48.406916
53.05,10,48.423012
53.05,10,48.423012
53.045,11,48.423012
53.05,10,48.423012
53.05,10,48.423012
53.05,10,48.423012
53.04,12,48.438976
53.05,10,48.438976
53.045,11,48.438976
53.05,10,48.438976
53.04,12,48.438976
53.05,10,48.456271
53.05,10,48.459385
53.05,10,48.461389
53.05,10,48.464384
53.045,11,48.467381
53.05,10,48.468378
53.05,10,48.468378
53.05,10,48.468378
53.05,10,48.468378
53.05,10,48.468378
53.05,10,48.484189
53.05,10,48.484189
53.05,10,48.484189
53.05,10,48.484189
53.05,10,48.484189
53.05,10,48.484189
53.045,11,48.501446
53.05,10,48.503697
53.05,10,48.509152
53.05,10,48.512154
53.045,11,48.515153
53.05,10,48.518194
53.05,10,48.521152
53.05,10,48.524645
53.05,10,48.527644
53.05,10,48.530644
53.05,10,48.532757
53.05,10,48.535751
53.05,10,48.538764
53.05,10,48.540765
53.05,10,48.540765
53.05,10,48.540765
53.05,10,48.540765
53.045,11,48.635224
53.05,10,48.64026
53.05,10,48.644273
53.05,10,48.64628
53.05,10,48.648286
53.05,10,48.653337
53.05,10,48.655344
53.05,10,48.659357
53.05,10,48.661364
53.05,10,48.665378
53.045,11,48.669428
53.05,10,48.674995
53.045,11,48.677991
53.05,10,48.680992
53.045,11,48.683996
53.05,10,48.686982
53.05,10,48.687995
53.05,10,48.687995
53.05,10,48.687995
53.05,10,48.687995
53.05,10,48.687995
53.05,10,48.687995
53.045,11,48.707363
53.05,10,48.707363
53.045,11,48.707363
53.045,11,48.707363
53.05,10,48.707363
53.05,10,48.723621
53.05,10,48.725746
53.05,10,48.728746
53.05,10,48.731736
53.05,10,48.734737
53.05,10,48.737741
53.05,10,48.740486
53.05,10,48.743668
53.05,10,48.745656
53.05,10,48.74865
53.05,10,48.751658
53.05,10,48.754655
53.05,10,48.757646
53.045,11,48.757646
53.05,10,48.757646
53.05,10,48.757646
53.05,10,48.757646
53.05,10,48.757646
53.05,10,48.774706
53.05,10,48.777828
53.045,11,48.780829
53.05,10,48.784157
53.05,10,48.787164
53.05,10,48.790157
53.05,10,48.793163
53.05,10,48.796157
53.05,10,48.797156
53.05,10,48.797156
53.05,10,48.804305
53.05,10,48.804305
53.05,10,48.804305
53.05,10,48.812836
53.05,10,48.812836
53.05,10,48.812836
53.05,10,48.812836
53.05,10,48.812836
53.05,10,48.812836
53.05,10,48.828633
53.05,10,48.828633
53.05,10,48.828633
53.05,10,48.828633
53.05,10,48.828633
53.05,10,48.844586
53.05,10,48.844586
53.05,10,48.844586
53.05,10,48.844586
53.05,10,48.844586
53.045,11,48.844586
53.05,10,48.860796
53.05,10,48.860796
53.05,10,48.860796
53.05,10,48.860796
53.05,10,48.860796
53.05,10,48.87665
53.05,10,48.87665
53.05,10,48.87665
53.05,10,48.87665
53.045,11,48.87665
53.05,10,48.87665
53.04,12,48.895258
53.05,10,48.898256
53.05,10,48.901363
53.05,10,48.904377
53.045,11,48.907124
53.05,10,48.907124
53.05,10,48.907124
53.05,10,48.907124
53.05,10,48.907124
53.045,11,48.922915
53.05,10,48.922915
53.05,10,48.922915
53.05,10,48.922915
53.05,10,48.922915
53.05,10,48.922915
53.05,10,49.026176
53.05,10,49.026495
53.05,10,49.026495
53.05,10,49.026495
53.05,10,49.026495
53.05,10,49.040182
53.05,10,49.043287
53.05,10,49.046385
53.05,10,49.048386
53.05,10,49.051385
53.05,10,49.054384
53.05,10,49.058421
53.05,10,49.061375
53.05,10,49.064375
53.05,10,49.066375
53.05,10,49.069375
53.05,10,49.072716
53.05,10,49.075365
53.05,10,49.077174
53.05,10,49.080777
53.05,10,49.082582
53.05,10,49.082582
53.05,10,49.082582
53.05,10,49.091445
53.05,10,49.091445
53.05,10,49.097866
53.05,10,49.100731
53.05,10,49.104255
53.05,10,49.10832
53.05,10,49.10832
53.05,10,49.10832
53.05,10,49.10832
53.05,10,49.10832
53.05,10,49.123073
53.05,10,49.123073
53.05,10,49.123073
53.05,10,49.123073
53.05,10,49.123073
53.05,10,49.123073
53.05,10,49.138736
53.05,10,49.138736
53.05,10,49.138736
53.05,10,49.138736
53.05,10,49.138736
53.05,10,49.154655
53.05,10,49.154655
53.05,10,49.154655
53.05,10,49.154655
53.05,10,49.154655
53.05,10,49.154655
53.05,10,49.170609
53.05,10,49.170609
53.05,10,49.170609
53.05,10,49.170609
53.05,10,49.170609
53.05,10,49.187483
53.05,10,49.189927
53.05,10,49.189927
53.05,10,49.189927
53.05,10,49.189927
53.05,10,49.189927
53.05,10,49.205921
53.05,10,49.209047
53.05,10,49.212054
53.05,10,49.21505
53.05,10,49.218055
53.05,10,49.221041
53.05,10,49.223946
53.05,10,49.227051
53.05,10,49.230055
53.05,10,49.233042
52.82,56,49.240938
53.05,10,49.240938
53.05,10,49.240938
53.05,10,49.256777
53.05,10,49.256777
53.05,10,49.256777
53.05,10,49.256777
53.05,10,49.256777
53.045,11,49.256777
53.05,10,49.272992
53.05,10,49.272992
53.05,10,49.272992
53.05,10,49.272992
53.05,10,49.272992
53.05,10,49.289189
53.05,10,49.289189
53.05,10,49.289189
53.05,10,49.289189
53.05,10,49.289189
53.05,10,49.304838
53.05,10,49.304838
53.05,10,49.304838
53.05,10,49.304838
53.05,10,49.304838
53.05,10,49.304838
53.05,10,49.320935
53.05,10,49.320935
53.05,10,49.413853
53.05,10,49.418543
53.05,10,49.420543
53.05,10,49.42368
53.05,10,49.426677
53.05,10,49.429677
53.05,10,49.432677
53.05,10,49.435761
53.05,10,49.437776
53.05,10,49.437776
53.05,10,49.437776
53.05,10,49.437776
53.05,10,49.437776
53.05,10,49.437776
53.05,10,49.453624
53.05,10,49.453624
53.05,10,49.453624
53.05,10,49.453624
53.05,10,49.453624
53.05,10,49.469468
53.05,10,49.469468
53.05,10,49.469468
53.05,10,49.469468
53.05,10,49.469468
53.05,10,49.469468
53.05,10,49.486896
53.05,10,49.496259
53.05,10,49.501193
53.05,10,49.501193
53.05,10,49.505028
53.045,11,49.505028
53.05,10,49.505028
53.05,10,49.505028
53.05,10,49.517192
53.05,10,49.517192
53.05,10,49.517192
53.05,10,49.517192
53.05,10,49.517192
53.05,10,49.533718
53.05,10,49.536833
53.05,10,49.53984
53.05,10,49.542829
53.05,10,49.545838
53.05,10,49.54684
53.05,10,49.54684
53.05,10,49.54684
53.05,10,49.54684
53.05,10,49.54684
53.05,10,49.563284
53.05,10,49.566314
53.05,10,49.568319
53.05,10,49.57265
53.05,10,49.574937
53.045,11,49.578931
53.05,10,49.580947
53.05,10,49.583939
53.05,10,49.586941
53.05,10,49.590302
53.05,10,49.593303
53.05,10,49.596303
53.05,10,49.599303
53.05,10,49.602303
53.05,10,49.605809
53.05,10,49.607816
53.05,10,49.607816
53.05,10,49.607816
53.05,10,49.607816
53.05,10,49.607816
53.05,10,49.607816
53.05,10,49.624058
53.05,10,49.624058
53.05,10,49.624058
53.05,10,49.624058
53.05,10,49.624058
53.05,10,49.640038
53.05,10,49.640038
53.05,10,49.640038
53.05,10,49.640038
53.05,10,49.640038
53.05,10,49.640038
53.05,10,49.656068
53.05,10,49.656068
53.05,10,49.656068
53.05,10,49.656068
53.05,10,49.656068
53.05,10,49.656068
53.05,10,49.672064
53.05,10,49.672064
53.045,11,49.672064
53.05,10,49.672064
53.05,10,49.672064
53.05,10,49.688795
53.05,10,49.691244
53.05,10,49.691244
53.05,10,49.691244
53.05,10,49.691244
53.05,10,49.691244
53.05,10,49.706964
53.05,10,49.70997
53.05,10,49.71297
53.05,10,49.71597
53.05,10,49.71897
53.05,10,49.797746
53.05,10,49.805353
53.05,10,49.805353
53.05,10,49.813443
53.05,10,49.813443
53.05,10,49.813443
53.05,10,49.813443
53.05,10,49.813443
53.05,10,49.829298
53.05,10,49.831304
53.05,10,49.831304
53.05,10,49.831304
53.05,10,49.831304
53.05,10,49.831304
53.05,10,49.845437
53.05,10,49.845437
53.05,10,49.845437
53.05,10,49.845437
53.04,12,49.845437
53.05,10,49.863102
53.05,10,49.86711
53.04,12,49.869997
53.05,10,49.873095
53.05,10,49.876505
53.05,10,49.879503
53.05,10,49.882499
53.05,10,49.885494
53.05,10,49.888503
53.05,10,49.891606
53.05,10,49.895615
53.045,11,49.898617
53.05,10,49.901618
53.05,10,49.90361
53.05,10,49.906232
53.05,10,49.909546
53.05,10,49.912557
53.05,10,49.915548
53.05,10,49.918553
53.05,10,49.920549
53.045,11,49.921556
53.05,10,49.921556
53.05,10,49.921556
53.05,10,49.921556
53.05,10,49.921556
53.05,10,49.937581
53.05,10,49.937581
53.05,10,49.937581
53.05,10,49.937581
53.05,10,49.953593
53.05,10,49.953593
53.05,10,49.953593
53.05,10,49.953593
53.05,10,49.953593
53.05,10,49.953593
53.05,10,49.971808
53.05,10,49.974806
53.05,10,49.976806
53.05,10,49.979808
53.05,10,49.982807
53.05,10,49.984813
53.05,10,49.984813
53.05,10,49.984813
53.05,10,49.984813
53.05,10,49.984813
53.05,10,49.984813
53.05,10,50.000731
53.05,10,50.006042
53.05,10,50.008937
53.05,10,50.008937
53.05,10,50.008937
53.05,10,50.016556
53.05,10,50.016556
53.05,10,50.016556
53.05,10,50.016556
53.05,10,50.016556
53.045,11,50.032631
53.05,10,50.032631
53.05,10,50.032631
53.05,10,50.032631
53.045,11,50.032631
53.05,10,50.048724
53.05,10,50.048724
53.04,12,50.048724
53.05,10,50.048724
53.05,10,50.048724
53.05,10,50.048724
53.05,10,50.064579
53.05,10,50.064579
53.05,10,50.064579
53.05,10,50.064579
53.05,10,50.064579
53.05,10,50.081941
53.05,10,50.086061
53.05,10,50.089054
53.05,10,50.092167
53.05,10,50.094179
53.05,10,50.097163
53.05,10,50.100167
53.05,10,50.103165
53.05,10,50.105164
53.05,10,50.108475
53.05,10,50.193658
53.05,10,50.196659
53.05,10,50.199659
53.05,10,50.202659
53.05,10,50.206852
53.05,10,50.209884
53.05,10,50.212885
53.05,10,50.214885
53.05,10,50.21787
53.05,10,50.220976
53.05,10,50.223871
53.05,10,50.226869
53.05,10,50.229407
53.05,10,50.23241
53.05,10,50.235409
53.05,10,50.238411
53.05,10,50.240347
53.05,10,50.240347
53.05,10,50.240347
53.05,10,50.240347
53.05,10,50.240347
53.05,10,50.240347
53.05,10,50.259568
53.05,10,50.262942
53.05,10,50.265183
53.05,10,50.268562
53.05,10,50.272236
53.05,10,50.272236
53.05,10,50.272236
53.05,10,50.272236
53.05,10,50.272236
53.05,10,50.272236
53.05,10,50.288403
53.05,10,50.288403
53.05,10,50.288403
53.05,10,50.288403
53.05,10,50.288403
53.05,10,50.304512
53.05,10,50.306838
53.05,10,50.306838
53.05,10,50.306838
53.05,10,50.306838
53.05,10,50.320471
53.05,10,50.320471
53.05,10,50.320471
53.05,10,50.320471
53.05,10,50.320471
53.05,10,50.320471
53.05,10,50.336535
53.05,10,50.336535
53.05,10,50.336535
53.05,10,50.336535
53.05,10,50.336535
53.05,10,50.352709
53.05,10,50.352709
53.05,10,50.352709
53.05,10,50.352709
53.05,10,50.352709
53.05,10,50.352709
53.05,10,50.368694
53.05,10,50.368694
53.05,10,50.368694
53.05,10,50.368694
53.05,10,50.368694
53.05,10,50.38465
53.05,10,50.38465
53.05,10,50.38465
53.05,10,50.38465
53.045,11,50.38465
53.05,10,50.400692
53.05,10,50.403369
53.05,10,50.406752
53.05,10,50.406752
53.05,10,50.406752
53.05,10,50.406752
53.05,10,50.41924
53.05,10,50.42224
53.05,10,50.42224
53.05,10,50.42224
53.05,10,50.42224
53.05,10,50.42224
53.05,10,50.42224
53.05,10,50.438085
53.05,10,50.438085
53.05,10,50.438085
53.05,10,50.438085
53.05,10,50.454168
53.05,10,50.454168
53.05,10,50.454168
53.05,10,50.454168
53.05,10,50.454168
53.05,10,50.470355
53.05,10,50.470355
53.05,10,50.470355
53.05,10,50.470355
53.05,10,50.470355
53.05,10,50.470355
53.05,10,50.486488
53.05,10,50.486488
53.05,10,50.486488
53.05,10,50.486488
53.05,10,50.486488
53.05,10,50.503165
53.05,10,50.589065
53.05,10,50.593077
53.05,10,50.594825
53.05,10,50.598717
53.05,10,50.600724
53.05,10,50.604739
53.05,10,50.608753
53.05,10,50.612815
53.05,10,50.615751
53.05,10,50.618752
53.05,10,50.620752
53.05,10,50.623751
53.05,10,50.627915
53.05,10,50.630915
53.05,10,50.633915
53.05,10,50.636915
53.05,10,50.639915
53.05,10,50.642916
53.05,10,50.645916
53.05,10,50.648916
53.05,10,50.651916
53.05,10,50.654915
53.05,10,50.658965
53.05,10,50.660972
53.05,10,50.664985
53.05,10,50.666992
53.05,10,50.671005
53.05,10,50.672754
53.05,10,50.672754
53.05,10,50.672754
53.05,10,50.672754
53.05,10,50.672754
53.05,10,50.689329
53.05,10,50.692339
53.05,10,50.695316
53.05,10,50.698316
53.05,10,50.700316
53.05,10,50.703316
53.05,10,50.707827
53.05,10,50.707827
53.05,10,50.71423
53.05,10,50.716236
53.05,10,50.718242
53.05,10,50.723407
53.05,10,50.726427
53.05,10,50.729426
53.05,10,50.731426
53.05,10,50.734428
53.05,10,50.737427
53.05,10,50.740412
53.05,10,50.743411
53.05,10,50.745426
53.05,10,50.748426
53.045,11,50.751428
53.05,10,50.754412
53.05,10,50.757428
53.05,10,50.758411
53.05,10,50.758411
53.05,10,50.758411
53.05,10,50.758411
53.05,10,50.758411
53.05,10,50.758411
53.05,10,50.774083
53.05,10,50.774083
53.05,10,50.782301
53.05,10,50.782301
53.05,10,50.782301
53.05,10,50.789948
53.05,10,50.789948
53.05,10,50.789948
53.05,10,50.789948
53.05,10,50.789948
53.05,10,50.789948
53.05,10,50.80716
53.05,10,50.80716
53.05,10,50.80716
53.05,10,50.80716
53.05,10,50.80716
53.05,10,50.821806
53.05,10,50.821806
53.05,10,50.821806
53.05,10,50.821806
53.05,10,50.821806
53.05,10,50.821806
53.05,10,50.837846
53.05,10,50.837846
53.05,10,50.837846
53.05,10,50.837846
53.05,10,50.837846
53.05,10,50.853991
53.045,11,50.856633
53.05,10,50.864239
53.05,10,50.870041
53.05,10,50.870041
53.045,11,50.870041
53.05,10,50.870041
53.05,10,50.870041
53.05,10,50.870041
53.05,10,50.885916
53.05,10,50.885916
53.05,10,50.885916
53.05,10,50.885916
53.05,10,50.981834
53.05,10,50.984848
53.05,10,50.988861
53.05,10,50.990868
53.05,10,50.994882
53.05,10,50.99689
53.05,10,51.000645
53.05,10,51.004658
53.05,10,51.007165
53.05,10,51.009172
53.05,10,51.013185
53.05,10,51.016699
53.05,10,51.020546
53.05,10,51.022552
53.05,10,51.024558
53.05,10,51.028571
53.05,10,51.030577
53.05,10,51.034982
53.05,10,51.037981
53.05,10,51.040981
53.05,10,51.043981
53.05,10,51.045981
53.05,10,51.048988
53.045,11,51.051981
53.05,10,51.054966
53.05,10,51.057981
53.05,10,51.059981
53.05,10,51.062981
53.05,10,51.066071
53.05,10,51.06907
53.05,10,51.07107
53.05,10,51.07407
53.05,10,51.07707
53.05,10,51.07807
53.045,11,51.07807
53.05,10,51.07807
53.05,10,51.07807
53.05,10,51.07807
53.05,10,51.094126
53.05,10,51.094126
53.05,10,51.094126
53.05,10,51.094126
53.05,10,51.094126
53.05,10,51.107604
53.05,10,51.110243
53.05,10,51.110243
53.05,10,51.110243
53.05,10,51.110243
53.05,10,51.110243
53.05,10,51.126145
53.05,10,51.128334
53.05,10,51.132346
53.05,10,51.134353
53.05,10,51.138365
53.05,10,51.140371
53.05,10,51.143412
53.05,10,51.146723
53.05,10,51.150735
53.05,10,51.152742
53.05,10,51.156754
53.05,10,51.159045
53.05,10,51.162055
53.05,10,51.165054
53.05,10,51.168039
53.05,10,51.170043
53.05,10,51.173737
53.05,10,51.176768
53.05,10,51.179768
53.05,10,51.181768
53.05,10,51.184767
53.045,11,51.187768
53.05,10,51.192127
53.05,10,51.192127
53.05,10,51.192127
53.05,10,51.192127
53.05,10,51.192127
53.05,10,51.192127
53.05,10,51.208952
53.05,10,51.211977
53.05,10,51.214976
53.05,10,51.21798
53.05,10,51.220976
53.05,10,51.224041
53.05,10,51.226311
53.05,10,51.22931
53.05,10,51.23231
53.05,10,51.23531
53.05,10,51.238296
53.05,10,51.240294
53.05,10,51.240294
53.05,10,51.240294
53.05,10,51.240294
53.05,10,51.240294
53.05,10,51.240294
53.05,10,51.256456
53.05,10,51.256456
53.05,10,51.256456
53.05,10,51.256456
53.05,10,51.256456
53.05,10,51.27355
53.045,11,51.275561
53.05,10,51.279582
53.05,10,51.3659
53.05,10,51.369915
53.05,10,51.371923
53.05,10,51.375938
53.05,10,51.379952
53.05,10,51.383963
53.05,10,51.386963
53.05,10,51.389963
53.05,10,51.390963
53.05,10,51.396556
53.05,10,51.400469
53.05,10,51.402476
53.05,10,51.40649
53.05,10,51.409357
53.05,10,51.412083
53.05,10,51.416093
53.05,10,51.418098
53.05,10,51.422181
53.05,10,51.425829
53.05,10,51.427832
53.05,10,51.427832
53.05,10,51.427832
53.05,10,51.427832
53.05,10,51.438065
53.05,10,51.438065
53.05,10,51.438065
53.05,10,51.438065
53.05,10,51.438065
53.05,10,51.454136
53.05,10,51.457535
53.05,10,51.460658
53.05,10,51.462696
53.05,10,51.465779
53.05,10,51.466813
53.05,10,51.469887
53.05,10,51.469887
53.05,10,51.469887
53.05,10,51.469887
53.05,10,51.469887
53.05,10,51.486903
53.05,10,51.489902
53.05,10,51.492908
53.05,10,51.495908
53.05,10,51.498908
53.05,10,51.499908
53.05,10,51.499908
53.05,10,51.499908
53.05,10,51.50767
53.05,10,51.50767
53.05,10,51.516126
53.05,10,51.516126
53.05,10,51.516126
53.05,10,51.516126
53.05,10,51.516126
53.05,10,51.516126
53.05,10,51.531923
53.05,10,51.531923
53.045,11,51.531923
53.05,10,51.531923
53.05,10,51.531923
53.05,10,51.531923
53.05,10,51.547706
53.05,10,51.553112
53.05,10,51.555118
53.05,10,51.559131
53.05,10,51.561137
53.05,10,51.563143
53.05,10,51.563143
53.05,10,51.563143
53.05,10,51.563143
53.05,10,51.563143
53.05,10,51.563143
53.05,10,51.581347
53.05,10,51.581347
53.05,10,51.581347
53.05,10,51.581347
53.05,10,51.581347
53.05,10,51.595731
53.05,10,51.598863
53.05,10,51.600862
53.05,10,51.603861
53.05,10,51.606861
53.05,10,51.609601
53.05,10,51.610607
53.05,10,51.610607
53.05,10,51.610607
53.05,10,51.610607
53.05,10,51.610607
53.05,10,51.626688
53.05,10,51.626688
53.05,10,51.626688
53.05,10,51.626688
53.05,10,51.626688
53.05,10,51.626688
53.05,10,51.642499
53.05,10,51.642499
53.05,10,51.642499
53.05,10,51.642499
53.05,10,51.642499
53.05,10,51.658334
53.05,10,51.658334
53.05,10,51.658334
53.05,10,51.751455
53.05,10,51.753462
53.05,10,51.758371
53.05,10,51.760379
53.05,10,51.764394
53.05,10,51.766403
53.05,10,51.770417
53.05,10,51.772166
53.05,10,51.778141
53.05,10,51.780148
53.05,10,51.782154
53.05,10,51.786168
53.05,10,51.788741
53.05,10,51.790746
53.05,10,51.790746
53.05,10,51.790746
53.05,10,51.790746
53.05,10,51.80421
53.05,10,51.806363
53.05,10,51.809914
53.05,10,51.811913
53.05,10,51.815032
53.05,10,51.818032
53.05,10,51.821201
53.05,10,51.824201
53.05,10,51.8262
53.05,10,51.8282
53.05,10,51.8282
53.05,10,51.8282
53.05,10,51.8282
53.05,10,51.8282
53.05,10,51.843904
53.05,10,51.843904
53.05,10,51.843904
53.05,10,51.843904
53.05,10,51.843904
53.05,10,51.843904
53.05,10,51.859704
53.05,10,51.859704
53.045,11,51.859704
53.05,10,51.859704
53.05,10,51.859704
53.05,10,51.875464
53.05,10,51.875464
53.05,10,51.875464
53.05,10,51.875464
53.05,10,51.875464
53.05,10,51.875464
53.05,10,51.89159
53.05,10,51.89159
53.05,10,51.89159
53.05,10,51.89159
53.05,10,51.89159
53.05,10,51.89159
53.05,10,51.908226
53.05,10,51.908226
53.05,10,51.908226
53.05,10,51.908226
53.05,10,51.908226
53.05,10,51.923881
53.05,10,51.927499
53.05,10,51.93049
53.05,10,51.932493
53.05,10,51.935486
53.05,10,51.938629
53.05,10,51.941628
53.05,10,51.944625
53.05,10,51.947634
53.05,10,51.950631
53.05,10,51.952632
53.05,10,51.953623
53.05,10,51.953623
53.05,10,51.953623
53.05,10,51.953623
53.05,10,51.953623
53.05,10,51.969447
53.05,10,51.973456
53.05,10,51.975459
53.045,11,51.977203
53.05,10,51.977203
53.05,10,51.985473
53.05,10,51.985473
53.05,10,51.985473
53.05,10,51.985473
53.05,10,51.985473
53.05,10,51.985473
53.05,10,52.001442
53.05,10,52.005308
53.05,10,52.008317
53.05,10,52.008317
53.05,10,52.008317
53.05,10,52.017379
53.05,10,52.020634
53.05,10,52.023725
53.05,10,52.026726
53.05,10,52.029727
53.05,10,52.031714
53.05,10,52.03486
53.05,10,52.037863
53.05,10,52.040866
53.05,10,52.043859
53.05,10,52.046864
53.05,10,52.125557
53.05,10,52.125557
53.05,10,52.141696
53.05,10,52.144902
53.05,10,52.147902
53.05,10,52.150903
53.05,10,52.153902
53.05,10,52.155902
53.05,10,52.155902
53.05,10,52.155902
53.05,10,52.155902
53.05,10,52.155902
53.05,10,52.155902
53.05,10,52.171726
53.05,10,52.171726
53.05,10,52.171726
53.05,10,52.171726
53.05,10,52.171726
53.05,10,52.18878
53.05,10,52.191782
53.05,10,52.194271
53.05,10,52.194271
53.05,10,52.194271
53.05,10,52.194271
53.05,10,52.20694
53.05,10,52.210792
53.05,10,52.219789
53.05,10,52.22555
53.05,10,52.228549
53.05,10,52.231549
53.05,10,52.233548
53.05,10,52.236549
53.05,10,52.239549
53.05,10,52.24255
53.05,10,52.245548
53.05,10,52.248549
53.05,10,52.251549
53.05,10,52.254648
53.05,10,52.257552
53.05,10,52.260549
53.05,10,52.263534
53.05,10,52.265549
53.05,10,52.265549
53.05,10,52.265549
53.05,10,52.265549
53.05,10,52.265549
53.05,10,52.265549
53.05,10,52.281628
53.05,10,52.281628
53.05,10,52.281628
53.05,10,52.281628
53.05,10,52.281628
53.05,10,52.297843
53.05,10,52.297843
53.05,10,52.297843
53.05,10,52.297843
53.05,10,52.30864
53.05,10,52.313778
53.05,10,52.313778
53.05,10,52.313778
53.05,10,52.313778
53.05,10,52.313778
53.05,10,52.313778
53.05,10,52.329999
53.05,10,52.329999
53.05,10,52.329999
53.05,10,52.329999
53.05,10,52.329999
53.05,10,52.34618
53.05,10,52.34618
53.05,10,52.34618
53.05,10,52.34618
53.05,10,52.34618
53.05,10,52.34618
53.05,10,52.36363
53.05,10,52.365624
53.05,10,52.368626
53.05,10,52.371523
53.05,10,52.374631
53.05,10,52.375632
53.05,10,52.375632
53.05,10,52.375632
53.05,10,52.375632
53.05,10,52.375632
53.05,10,52.391419
53.05,10,52.391419
53.05,10,52.391419
53.045,11,52.391419
53.05,10,52.391419
53.05,10,52.408758
53.05,10,52.410765
53.05,10,52.412771
53.05,10,52.416784
53.05,10,52.418791
53.05,10,52.422804
53.05,10,52.422804
53.05,10,52.422804
53.05,10,52.422804
53.05,10,52.422804
53.05,10,52.422804
53.05,10,52.44009
53.05,10,52.44309
53.05,10,52.531931
53.05,10,52.531931
53.05,10,52.531931
53.05,10,52.531931
53.05,10,52.531931
53.05,10,52.531931
53.05,10,52.54775
53.05,10,52.54775
53.05,10,52.54775
53.05,10,52.54775
53.05,10,52.54775
53.05,10,52.563914
53.05,10,52.567291
53.05,10,52.570299
53.05,10,52.573295
53.05,10,52.576294
53.05,10,52.579418
53.05,10,52.581415
53.05,10,52.584415
53.05,10,52.587415
53.05,10,52.590415
53.05,10,52.593726
53.05,10,52.593726
53.05,10,52.593726
53.05,10,52.593726
53.05,10,52.593726
53.05,10,52.593726
53.05,10,52.609101
53.05,10,52.609101
53.05,10,52.609101
53.05,10,52.609101
53.05,10,52.609101
53.05,10,52.624911
53.05,10,52.628665
53.05,10,52.630668
53.05,10,52.630668
53.05,10,52.630668
53.05,10,52.640877
53.05,10,52.640877
53.05,10,52.640877
53.05,10,52.640877
53.05,10,52.640877
53.05,10,52.640877
53.05,10,52.656985
53.05,10,52.656985
53.05,10,52.656985
53.05,10,52.656985
53.05,10,52.656985
53.05,10,52.673196
53.05,10,52.673196
53.05,10,52.673196
53.05,10,52.673196
53.05,10,52.673196
53.05,10,52.673196
53.05,10,52.692931
53.05,10,52.696475
53.05,10,52.699458
53.05,10,52.702458
53.05,10,52.704458
53.05,10,52.709192
53.05,10,52.71241
53.05,10,52.715396
53.05,10,52.718401
53.05,10,52.720394
53.05,10,52.723758
53.05,10,52.726902
53.05,10,52.728912
53.05,10,52.731907
53.05,10,52.734901
53.05,10,52.737904
53.05,10,52.740578
53.05,10,52.740578
53.05,10,52.740578
53.05,10,52.740578
53.05,10,52.740578
53.05,10,52.740578
53.05,10,52.758927
53.05,10,52.762025
53.05,10,52.765023
53.05,10,52.768032
53.05,10,52.771011
53.05,10,52.773761
53.05,10,52.777158
53.05,10,52.779177
53.05,10,52.782176
53.05,10,52.785175
53.05,10,52.788166
53.05,10,52.790065
53.05,10,52.790065
53.05,10,52.790065
53.05,10,52.790065
53.05,10,52.790065
53.05,10,52.805871
53.05,10,52.808397
53.05,10,52.811403
53.05,10,52.815148
53.05,10,52.816891
53.05,10,52.820637
53.05,10,52.821639
53.05,10,52.821639
53.05,10,52.821639
53.05,10,52.821639
53.05,10,52.821639
53.05,10,52.924962
53.05,10,52.926969
53.05,10,52.930982
53.05,10,52.932988
53.05,10,52.937001
53.05,10,52.940016
53.05,10,52.942024
53.05,10,52.946038
53.05,10,52.948045
53.05,10,52.952058
53.05,10,52.955812
53.05,10,52.957816
53.05,10,52.959819
53.05,10,52.959819
53.05,10,52.959819
53.05,10,52.969746
53.05,10,52.973144
53.05,10,52.976135
53.05,10,52.978132
53.05,10,52.981135
53.05,10,52.984142
53.05,10,52.987145
53.05,10,52.990137
53.05,10,52.993136
53.05,10,52.995251
53.05,10,52.998257
53.05,10,53.001423
53.05,10,53.004436
53.05,10,53.007426
53.05,10,53.010041
53.05,10,53.013165
53.05,10,53.016148
53.05,10,53.016148
53.05,10,53.016148
53.05,10,53.016148
53.05,10,53.016148
53.05,10,53.016148
53.05,10,53.032309
53.05,10,53.032309
53.05,10,53.032309
53.05,10,53.032309
53.05,10,53.032309
53.05,10,53.048064
53.05,10,53.050851
53.05,10,53.052856
53.05,10,53.054861
53.05,10,53.054861
53.05,10,53.054861
53.05,10,53.064276
53.05,10,53.064276
53.05,10,53.064276
53.05,10,53.064276
53.05,10,53.064276
53.05,10,53.080419
53.05,10,53.080419
53.05,10,53.080419
53.05,10,53.080419
53.05,10,53.080419
53.05,10,53.080419
53.05,10,53.096284
53.05,10,53.096284
53.05,10,53.096284
53.05,10,53.096284
53.05,10,53.096284
53.05,10,53.112437
53.05,10,53.114904
53.05,10,53.117898
53.05,10,53.120903
53.05,10,53.123903
53.05,10,53.124904
53.05,10,53.124904
53.05,10,53.124904
53.05,10,53.124904
53.05,10,53.124904
53.05,10,53.140723
53.05,10,53.140723
53.05,10,53.140723
53.05,10,53.140723
53.05,10,53.140723
53.05,10,53.140723
53.05,10,53.156915
53.05,10,53.156915
53.05,10,53.156915
53.05,10,53.156915
53.05,10,53.156915
53.05,10,53.17291
53.05,10,53.176919
53.05,10,53.178928
53.05,10,53.178928
53.05,10,53.178928
53.05,10,53.189538
53.05,10,53.192645
53.05,10,53.194657
53.05,10,53.197769
53.05,10,53.200767
53.05,10,53.203774
53.05,10,53.206666
53.05,10,53.209736
53.05,10,53.209736
53.05,10,53.209736
53.05,10,53.209736
53.05,10,53.209736
53.05,10,53.306231
53.05,10,53.308232
53.05,10,53.312007
53.05,10,53.315006
53.05,10,53.318006
53.05,10,53.320991
53.05,10,53.323007
53.05,10,53.327007
53.05,10,53.329215
53.05,10,53.332213
53.05,10,53.335202
53.05,10,53.338214
53.05,10,53.341213
53.05,10,53.343213
53.05,10,53.343213
53.05,10,53.343213
53.05,10,53.343213
53.05,10,53.343213
53.05,10,53.359005
53.05,10,53.359005
53.05,10,53.359005
53.05,10,53.359005
53.05,10,53.359005
53.05,10,53.359005
53.05,10,53.376799
53.05,10,53.380545
53.05,10,53.382548
53.05,10,53.382548
53.05,10,53.382548
53.05,10,53.390776
53.05,10,53.390776
53.05,10,53.390776
53.05,10,53.390776
53.05,10,53.390776
53.05,10,53.390776
53.05,10,53.406982
53.05,10,53.410374
53.05,10,53.410374
53.05,10,53.410374
53.05,10,53.410374
53.05,10,53.423659
53.05,10,53.425666
53.05,10,53.429679
53.05,10,53.433692
53.05,10,53.435699
53.05,10,53.439803
53.05,10,53.441918
53.05,10,53.44492
53.05,10,53.447923
53.05,10,53.450916
53.05,10,53.452919
53.05,10,53.457095
53.05,10,53.459083
53.05,10,53.462085
53.05,10,53.465089
53.05,10,53.468086
53.05,10,53.471227
53.05,10,53.474219
53.05,10,53.476232
53.05,10,53.47923
53.05,10,53.482228
53.05,10,53.484229
53.05,10,53.484229
53.05,10,53.484229
53.05,10,53.484229
53.05,10,53.484229
53.05,10,53.499999
53.05,10,53.499999
53.05,10,53.499999
53.05,10,53.499999
53.05,10,53.510319
53.05,10,53.510319
53.05,10,53.517945
53.05,10,53.520003
53.05,10,53.524017
53.05,10,53.527651
53.05,10,53.530708
53.05,10,53.5339
53.05,10,53.537086
53.05,10,53.540074
53.05,10,53.543084
53.05,10,53.545084
53.05,10,53.548296
53.05,10,53.551291
53.05,10,53.554292
53.05,10,53.557291
53.05,10,53.560277
53.05,10,53.562299
53.05,10,53.564098
53.05,10,53.564098
53.05,10,53.572194
53.05,10,53.574204
53.05,10,53.577922
53.05,10,53.577922
53.05,10,53.577922
53.05,10,53.577922
53.05,10,53.577922
53.05,10,53.577922
53.05,10,53.594057
53.05,10,53.594057
53.05,10,53.594057
53.05,10,53.594057
53.05,10,53.594057
53.05,10,53.690387
53.05,10,53.690387
53.05,10,53.690387
53.05,10,53.690387
53.05,10,53.70777
53.05,10,53.711282
53.05,10,53.713391
53.05,10,53.716401
53.05,10,53.719394
53.05,10,53.722288
53.05,10,53.725828
53.05,10,53.728825
53.05,10,53.731831
53.05,10,53.734817
53.05,10,53.737824
53.05,10,53.740823
53.05,10,53.740823
53.05,10,53.740823
53.05,10,53.740823
53.05,10,53.740823
53.05,10,53.740823
53.05,10,53.756837
53.05,10,53.756837
53.05,10,53.756837
53.05,10,53.756837
53.05,10,53.756837
53.05,10,53.772623
53.05,10,53.772623
53.05,10,53.772623
53.05,10,53.772623
53.05,10,53.772623
53.05,10,53.772623
53.05,10,53.791146
53.05,10,53.794144
53.05,10,53.797258
53.05,10,53.799259
53.05,10,53.80227
53.05,10,53.806161
53.05,10,53.807322
53.045,11,53.810386
53.05,10,53.810386
53.05,10,53.810386
53.05,10,53.819565
53.05,10,53.825146
53.05,10,53.827146
53.05,10,53.83004
53.05,10,53.833148
53.05,10,53.83617
53.05,10,53.840133
53.05,10,53.842714
53.05,10,53.84572
53.05,10,53.848712
53.05,10,53.851699
53.05,10,53.854715
53.05,10,53.857718
53.05,10,53.857718
53.045,11,53.857718
53.05,10,53.857718
53.05,10,53.857718
53.05,10,53.857718
53.05,10,53.873567
53.05,10,53.873567
53.05,10,53.873567
53.05,10,53.873567
53.05,10,53.873567
53.05,10,53.889622
53.05,10,53.889622
53.05,10,53.889622
53.05,10,53.889622
53.05,10,53.889622
53.05,10,53.889622
53.05,10,53.90559
53.05,10,53.910812
53.05,10,53.910812
53.05,10,53.910812
53.05,10,53.910812
53.05,10,53.921452
53.05,10,53.921452
53.05,10,53.921452
53.05,10,53.921452
53.05,10,53.921452
53.05,10,53.937305
53.05,10,53.937305
53.05,10,53.937305
53.05,10,53.937305
53.05,10,53.937305
53.05,10,53.937305
53.05,10,53.955231
53.05,10,53.958143
53.05,10,53.96115
53.05,10,53.964136
53.05,10,53.967154
53.05,10,53.970146
53.05,10,53.973141
53.05,10,53.976142
53.05,10,53.97916
53.05,10,53.981131
53.05,10,53.984147
53.05,10,53.984147
53.05,10,53.984147
53.05,10,53.984147
53.05,10,53.984147
53.05,10,54.083103
53.05,10,54.086102
53.05,10,54.089103
53.05,10,54.092102
53.05,10,54.094103
53.05,10,54.094103
53.05,10,54.094103
53.05,10,54.094103
53.05,10,54.094103
53.05,10,54.094103
53.05,10,54.110815
53.05,10,54.110815
53.05,10,54.110815
53.05,10,54.110815
53.05,10,54.110815
53.05,10,54.126091
53.05,10,54.126091
53.05,10,54.126091
53.05,10,54.126091
53.05,10,54.126091
53.05,10,54.142254
53.05,10,54.142254
53.05,10,54.142254
53.05,10,54.142254
53.05,10,54.142254
53.05,10,54.158222
53.05,10,54.161688
53.05,10,54.16525
53.05,10,54.167027
53.05,10,54.168847
53.05,10,54.173975
53.05,10,54.175982
53.05,10,54.175982
53.05,10,54.175982
53.05,10,54.191679
53.05,10,54.195649
53.05,10,54.198749
53.05,10,54.201764
53.05,10,54.203756
53.05,10,54.207089
53.05,10,54.210201
53.05,10,54.212929
53.05,10,54.215932
53.05,10,54.218936
53.05,10,54.220935
53.05,10,54.224132
53.05,10,54.227164
53.05,10,54.230163
53.05,10,54.233163
53.05,10,54.236163
53.05,10,54.239163
53.05,10,54.240175
53.05,10,54.240175
53.05,10,54.240175
53.05,10,54.240175
53.05,10,54.240175
53.05,10,54.255865
53.045,11,54.255865
53.05,10,54.255865
53.05,10,54.255865
53.05,10,54.255865
53.05,10,54.255865
53.05,10,54.272057
53.05,10,54.272057
53.05,10,54.272057
53.05,10,54.272057
53.05,10,54.272057
53.05,10,54.289295
53.05,10,54.292288
53.05,10,54.294282
53.05,10,54.297396
53.05,10,54.300796
53.05,10,54.303802
53.05,10,54.306803
53.05,10,54.309798
53.05,10,54.312524
53.05,10,54.312524
53.05,10,54.312524
53.05,10,54.312524
53.05,10,54.312524
53.05,10,54.312524
53.05,10,54.330367
53.05,10,54.330367
53.05,10,54.330367
53.05,10,54.342347
53.05,10,54.345334
53.05,10,54.348335
53.05,10,54.351335
53.05,10,54.354335
53.05,10,54.357119
53.05,10,54.360382
53.05,10,54.363382
53.05,10,54.366382
53.05,10,54.368382
53.05,10,54.371382
53.05,10,54.374382
53.05,10,54.374382
53.05,10,54.374382
53.05,10,54.374382
53.05,10,54.374382
53.05,10,54.374382
53.05,10,54.390202
53.05,10,54.487786
53.05,10,54.490779
53.05,10,54.493764
53.05,10,54.496805
53.05,10,54.501814
53.05,10,54.505801
53.05,10,54.508796
53.05,10,54.510798
53.05,10,54.514338
53.05,10,54.516338
53.05,10,54.51963
53.05,10,54.52263
53.05,10,54.52563
53.05,10,54.52863
53.05,10,54.53163
53.05,10,54.53163
53.05,10,54.53163
53.05,10,54.53163
53.05,10,54.53163
53.05,10,54.53163
53.05,10,54.547461
53.05,10,54.547461
53.05,10,54.547461
53.05,10,54.547461
53.05,10,54.547461
53.05,10,54.563188
53.05,10,54.563188
53.05,10,54.563188
53.05,10,54.563188
53.05,10,54.563188
53.05,10,54.578948
53.05,10,54.578948
53.05,10,54.578948
53.05,10,54.578948
53.05,10,54.578948
53.05,10,54.578948
53.05,10,54.594909
53.05,10,54.594909
53.05,10,54.594909
53.05,10,54.594909
53.05,10,54.594909
53.05,10,54.611885
53.05,10,54.611885
53.05,10,54.611885
53.05,10,54.611885
53.05,10,54.611885
53.05,10,54.626521
53.05,10,54.628881
53.05,10,54.631884
53.05,10,54.634779
53.05,10,54.637781
53.05,10,54.640777
53.05,10,54.640777
53.05,10,54.640777
53.05,10,54.640777
53.05,10,54.640777
53.05,10,54.640777
53.05,10,54.6568
53.05,10,54.6568
53.05,10,54.6568
53.05,10,54.6568
53.05,10,54.6568
53.05,10,54.672756
53.05,10,54.672756
53.05,10,54.672756
53.05,10,54.672756
53.05,10,54.672756
53.05,10,54.672756
53.05,10,54.690617
53.05,10,54.693738
53.05,10,54.696718
53.05,10,54.69984
53.05,10,54.702837
53.05,10,54.705838
53.05,10,54.707833
53.05,10,54.712126
53.05,10,54.712126
53.05,10,54.712126
53.05,10,54.712126
53.05,10,54.724534
53.05,10,54.728504
53.05,10,54.731514
53.05,10,54.734514
53.05,10,54.736513
53.05,10,54.739515
53.05,10,54.742504
53.05,10,54.745514
53.05,10,54.748516
53.05,10,54.751498
53.05,10,54.755514
53.05,10,54.757514
53.05,10,54.757514
53.05,10,54.757514
53.05,10,54.757514
53.05,10,54.757514
53.05,10,54.773267
53.05,10,54.773267
53.05,10,54.773267
53.05,10,54.773267
53.05,10,54.773267
53.05,10,54.789162
53.05,10,54.789162
53.05,10,54.789162
53.05,10,54.890625
53.05,10,54.890625
53.05,10,54.890625
53.05,10,54.906345
53.05,10,54.912493
53.05,10,54.912493
53.05,10,54.912493
53.05,10,54.912493
53.05,10,54.922451
53.05,10,54.922451
53.05,10,54.922451
53.05,10,54.922451
53.05,10,54.922451
53.05,10,54.940783
53.05,10,54.948804
53.05,10,54.955319
53.05,10,54.958318
53.05,10,54.96131
53.05,10,54.964314
53.05,10,54.967324
53.05,10,54.970492
53.05,10,54.973511
53.05,10,54.97651
53.05,10,54.980511
53.05,10,54.983517
53.05,10,54.986713
53.05,10,54.989716
53.05,10,54.992716
53.05,10,54.995715
53.05,10,54.998739
53.05,10,54.999742
53.05,10,54.999742
53.05,10,54.999742
53.05,10,54.999742
53.05,10,55.012442
53.05,10,55.015613
53.05,10,55.015613
53.05,10,55.015613
53.05,10,55.015613
53.05,10,55.031285
53.05,10,55.031285
53.05,10,55.031285
53.05,10,55.031285
53.05,10,55.031285
53.05,10,55.047486
53.05,10,55.050488
53.05,10,55.05349
53.05,10,55.056592
53.05,10,55.0596
53.05,10,55.062602
53.05,10,55.066871
53.05,10,55.069876
53.05,10,55.072871
53.05,10,55.075868
53.05,10,55.077863
53.05,10,55.077863
53.05,10,55.077863
53.05,10,55.077863
53.05,10,55.077863
53.05,10,55.093757
53.05,10,55.093757
53.05,10,55.093757
53.05,10,55.093757
53.05,10,55.093757
53.05,10,55.109695
53.05,10,55.112462
53.05,10,55.112462
53.05,10,55.112462
53.05,10,55.112462
53.05,10,55.125616
53.05,10,55.125616
53.05,10,55.125616
53.05,10,55.125616
53.05,10,55.125616
53.05,10,55.141451
53.05,10,55.141451
53.05,10,55.141451
53.05,10,55.141451
53.05,10,55.141451
53.05,10,55.157365
53.05,10,55.159587
53.05,10,55.159587
53.05,10,55.159587
53.05,10,55.159587
53.045,11,55.174652
53.05,10,55.177674
53.05,10,55.18166
53.05,10,55.184668
53.05,10,55.187653
53.05,10,55.187653
53.05,10,55.187653
53.05,10,55.187653
53.05,10,55.187653
53.05,10,55.187653
53.05,10,55.206454
53.05,10,55.206454
53.05,10,55.212837
53.05,10,55.212837
53.05,10,55.212837
53.05,10,55.22168
53.05,10,55.225615
53.05,10,55.228729
53.05,10,55.328798
53.05,10,55.328798
53.05,10,55.328798
53.05,10,55.328798
53.05,10,55.344491
53.05,10,55.344491
53.05,10,55.344491
53.05,10,55.344491
53.05,10,55.344491
53.05,10,55.360293
53.05,10,55.360293
53.05,10,55.360293
53.05,10,55.360293
53.05,10,55.360293
53.05,10,55.376208
53.05,10,55.376208
53.05,10,55.376208
53.05,10,55.376208
53.05,10,55.376208
53.05,10,55.393533
53.05,10,55.396695
53.05,10,55.399739
53.05,10,55.402731
53.05,10,55.405738
53.05,10,55.409003
53.05,10,55.412001
53.05,10,55.415552
53.05,10,55.418566
53.05,10,55.421566
53.05,10,55.424966
53.05,10,55.427965
53.05,10,55.430964
53.05,10,55.434965
53.05,10,55.437964
53.05,10,55.440965
53.05,10,55.440965
53.05,10,55.440965
53.05,10,55.440965
53.05,10,55.440965
53.05,10,55.456789
53.05,10,55.456789
53.05,10,55.456789
53.05,10,55.456789
53.05,10,55.456789
53.05,10,55.456789
53.05,10,55.472949
53.05,10,55.472949
53.05,10,55.472949
53.05,10,55.472949
53.05,10,55.472949
53.05,10,55.49115
53.05,10,55.494148
53.05,10,55.497139
53.05,10,55.500265
53.05,10,55.50339
53.05,10,55.506397
53.05,10,55.50939
53.05,10,55.512389
53.05,10,55.515922
53.05,10,55.515922
53.05,10,55.515922
53.05,10,55.515922
53.05,10,55.515922
53.05,10,55.531746
53.05,10,55.531746
53.05,10,55.531746
53.05,10,55.531746
53.05,10,55.531746
53.05,10,55.548649
53.05,10,55.551979
53.05,10,55.551979
53.05,10,55.551979
53.05,10,55.551979
53.05,10,55.551979
53.05,10,55.567851
53.05,10,55.568711
53.05,10,55.568711
53.05,10,55.568711
53.05,10,55.568711
53.05,10,55.583827
53.05,10,55.583827
53.05,10,55.583827
53.05,10,55.583827
53.05,10,55.599959
53.05,10,55.599959
53.05,10,55.599959
53.05,10,55.599959
53.05,10,55.599959
53.05,10,55.615858
53.05,10,55.615858
53.05,10,55.615858
53.05,10,55.615858
53.05,10,55.615858
53.05,10,55.631691
53.05,10,55.631691
53.05,10,55.631691
53.05,10,55.631691
53.05,10,55.631691
53.05,10,55.631691
53.05,10,55.647543
53.05,10,55.647543
53.05,10,55.647543
53.05,10,55.741153
53.05,10,55.756866
53.05,10,55.756866
53.05,10,55.756866
53.05,10,55.756866
53.05,10,55.756866
53.05,10,55.772575
53.05,10,55.772575
53.05,10,55.772575
53.05,10,55.772575
53.05,10,55.772575
53.05,10,55.788505
53.05,10,55.788505
53.05,10,55.788505
53.05,10,55.788505
53.05,10,55.788505
53.05,10,55.804322
53.05,10,55.804322
53.05,10,55.804322
53.05,10,55.804322
53.05,10,55.813976
53.05,10,55.813976
53.05,10,55.820108
53.05,10,55.820108
53.05,10,55.820108
53.05,10,55.820108
53.05,10,55.820108
53.05,10,55.835947
53.05,10,55.835947
53.05,10,55.835947
53.05,10,55.835947
53.05,10,55.835947
53.05,10,55.851799
53.05,10,55.851799
53.05,10,55.851799
53.05,10,55.851799
53.05,10,55.851799
53.05,10,55.867772
53.05,10,55.867772
53.05,10,55.867772
53.05,10,55.867772
53.05,10,55.867772
53.05,10,55.867772
53.05,10,55.883564
53.05,10,55.883564
53.05,10,55.883564
53.05,10,55.883564
53.05,10,55.883564
53.05,10,55.899365
53.05,10,55.899365
53.05,10,55.899365
53.05,10,55.899365
53.05,10,55.899365
53.05,10,55.916812
53.05,10,55.919808
53.05,10,55.92193
53.05,10,55.925609
53.05,10,55.928691
53.05,10,55.931602
53.05,10,55.935594
53.05,10,55.93971
53.05,10,55.942922
53.05,10,55.945921
53.05,10,55.94892
53.05,10,55.951921
53.05,10,55.95491
53.05,10,55.95691
53.05,10,55.95691
53.05,10,55.95691
53.05,10,55.95691
53.05,10,55.95691
53.05,10,55.972703
53.05,10,55.972703
53.05,10,55.972703
53.05,10,55.981023
53.05,10,55.981023
53.05,10,55.981023
53.05,10,55.991218
53.05,10,55.994127
53.05,10,55.995918
53.05,10,55.999491
53.05,10,55.999491
53.05,10,56.006009
53.05,10,56.009008
53.05,10,56.012002
53.05,10,56.014636
53.05,10,56.018095
53.05,10,56.021096
53.05,10,56.024099
53.05,10,56.027104
53.05,10,56.029986
53.05,10,56.030984
53.05,10,56.030984
53.05,10,56.030984
53.05,10,56.030984
53.05,10,56.030984
53.05,10,56.046806
53.05,10,56.046806
53.05,10,56.046806
53.05,10,56.046806
53.05,10,56.046806
53.05,10,56.062535
53.05,10,56.062535
53.05,10,56.157175
53.05,10,56.157175
53.05,10,56.157175
53.05,10,56.157175
53.05,10,56.172966
53.05,10,56.172966
53.05,10,56.172966
53.05,10,56.172966
53.05,10,56.172966
53.05,10,56.190639
53.05,10,56.19374
53.05,10,56.196746
53.05,10,56.199852
53.05,10,56.202846
53.05,10,56.205763
53.05,10,56.207762
53.05,10,56.207762
53.05,10,56.214418
53.05,10,56.214418
53.05,10,56.214418
53.05,10,56.223475
53.05,10,56.227772
53.05,10,56.230776
53.05,10,56.233773
53.05,10,56.237672
53.05,10,56.24179
53.05,10,56.244773
53.05,10,56.248779
53.05,10,56.251765
53.05,10,56.254703
53.05,10,56.257681
53.05,10,56.257681
53.05,10,56.257681
53.05,10,56.257681
53.045,11,56.257681
53.05,10,56.257681
53.05,10,56.273681
53.05,10,56.273681
53.05,10,56.273681
53.05,10,56.273681
53.05,10,56.273681
53.05,10,56.289441
53.05,10,56.289441
53.05,10,56.289441
53.05,10,56.289441
53.05,10,56.289441
53.05,10,56.306846
53.05,10,56.31648
53.05,10,56.321686
53.05,10,56.321686
53.05,10,56.321686
53.05,10,56.321686
53.05,10,56.321686
53.05,10,56.321686
53.05,10,56.337487
53.05,10,56.337487
53.05,10,56.337487
53.05,10,56.337487
53.05,10,56.337487
53.05,10,56.353438
53.05,10,56.353438
53.05,10,56.353438
53.05,10,56.353438
53.05,10,56.353438
53.05,10,56.369288
53.05,10,56.369288
53.045,11,56.369288
53.05,10,56.369288
53.045,11,56.369288
53.05,10,56.369288
53.05,10,56.385009
53.05,10,56.385009
53.05,10,56.385009
53.05,10,56.385009
53.05,10,56.385009
53.05,10,56.400716
53.05,10,56.400716
53.05,10,56.400716
53.05,10,56.400716
53.05,10,56.400716
53.05,10,56.416874
53.05,10,56.416874
53.05,10,56.416874
53.05,10,56.416874
53.05,10,56.416874
53.05,10,56.432715
53.05,10,56.432715
53.05,10,56.432715
53.05,10,56.432715
53.05,10,56.432715
53.05,10,56.448841
53.05,10,56.451839
53.05,10,56.453846
53.05,10,56.459297
53.05,10,56.462298
53.05,10,56.464303
53.05,10,56.467298
53.05,10,56.470294
53.05,10,56.473688
53.05,10,56.477028
53.05,10,56.479022
53.05,10,56.482013
53.05,10,56.570216
53.05,10,56.570216
53.05,10,56.585956
53.05,10,56.585956
53.05,10,56.585956
53.05,10,56.585956
53.05,10,56.585956
53.05,10,56.601667
53.05,10,56.601667
53.05,10,56.601667
53.05,10,56.601667
53.05,10,56.615205
53.05,10,56.617736
53.05,10,56.617736
53.05,10,56.617736
53.05,10,56.617736
53.05,10,56.633444
53.05,10,56.633444
53.05,10,56.633444
53.05,10,56.633444
53.05,10,56.633444
53.05,10,56.649333
53.05,10,56.652563
53.05,10,56.655562
53.05,10,56.656564
53.05,10,56.656564
53.05,10,56.656564
53.05,10,56.656564
53.05,10,56.656564
53.05,10,56.672578
53.05,10,56.672578
53.05,10,56.672578
53.05,10,56.672578
53.05,10,56.68851
53.05,10,56.691353
53.05,10,56.691353
53.05,10,56.691353
53.05,10,56.691353
53.05,10,56.691353
53.05,10,56.691353
53.05,10,56.7081
53.05,10,56.711074
53.05,10,56.714079
53.05,10,56.716804
53.05,10,56.719803
53.05,10,56.722806
53.05,10,56.72584
53.05,10,56.728839
53.05,10,56.731841
53.05,10,56.734839
53.05,10,56.736839
53.05,10,56.739844
53.05,10,56.74084
53.05,10,56.74084
53.05,10,56.74084
53.05,10,56.74084
53.05,10,56.74084
53.05,10,56.757879
53.05,10,56.76088
53.05,10,56.76288
53.05,10,56.765881
53.05,10,56.765881
53.05,10,56.765881
53.05,10,56.765881
53.05,10,56.765881
53.05,10,56.765881
53.05,10,56.781664
53.05,10,56.781664
53.05,10,56.781664
53.05,10,56.781664
53.05,10,56.781664
53.05,10,56.797588
53.05,10,56.797588
53.05,10,56.797588
53.05,10,56.797588
53.05,10,56.797588
53.05,10,56.797588
53.05,10,56.814918
53.05,10,56.814918
53.05,10,56.814918
53.05,10,56.814918
53.05,10,56.814918
53.05,10,56.82956
53.05,10,56.82956
53.05,10,56.82956
53.05,10,56.82956
53.05,10,56.846691
53.05,10,56.849702
53.05,10,56.852701
53.05,10,56.855701
53.05,10,56.858701
53.05,10,56.861689
53.05,10,56.864702
53.05,10,56.867702
53.05,10,56.870688
53.05,10,56.873688
53.05,10,56.874688
53.05,10,56.874688
53.05,10,56.874688
53.05,10,56.874688
53.05,10,56.874688
53.05,10,56.890462
53.05,10,56.998083
53.05,10,57.001112
53.05,10,57.005113
53.05,10,57.008109
53.05,10,57.011096
53.05,10,57.014109
53.05,10,57.01511
53.05,10,57.01511
53.05,10,57.01511
53.05,10,57.01511
53.05,10,57.01511
53.05,10,57.030982
53.05,10,57.030982
53.05,10,57.030982
53.05,10,57.030982
53.05,10,57.030982
53.05,10,57.047207
53.05,10,57.047207
53.05,10,57.047207
53.05,10,57.047207
53.05,10,57.047207
53.05,10,57.063071
53.05,10,57.063071
53.05,10,57.063071
53.05,10,57.063071
53.05,10,57.074488
53.05,10,57.074488
53.05,10,57.074488
53.05,10,57.074488
53.05,10,57.074488
53.05,10,57.091342
53.05,10,57.091342
53.05,10,57.091342
53.05,10,57.091342
53.05,10,57.091342
53.05,10,57.107315
53.05,10,57.107315
53.05,10,57.107315
53.05,10,57.11504
53.05,10,57.11504
53.05,10,57.123481
53.05,10,57.126727
53.05,10,57.129727
53.05,10,57.132727
53.05,10,57.135727
53.05,10,57.139736
53.05,10,57.142593
53.05,10,57.145592
53.05,10,57.148592
53.05,10,57.151592
53.05,10,57.155591
53.05,10,57.157593
53.05,10,57.157593
53.05,10,57.157593
53.05,10,57.157593
53.05,10,57.157593
53.05,10,57.173771
53.05,10,57.177775
53.05,10,57.180887
53.05,10,57.18389
53.05,10,57.185877
53.05,10,57.189277
53.05,10,57.19217
53.05,10,57.196268
53.05,10,57.19927
53.05,10,57.202391
53.05,10,57.205425
53.05,10,57.208275
53.05,10,57.211292
53.05,10,57.214284
53.05,10,57.217848
53.05,10,57.220854
53.05,10,57.223835
53.05,10,57.226848
53.05,10,57.229848
53.05,10,57.232847
53.05,10,57.235853
53.05,10,57.238951
53.05,10,57.240425
53.05,10,57.240425
53.05,10,57.240425
53.05,10,57.240425
53.05,10,57.240425
53.05,10,57.256158
53.05,10,57.256158
53.05,10,57.256158
53.05,10,57.256158
53.05,10,57.256158
53.05,10,57.271964
53.05,10,57.271964
53.05,10,57.271964
53.05,10,57.271964
53.05,10,57.271964
53.05,10,57.28792
53.05,10,57.28792
53.05,10,57.28792
53.05,10,57.28792
53.05,10,57.28792
53.05,10,57.28792
53.05,10,57.303893
53.05,10,57.303893
53.05,10,57.303893
53.05,10,57.303893
53.05,10,57.402413
53.05,10,57.405412
53.05,10,57.406413
53.05,10,57.406413
53.05,10,57.406413
53.05,10,57.415695
53.05,10,57.415695
53.05,10,57.422158
53.05,10,57.422158
53.05,10,57.422158
53.05,10,57.422158
53.05,10,57.422158
53.05,10,57.438083
53.05,10,57.438083
53.05,10,57.438083
53.05,10,57.438083
53.05,10,57.438083
53.05,10,57.453972
53.05,10,57.453972
53.05,10,57.453972
53.05,10,57.453972
53.05,10,57.453972
53.05,10,57.46972
53.05,10,57.46972
53.05,10,57.46972
53.05,10,57.46972
53.05,10,57.46972
53.05,10,57.485482
53.05,10,57.485482
53.05,10,57.485482
53.05,10,57.485482
53.05,10,57.485482
53.05,10,57.501736
53.05,10,57.505739
53.05,10,57.508842
53.05,10,57.511849
53.05,10,57.514841
53.05,10,57.517576
53.05,10,57.521577
53.05,10,57.52426
53.05,10,57.527413
53.05,10,57.530416
53.05,10,57.533427
53.05,10,57.536416
53.05,10,57.540314
53.05,10,57.540314
53.05,10,57.540314
53.05,10,57.540314
53.05,10,57.540314
53.05,10,57.540314
53.05,10,57.556074
53.05,10,57.556074
53.05,10,57.556074
53.05,10,57.556074
53.05,10,57.556074
53.05,10,57.572299
53.05,10,57.572299
53.05,10,57.572299
53.05,10,57.572299
53.05,10,57.572299
53.05,10,57.572299
53.05,10,57.588131
53.05,10,57.588131
53.05,10,57.588131
53.05,10,57.588131
53.05,10,57.588131
53.05,10,57.603929
53.05,10,57.60643
53.05,10,57.609426
53.05,10,57.612422
53.05,10,57.615145
53.05,10,57.61791
53.05,10,57.620905
53.05,10,57.623909
53.05,10,57.624911
53.05,10,57.624911
53.05,10,57.624911
53.05,10,57.624911
53.05,10,57.624911
53.05,10,57.640769
53.05,10,57.640769
53.05,10,57.640769
53.05,10,57.640769
53.05,10,57.640769
53.05,10,57.656569
53.05,10,57.659241
53.05,10,57.666299
53.05,10,57.672677
53.05,10,57.672677
53.05,10,57.672677
53.05,10,57.672677
53.05,10,57.672677
53.05,10,57.672677
53.05,10,57.690268
53.05,10,57.693374
53.05,10,57.696373
53.05,10,57.699382
53.05,10,57.702482
53.05,10,57.705492
53.05,10,57.707492
53.05,10,57.707492
53.05,10,57.707492
53.05,10,57.788467
53.05,10,57.788467
53.05,10,57.804327
53.05,10,57.804327
53.05,10,57.804327
53.05,10,57.804327
53.05,10,57.816626
53.05,10,57.821478
53.05,10,57.82451
53.05,10,57.827508
53.05,10,57.830714
53.05,10,57.833713
53.05,10,57.836715
53.05,10,57.839701
53.05,10,57.842713
53.05,10,57.843714
53.05,10,57.843714
53.05,10,57.843714
53.05,10,57.843714
53.05,10,57.843714
53.05,10,57.859537
53.05,10,57.859537
53.05,10,57.859537
53.05,10,57.859537
53.05,10,57.859537
53.05,10,57.875544
53.05,10,57.875544
53.05,10,57.875544
53.05,10,57.875544
53.05,10,57.875544
53.05,10,57.89138
53.05,10,57.89138
53.05,10,57.89138
53.05,10,57.89138
53.05,10,57.89138
53.05,10,57.907191
53.05,10,57.907191
53.05,10,57.907191
53.05,10,57.907191
53.05,10,57.917075
53.05,10,57.917075
53.05,10,57.923222
53.05,10,57.923222
53.05,10,57.923222
53.05,10,57.923222
53.05,10,57.941746
53.05,10,57.945395
53.05,10,57.9474
53.05,10,57.950393
53.05,10,57.953407
53.05,10,57.953407
53.05,10,57.953407
53.05,10,57.953407
53.05,10,57.953407
53.05,10,57.953407
53.05,10,57.969526
53.05,10,57.969526
53.05,10,57.969526
53.05,10,57.969526
53.05,10,57.969526
53.05,10,57.969526
53.05,10,57.987741
53.05,10,57.987741
53.05,10,57.987741
53.05,10,57.987741
53.05,10,57.987741
53.05,10,58.001863
53.05,10,58.005195
53.05,10,58.009199
53.05,10,58.012194
53.05,10,58.015197
53.05,10,58.017194
53.05,10,58.017194
53.05,10,58.017194
53.05,10,58.017194
53.05,10,58.017194
53.05,10,58.033252
53.05,10,58.033252
53.05,10,58.033252
53.05,10,58.041346
53.05,10,58.044348
53.05,10,58.047343
53.05,10,58.050588
53.05,10,58.052709
53.05,10,58.055594
53.05,10,58.059124
53.05,10,58.062128
53.05,10,58.065034
53.05,10,58.068035
53.05,10,58.070035
53.05,10,58.073044
53.05,10,58.074036
53.05,10,58.074036
53.05,10,58.074036
53.05,10,58.074036
53.05,10,58.074036
53.05,10,58.090041
53.05,10,58.093927
53.05,10,58.097947
53.05,10,58.1007
53.05,10,58.103347
53.05,10,58.106972
53.05,10,58.211813
53.05,10,58.214816
53.05,10,58.21734
53.05,10,58.220373
53.05,10,58.223665
53.05,10,58.227697
53.05,10,58.230698
53.05,10,58.233696
53.05,10,58.237698
53.05,10,58.24008
53.05,10,58.24008
53.05,10,58.24008
53.05,10,58.24008
53.05,10,58.24008
53.05,10,58.255599
53.05,10,58.255599
53.05,10,58.255599
53.05,10,58.255599
53.05,10,58.255599
53.05,10,58.271502
53.05,10,58.27479
53.05,10,58.277682
53.05,10,58.280785
53.05,10,58.283057
53.05,10,58.286048
53.05,10,58.290047
53.05,10,58.293046
53.05,10,58.296042
53.05,10,58.297046
53.05,10,58.297046
53.05,10,58.297046
53.05,10,58.297046
53.05,10,58.297046
53.05,10,58.312886
53.05,10,58.317623
53.05,10,58.317623
53.05,10,58.317623
53.05,10,58.317623
53.05,10,58.331048
53.05,10,58.335063
53.05,10,58.33707
53.05,10,58.341086
53.05,10,58.344841
53.05,10,58.346849
53.05,10,58.350862
53.05,10,58.354874
53.05,10,58.356881
53.05,10,58.360636
53.05,10,58.360636
53.05,10,58.360636
53.05,10,58.360636
53.05,10,58.360636
53.05,10,58.37796
53.05,10,58.380968
53.05,10,58.384969
53.05,10,58.387985
53.05,10,58.390968
53.05,10,58.394969
53.05,10,58.39797
53.05,10,58.401968
53.05,10,58.404975
53.05,10,58.405977
53.05,10,58.405977
53.05,10,58.405977
53.05,10,58.405977
53.05,10,58.417736
53.05,10,58.421971
53.05,10,58.421971
53.05,10,58.421971
53.05,10,58.421971
53.05,10,58.421971
53.05,10,58.437685
53.05,10,58.437685
53.05,10,58.437685
53.05,10,58.437685
53.05,10,58.437685
53.05,10,58.437685
53.05,10,58.453922
53.05,10,58.453922
53.05,10,58.453922
53.05,10,58.453922
53.05,10,58.453922
53.05,10,58.469574
53.05,10,58.469574
53.05,10,58.469574
53.05,10,58.469574
53.05,10,58.469574
53.05,10,58.485229
53.05,10,58.485229
53.05,10,58.485229
53.05,10,58.485229
53.05,10,58.485229
53.05,10,58.502094
53.05,10,58.505103
53.05,10,58.508105
53.05,10,58.511103
53.05,10,58.514119
53.05,10,58.516119
53.05,10,58.517874
53.05,10,58.517874
53.05,10,58.526407
53.05,10,58.528416
53.05,10,58.532174
53.05,10,58.637532
53.05,10,58.63904
53.05,10,58.63904
53.05,10,58.63904
53.05,10,58.63904
53.05,10,58.63904
53.05,10,58.654882
53.05,10,58.654882
53.05,10,58.654882
53.05,10,58.654882
53.05,10,58.654882
53.05,10,58.670778
53.05,10,58.670778
53.05,10,58.670778
53.05,10,58.670778
53.05,10,58.670778
53.05,10,58.689193
53.05,10,58.692245
53.05,10,58.695235
53.05,10,58.698231
53.05,10,58.702231
53.05,10,58.705255
53.05,10,58.707754
53.05,10,58.710776
53.05,10,58.714774
53.05,10,58.716776
53.05,10,58.721329
53.05,10,58.723808
53.05,10,58.726827
53.05,10,58.729832
53.05,10,58.73283
53.05,10,58.73683
53.05,10,58.739816
53.05,10,58.741814
53.05,10,58.741814
53.05,10,58.741814
53.05,10,58.741814
53.05,10,58.741814
53.05,10,58.757753
53.05,10,58.757753
53.05,10,58.757753
53.05,10,58.766066
53.05,10,58.766066
53.05,10,58.773719
53.05,10,58.773719
53.05,10,58.773719
53.05,10,58.773719
53.05,10,58.773719
53.05,10,58.789361
53.05,10,58.789361
53.05,10,58.789361
53.05,10,58.789361
53.05,10,58.789361
53.05,10,58.805398
53.05,10,58.805398
53.05,10,58.805398
53.05,10,58.805398
53.05,10,58.818397
53.05,10,58.823094
53.05,10,58.825101
53.05,10,58.829114
53.05,10,58.83112
53.05,10,58.835134
53.05,10,58.83714
53.05,10,58.83714
53.05,10,58.83714
53.05,10,58.83714
53.05,10,58.83714
53.05,10,58.853378
53.05,10,58.853378
53.05,10,58.853378
53.05,10,58.853378
53.05,10,58.853378
53.05,10,58.86913
53.05,10,58.873946
53.05,10,58.87554
53.05,10,58.879448
53.05,10,58.883327
53.05,10,58.885091
53.05,10,58.885091
53.05,10,58.885091
53.05,10,58.885091
53.05,10,58.885091
53.05,10,58.900757
53.05,10,58.900757
53.05,10,58.900757
53.05,10,58.900757
53.05,10,58.900757
53.05,10,58.918401
53.05,10,58.918401
53.05,10,58.918401
53.05,10,58.918401
53.05,10,58.918401
53.05,10,58.934371
53.05,10,58.937366
53.05,10,58.937366
53.05,10,58.937366
53.05,10,58.937366
53.05,10,58.937366
53.05,10,58.953228
53.05,10,58.953228
53.05,10,58.953228
53.05,10,59.062457
53.05,10,59.062457
53.05,10,59.062457
53.05,10,59.062457
53.05,10,59.078528
53.05,10,59.078528
53.05,10,59.078528
53.05,10,59.078528
53.05,10,59.078528
53.05,10,59.096002
53.05,10,59.096002
53.05,10,59.096002
53.05,10,59.106883
53.05,10,59.111003
53.05,10,59.115001
53.05,10,59.117001
53.05,10,59.120728
53.05,10,59.124968
53.05,10,59.128076
53.05,10,59.131081
53.05,10,59.134079
53.05,10,59.137082
53.05,10,59.140986
53.05,10,59.140986
53.05,10,59.140986
53.05,10,59.140986
53.05,10,59.140986
53.05,10,59.140986
53.05,10,59.157187
53.05,10,59.157187
53.05,10,59.157187
53.05,10,59.157187
53.05,10,59.157187
53.05,10,59.175104
53.05,10,59.175104
53.05,10,59.175104
53.05,10,59.175104
53.05,10,59.175104
53.05,10,59.191053
53.05,10,59.195245
53.05,10,59.198244
53.05,10,59.201245
53.05,10,59.204251
53.05,10,59.207273
53.05,10,59.207273
53.05,10,59.207273
53.05,10,59.207273
53.05,10,59.218883
53.05,10,59.223451
53.05,10,59.225468
53.05,10,59.228455
53.05,10,59.231467
53.05,10,59.234467
53.05,10,59.237466
53.05,10,59.240451
53.05,10,59.243466
53.05,10,59.245466
53.05,10,59.248466
53.05,10,59.251466
53.05,10,59.254466
53.05,10,59.257453
53.05,10,59.260451
53.05,10,59.26347
53.05,10,59.265467
53.05,10,59.265467
53.05,10,59.265467
53.05,10,59.265467
53.05,10,59.265467
53.05,10,59.281284
53.05,10,59.285499
53.05,10,59.287505
53.05,10,59.289512
53.05,10,59.293524
53.05,10,59.295531
53.05,10,59.299285
53.05,10,59.301291
53.05,10,59.305305
53.05,10,59.307311
53.05,10,59.309318
53.05,10,59.313072
53.05,10,59.317086
53.05,10,59.319093
53.05,10,59.323106
53.05,10,59.325113
53.05,10,59.328868
53.05,10,59.328868
53.05,10,59.328868
53.05,10,59.328868
53.05,10,59.328868
53.05,10,59.328868
53.05,10,59.344552
53.05,10,59.344552
53.05,10,59.344552
53.05,10,59.344552
53.05,10,59.344552
53.05,10,59.360531
53.05,10,59.363642
53.05,10,59.366641
53.05,10,59.368641
53.05,10,59.37163
53.05,10,59.374643
53.05,10,59.374643
53.05,10,59.374643
53.05,10,59.465444
53.05,10,59.469459
53.05,10,59.473695
53.05,10,59.476694
53.05,10,59.47968
53.05,10,59.482694
53.05,10,59.484997
53.05,10,59.488007
53.05,10,59.49101
53.05,10,59.494022
53.05,10,59.497022
53.05,10,59.500023
53.05,10,59.50235
53.05,10,59.505356
53.05,10,59.508356
53.05,10,59.512371
53.05,10,59.515372
53.05,10,59.518468
53.05,10,59.521016
53.05,10,59.52403
53.05,10,59.527031
53.05,10,59.530015
53.045,11,59.532033
53.05,10,59.532033
53.05,10,59.532033
53.05,10,59.532033
53.05,10,59.532033
53.05,10,59.549239
53.05,10,59.552347
53.05,10,59.555471
53.05,10,59.557571
53.05,10,59.561483
53.05,10,59.563489
53.05,10,59.563489
53.05,10,59.563489
53.05,10,59.563489
53.05,10,59.563489
53.05,10,59.563489
53.05,10,59.58176
53.05,10,59.584744
53.05,10,59.58774
53.05,10,59.590745
53.05,10,59.593741
53.05,10,59.593741
53.05,10,59.593741
53.05,10,59.593741
53.05,10,59.593741
53.05,10,59.60955
53.05,10,59.60955
53.05,10,59.615512
53.05,10,59.615512
53.05,10,59.619544
53.05,10,59.619544
53.05,10,59.626898
53.05,10,59.630902
53.05,10,59.632909
53.05,10,59.636922
53.05,10,59.640177
53.05,10,59.643311
53.05,10,59.646296
53.05,10,59.648292
53.05,10,59.651236
53.05,10,59.654296
53.05,10,59.657105
53.05,10,59.660155
53.05,10,59.663171
53.05,10,59.66617
53.05,10,59.66917
53.05,10,59.672171
53.05,10,59.674174
53.05,10,59.674174
53.05,10,59.674174
53.05,10,59.674174
53.05,10,59.674174
53.05,10,59.690089
53.05,10,59.693368
53.05,10,59.697369
53.05,10,59.699369
53.05,10,59.702369
53.05,10,59.703369
53.05,10,59.708881
53.05,10,59.711897
53.05,10,59.714897
53.05,10,59.716897
53.05,10,59.720467
53.05,10,59.723451
53.05,10,59.726637
53.05,10,59.729636
53.05,10,59.732636
53.05,10,59.735648
53.05,10,59.738636
53.05,10,59.74062
53.05,10,59.74062
53.05,10,59.74062
53.05,10,59.74062
53.05,10,59.74062
53.05,10,59.756601
53.05,10,59.756601
53.05,10,59.756601
53.05,10,59.756601
53.05,10,59.756601
53.05,10,59.756601
53.05,10,59.844322
53.05,10,59.860098
53.05,10,59.860098
53.05,10,59.860098
53.05,10,59.860098
53.05,10,59.860098
53.05,10,59.875904
53.05,10,59.875904
53.05,10,59.875904
53.05,10,59.875904
53.05,10,59.875904
53.05,10,59.891826
53.05,10,59.893833
53.05,10,59.893833
53.05,10,59.893833
53.05,10,59.908363
53.05,10,59.911475
53.05,10,59.91347
53.05,10,59.91647
53.05,10,59.919465
53.05,10,59.922198
53.05,10,59.923543
53.05,10,59.923543
53.05,10,59.923543
53.05,10,59.923543
53.05,10,59.923543
53.05,10,59.939321
53.05,10,59.939321
53.05,10,59.939321
53.05,10,59.939321
53.05,10,59.939321
53.05,10,59.939321
53.05,10,59.95527
53.05,10,59.95527
53.05,10,59.95527
53.05,10,59.95527
53.05,10,59.95527
53.05,10,59.971143
53.05,10,59.971143
53.05,10,59.971143
53.05,10,59.971143
53.05,10,59.971143
53.05,10,59.971143
53.05,10,59.986906
53.05,10,59.986906
53.05,10,59.986906
53.05,10,59.986906
53.05,10,59.986906
53.05,10,60.002956
53.05,10,60.002956
53.05,10,60.002956
53.05,10,60.002956
53.05,10,60.002956
53.05,10,60.002956
53.05,10,60.020999
53.05,10,60.024006
53.05,10,60.027005
53.05,10,60.030008
53.05,10,60.032001
53.05,10,60.032001
53.05,10,60.032001
53.05,10,60.032001
53.05,10,60.032001
53.05,10,60.032001
53.05,10,60.050042
53.05,10,60.050042
53.05,10,60.050042
53.05,10,60.050042
53.05,10,60.050042
53.05,10,60.064203
53.05,10,60.064203
53.05,10,60.064203
53.05,10,60.064203
53.05,10,60.064203
53.05,10,60.080075
53.05,10,60.080075
53.05,10,60.080075
53.05,10,60.080075
53.05,10,60.080075
53.05,10,60.080075
53.05,10,60.095941
53.05,10,60.095941
53.05,10,60.095941
53.05,10,60.095941
53.05,10,60.095941
53.05,10,60.113194
53.05,10,60.116191
53.05,10,60.119195
53.05,10,60.121931
53.05,10,60.124927
53.05,10,60.129829
53.05,10,60.132829
53.05,10,60.134829
53.05,10,60.137828
53.05,10,60.14083
53.05,10,60.141829
53.05,10,60.141829
53.05,10,60.141829
53.05,10,60.141829
53.05,10,60.141829
53.05,10,60.159797
53.05,10,60.159797
53.05,10,60.249215
53.05,10,60.250215
53.05,10,60.250215
53.05,10,60.250215
53.05,10,60.250215
53.05,10,60.250215
53.05,10,60.265998
53.05,10,60.265998
53.05,10,60.265998
53.05,10,60.265998
53.05,10,60.265998
53.05,10,60.265998
53.05,10,60.283872
53.05,10,60.285878
53.05,10,60.289891
53.05,10,60.291897
53.05,10,60.29591
53.05,10,60.297657
53.05,10,60.297657
53.05,10,60.297657
53.05,10,60.297657
53.05,10,60.297657
53.05,10,60.313512
53.05,10,60.313512
53.05,10,60.313512
53.05,10,60.320512
53.05,10,60.320512
53.05,10,60.320512
53.05,10,60.329541
53.05,10,60.329541
53.05,10,60.329541
53.05,10,60.329541
53.05,10,60.329541
53.05,10,60.346731
53.05,10,60.349752
53.05,10,60.352862
53.05,10,60.355853
53.05,10,60.358855
53.05,10,60.359861
53.05,10,60.359861
53.05,10,60.359861
53.05,10,60.359861
53.05,10,60.359861
53.05,10,60.375709
53.05,10,60.375709
53.05,10,60.375709
53.05,10,60.375709
53.05,10,60.375709
53.05,10,60.39149
53.05,10,60.39412
53.05,10,60.39639
53.05,10,60.399772
53.05,10,60.401922
53.05,10,60.401922
53.05,10,60.407311
53.05,10,60.407311
53.05,10,60.407311
53.05,10,60.407311
53.05,10,60.42074
53.05,10,60.423133
53.05,10,60.423133
53.05,10,60.423133
53.05,10,60.423133
53.05,10,60.423133
53.05,10,60.439293
53.05,10,60.439293
53.05,10,60.439293
53.05,10,60.439293
53.05,10,60.439293
53.05,10,60.439293
53.05,10,60.457536
53.05,10,60.460545
53.05,10,60.463527
53.05,10,60.466527
53.05,10,60.468532
53.05,10,60.468532
53.05,10,60.468532
53.05,10,60.468532
53.05,10,60.468532
53.05,10,60.484417
53.05,10,60.484417
53.05,10,60.484417
53.05,10,60.484417
53.05,10,60.484417
53.05,10,60.484417
53.05,10,60.500386
53.05,10,60.504331
53.05,10,60.504331
53.05,10,60.504331
53.05,10,60.504331
53.05,10,60.517794
53.05,10,60.520907
53.05,10,60.523648
53.05,10,60.526653
53.05,10,60.52965
53.05,10,60.532817
53.05,10,60.535833
53.05,10,60.538814
53.05,10,60.541826
53.05,10,60.544822
53.05,10,60.547994
53.05,10,60.55141
53.05,10,60.554403
53.05,10,60.638985
53.05,10,60.642879
53.05,10,60.644886
53.05,10,60.648901
53.05,10,60.650908
53.05,10,60.654922
53.05,10,60.65983
53.05,10,60.662834
53.05,10,60.665829
53.05,10,60.66883
53.05,10,60.671829
53.05,10,60.67609
53.05,10,60.67809
53.05,10,60.68109
53.05,10,60.68409
53.05,10,60.687837
53.05,10,60.690265
53.05,10,60.690265
53.05,10,60.690265
53.05,10,60.690265
53.05,10,60.690265
53.05,10,60.705533
53.05,10,60.707537
53.05,10,60.711901
53.05,10,60.714971
53.05,10,60.71697
53.05,10,60.71997
53.05,10,60.723489
53.05,10,60.725769
53.05,10,60.728768
53.05,10,60.731768
53.05,10,60.734768
53.05,10,60.737768
53.05,10,60.740752
53.05,10,60.740752
53.05,10,60.740752
53.05,10,60.740752
53.05,10,60.740752
53.05,10,60.740752
53.05,10,60.759761
53.05,10,60.761768
53.05,10,60.763774
53.05,10,60.767786
53.05,10,60.769792
53.05,10,60.772804
53.05,10,60.776664
53.05,10,60.780676
53.05,10,60.782682
53.05,10,60.784688
53.05,10,60.788442
53.05,10,60.79248
53.05,10,60.794487
53.05,10,60.7985
53.05,10,60.800508
53.05,10,60.806126
53.05,10,60.808643
53.05,10,60.81065
53.05,10,60.814663
53.05,10,60.81667
53.05,10,60.821189
53.05,10,60.821189
53.05,10,60.821189
53.05,10,60.821189
53.05,10,60.821189
53.05,10,60.821189
53.05,10,60.836323
53.05,10,60.836323
53.05,10,60.836323
53.05,10,60.836323
53.05,10,60.836323
53.05,10,60.852332
53.05,10,60.852332
53.05,10,60.852332
53.05,10,60.852332
53.05,10,60.852332
53.05,10,60.852332
53.05,10,60.868173
53.05,10,60.868173
53.05,10,60.868173
53.05,10,60.868173
53.05,10,60.868173
53.05,10,60.884283
53.05,10,60.884283
53.05,10,60.884283
53.05,10,60.884283
53.05,10,60.884283
53.05,10,60.884283
53.05,10,60.900278
53.05,10,60.900278
53.05,10,60.900278
53.05,10,60.900278
53.05,10,60.900278
53.05,10,60.916498
53.05,10,60.916498
53.05,10,60.921557
53.05,10,60.921557
53.05,10,60.921557
53.05,10,60.921557
53.05,10,60.934724
53.05,10,60.936727
53.05,10,60.940211
53.05,10,60.940211
53.05,10,61.033589
53.05,10,61.0366
53.05,10,61.039601
53.05,10,61.0416
53.05,10,61.044601
53.05,10,61.046585
53.05,10,61.046585
53.05,10,61.046585
53.05,10,61.046585
53.05,10,61.046585
53.05,10,61.062335
53.05,10,61.062335
53.05,10,61.062335
53.05,10,61.062335
53.05,10,61.062335
53.05,10,61.062335
53.05,10,61.078195
53.05,10,61.078195
53.05,10,61.078195
53.05,10,61.078195
53.05,10,61.078195
53.05,10,61.094135
53.05,10,61.094135
53.05,10,61.094135
53.05,10,61.094135
53.05,10,61.094135
53.05,10,61.11151
53.05,10,61.114497
53.05,10,61.11751
53.05,10,61.120509
53.05,10,61.123254
53.05,10,61.125259
53.05,10,61.125259
53.05,10,61.125259
53.05,10,61.125259
53.05,10,61.125259
53.05,10,61.141054
53.05,10,61.141054
53.05,10,61.141054
53.05,10,61.141054
53.05,10,61.141054
53.05,10,61.156904
53.05,10,61.156904
53.05,10,61.156904
53.05,10,61.156904
53.05,10,61.156904
53.05,10,61.156904
53.05,10,61.172864
53.05,10,61.172864
53.05,10,61.172864
53.05,10,61.172864
53.05,10,61.172864
53.05,10,61.189848
53.05,10,61.192969
53.05,10,61.195974
53.05,10,61.19897
53.05,10,61.201967
53.05,10,61.204971
53.05,10,61.207975
53.05,10,61.210973
53.05,10,61.213973
53.05,10,61.216973
53.05,10,61.219973
53.05,10,61.223705
53.05,10,61.226699
53.05,10,61.229699
53.05,10,61.232699
53.05,10,61.234699
53.05,10,61.234699
53.05,10,61.242216
53.05,10,61.245226
53.05,10,61.24822
53.05,10,61.251124
53.05,10,61.254123
53.05,10,61.257057
53.05,10,61.260079
53.05,10,61.263095
53.05,10,61.266094
53.05,10,61.269094
53.05,10,61.273082
53.05,10,61.274082
53.05,10,61.277732
53.05,10,61.281746
53.05,10,61.283754
53.05,10,61.287767
53.05,10,61.289774
53.05,10,61.293787
53.05,10,61.295793
53.05,10,61.297799
53.05,10,61.301812
53.05,10,61.303818
53.05,10,61.307864
53.05,10,61.309871
53.05,10,61.313885
53.05,10,61.315891
53.05,10,61.319905
53.05,10,61.321911
53.05,10,61.324336
53.05,10,61.324336
53.05,10,61.324336
53.05,10,61.337676
53.05,10,61.338562
53.05,10,61.421848
53.05,10,61.42613
53.05,10,61.430144
53.05,10,61.43416
53.05,10,61.438175
53.05,10,61.440183
53.05,10,61.444196
53.05,10,61.447951
53.05,10,61.449959
53.05,10,61.453973
53.05,10,61.45598
53.05,10,61.459994
53.05,10,61.463749
53.05,10,61.465756
53.05,10,61.46977
53.05,10,61.473784
53.05,10,61.475791
53.05,10,61.479546
53.05,10,61.48356
53.05,10,61.485567
53.05,10,61.48958
53.05,10,61.491588
53.05,10,61.495342
53.05,10,61.499357
53.05,10,61.501364
53.05,10,61.505377
53.05,10,61.507384
53.05,10,61.511286
53.05,10,61.511286
53.05,10,61.511286
53.05,10,61.522055
53.05,10,61.522055
53.05,10,61.52714
53.05,10,61.52714
53.05,10,61.52714
53.05,10,61.52714
53.05,10,61.52714
53.05,10,61.544472
53.05,10,61.547792
53.05,10,61.549794
53.05,10,61.552728
53.05,10,61.555696
53.05,10,61.558696
53.05,10,61.561696
53.05,10,61.562696
53.05,10,61.562696
53.05,10,61.562696
53.05,10,61.562696
53.05,10,61.562696
53.05,10,61.578418
53.05,10,61.578418
53.05,10,61.578418
53.05,10,61.578418
53.05,10,61.578418
53.05,10,61.578418
53.05,10,61.594289
53.05,10,61.594289
53.05,10,61.594289
53.05,10,61.594289
53.05,10,61.594289
53.05,10,61.610155
53.05,10,61.610155
53.05,10,61.610155
53.05,10,61.610155
53.05,10,61.622519
53.05,10,61.626157
53.05,10,61.626157
53.05,10,61.626157
53.05,10,61.626157
53.05,10,61.626157
53.05,10,61.626157
53.05,10,61.643516
53.05,10,61.646625
53.05,10,61.649632
53.05,10,61.652627
53.05,10,61.655633
53.05,10,61.65803
53.05,10,61.661017
53.05,10,61.664006
53.05,10,61.667003
53.05,10,61.670009
53.05,10,61.672002
53.05,10,61.672002
53.05,10,61.672002
53.05,10,61.672002
53.05,10,61.672002
53.05,10,61.688042
53.05,10,61.69136
53.05,10,61.691668
53.05,10,61.691668
53.05,10,61.691668
53.05,10,61.691668
53.05,10,61.691668
53.05,10,61.709181
53.05,10,61.712166
53.05,10,61.715178
53.05,10,61.718179
53.05,10,61.721168
53.05,10,61.723786
53.05,10,61.727154
53.05,10,61.73004
53.05,10,61.733151
53.05,10,61.736147
53.05,10,61.821148
53.05,10,61.824667
53.05,10,61.826674
53.05,10,61.830688
53.05,10,61.834704
53.05,10,61.838218
53.05,10,61.840302
53.05,10,61.844316
53.05,10,61.846323
53.05,10,61.850337
53.05,10,61.854092
53.05,10,61.856099
53.05,10,61.860113
53.05,10,61.86212
53.05,10,61.866134
53.05,10,61.869889
53.05,10,61.873026
53.05,10,61.877239
53.05,10,61.881234
53.05,10,61.884234
53.05,10,61.887233
53.05,10,61.890234
53.05,10,61.890234
53.05,10,61.890234
53.05,10,61.890234
53.05,10,61.890234
53.05,10,61.890234
53.05,10,61.908147
53.05,10,61.910154
53.05,10,61.91216
53.05,10,61.916173
53.05,10,61.918179
53.05,10,61.921932
53.05,10,61.924943
53.05,10,61.92695
53.05,10,61.930962
53.05,10,61.932968
53.05,10,61.93698
53.05,10,61.939991
53.05,10,61.939991
53.05,10,61.939991
53.05,10,61.939991
53.05,10,61.939991
53.05,10,61.953785
53.05,10,61.953785
53.05,10,61.953785
53.05,10,61.953785
53.05,10,61.953785
53.05,10,61.953785
53.05,10,61.97209
53.05,10,61.974097
53.05,10,61.97811
53.05,10,61.980115
53.05,10,61.984127
53.05,10,61.987166
53.05,10,61.990174
53.05,10,61.993171
53.05,10,61.996169
53.05,10,61.999165
53.05,10,62.001364
53.05,10,62.005085
53.05,10,62.008077
53.05,10,62.011188
53.05,10,62.013199
53.05,10,62.0162
53.05,10,62.020082
53.05,10,62.022082
53.05,10,62.025594
53.05,10,62.028594
53.05,10,62.031594
53.05,10,62.034756
53.05,10,62.037756
53.05,10,62.040756
53.05,10,62.042757
53.05,10,62.045757
53.05,10,62.046757
53.05,10,62.046757
53.05,10,62.046757
53.05,10,62.046757
53.05,10,62.046757
53.05,10,62.062611
53.05,10,62.067667
53.05,10,62.07168
53.05,10,62.073687
53.05,10,62.075692
53.05,10,62.078704
53.05,10,62.082716
53.05,10,62.084722
53.05,10,62.088735
53.05,10,62.090741
53.05,10,62.094494
53.05,10,62.097728
53.05,10,62.099728
53.05,10,62.102727
53.05,10,62.105727
53.05,10,62.108733
53.05,10,62.109733
53.05,10,62.109733
53.05,10,62.109733
53.05,10,62.109733
53.05,10,62.123239
53.05,10,62.125876
53.05,10,62.215661
53.05,10,62.218661
53.05,10,62.218661
53.045,11,62.226541
53.05,10,62.228541
53.05,10,62.23154
53.05,10,62.234541
53.05,10,62.237541
53.05,10,62.2417
53.05,10,62.244715
53.05,10,62.247715
53.05,10,62.249715
53.05,10,62.252699
53.05,10,62.255715
53.05,10,62.257715
53.05,10,62.257715
53.05,10,62.257715
53.05,10,62.257715
53.05,10,62.257715
53.05,10,62.257715
53.05,10,62.275025
53.05,10,62.275025
53.05,10,62.275025
53.05,10,62.275025
53.05,10,62.275025
53.05,10,62.291296
53.05,10,62.294286
53.05,10,62.297384
53.05,10,62.300392
53.05,10,62.303385
53.05,10,62.30538
53.05,10,62.309335
53.05,10,62.312406
53.05,10,62.315403
53.05,10,62.317402
53.05,10,62.320395
53.05,10,62.323936
53.05,10,62.324941
53.05,10,62.324941
53.05,10,62.324941
53.05,10,62.324941
53.05,10,62.324941
53.05,10,62.340884
53.05,10,62.340884
53.05,10,62.340884
53.05,10,62.340884
53.05,10,62.340884
53.05,10,62.35683
53.05,10,62.35683
53.05,10,62.35683
53.05,10,62.35683
53.05,10,62.35683
53.05,10,62.35683
53.05,10,62.373051
53.05,10,62.373051
53.05,10,62.373051
53.05,10,62.373051
53.05,10,62.373051
53.05,10,62.389124
53.05,10,62.389124
53.05,10,62.389124
53.05,10,62.389124
53.05,10,62.389124
53.05,10,62.389124
53.05,10,62.405324
53.05,10,62.405324
53.05,10,62.405324
53.05,10,62.405324
53.05,10,62.405324
53.05,10,62.421741
53.05,10,62.424577
53.05,10,62.427581
53.05,10,62.430576
53.05,10,62.433581
53.05,10,62.436575
53.05,10,62.438578
53.05,10,62.438578
53.05,10,62.438578
53.05,10,62.438578
53.05,10,62.438578
53.05,10,62.454625
53.05,10,62.454625
53.05,10,62.454625
53.05,10,62.454625
53.05,10,62.454625
53.05,10,62.454625
53.05,10,62.470807
53.05,10,62.470807
53.05,10,62.470807
53.05,10,62.470807
53.05,10,62.470807
53.05,10,62.486606
53.05,10,62.486606
53.05,10,62.486606
53.05,10,62.486606
53.05,10,62.486606
53.05,10,62.486606
53.05,10,62.502799
53.05,10,62.502799
53.05,10,62.502799
53.05,10,62.502799
53.05,10,62.502799
53.05,10,62.520265
53.05,10,62.594402
53.05,10,62.610406
53.05,10,62.610406
53.05,10,62.610406
53.05,10,62.610406
53.05,10,62.610406
53.05,10,62.62326
53.05,10,62.626496
53.05,10,62.626496
53.05,10,62.626496
53.05,10,62.626496
53.05,10,62.626496
53.05,10,62.642913
53.05,10,62.646022
53.05,10,62.649022
53.05,10,62.652017
53.05,10,62.655025
53.05,10,62.656019
53.05,10,62.656019
53.05,10,62.656019
53.05,10,62.656019
53.05,10,62.656019
53.05,10,62.671992
53.05,10,62.671992
53.05,10,62.671992
53.05,10,62.671992
53.05,10,62.671992
53.05,10,62.688426
53.05,10,62.691373
53.05,10,62.691373
53.05,10,62.69811
53.05,10,62.700117
53.05,10,62.702122
53.05,10,62.706135
53.05,10,62.709086
53.05,10,62.712089
53.05,10,62.715086
53.05,10,62.718096
53.05,10,62.721096
53.05,10,62.723689
53.05,10,62.726937
53.05,10,62.72994
53.05,10,62.732936
53.05,10,62.734936
53.05,10,62.737936
53.05,10,62.740936
53.05,10,62.743936
53.05,10,62.746936
53.05,10,62.748936
53.05,10,62.751936
53.05,10,62.755936
53.05,10,62.758936
53.05,10,62.761936
53.05,10,62.764936
53.05,10,62.764936
53.05,10,62.764936
53.05,10,62.764936
53.05,10,62.764936
53.05,10,62.780873
53.05,10,62.780873
53.05,10,62.780873
53.05,10,62.780873
53.05,10,62.780873
53.05,10,62.780873
53.05,10,62.796965
53.05,10,62.796965
53.05,10,62.796965
53.05,10,62.796965
53.05,10,62.796965
53.05,10,62.813157
53.05,10,62.814598
53.05,10,62.819197
53.05,10,62.8212
53.05,10,62.825611
53.05,10,62.828669
53.05,10,62.831668
53.05,10,62.834151
53.05,10,62.83866
53.05,10,62.841417
53.05,10,62.844432
53.05,10,62.847431
53.05,10,62.850432
53.05,10,62.852431
53.05,10,62.855431
53.05,10,62.85653
53.05,10,62.85653
53.05,10,62.85653
53.05,10,62.85653
53.05,10,62.85653
53.05,10,62.872502
53.05,10,62.872502
53.05,10,62.872502
53.05,10,62.872502
53.05,10,62.872502
53.05,10,62.888486
53.05,10,62.888486
53.05,10,62.888486
53.05,10,62.888486
53.05,10,62.888486
53.05,10,62.888486
53.05,10,62.90468
53.05,10,62.90468
53.05,10,62.984953
53.05,10,62.984953
53.05,10,63.000792
53.05,10,63.000792
53.05,10,63.000792
53.05,10,63.000792
53.05,10,63.000792
53.05,10,63.016748
53.05,10,63.016748
53.05,10,63.023429
53.05,10,63.023429
53.05,10,63.023429
53.05,10,63.033862
53.05,10,63.036979
53.05,10,63.03997
53.05,10,63.042968
53.05,10,63.045967
53.05,10,63.049297
53.05,10,63.052301
53.05,10,63.05631
53.05,10,63.059304
53.05,10,63.062305
53.05,10,63.066314
53.05,10,63.068301
53.05,10,63.071309
53.05,10,63.074309
53.05,10,63.0773
53.05,10,63.080592
53.05,10,63.083581
53.05,10,63.085581
53.05,10,63.088583
53.05,10,63.091583
53.05,10,63.093577
53.05,10,63.093577
53.05,10,63.093577
53.05,10,63.093577
53.05,10,63.093577
53.05,10,63.093577
53.05,10,63.112334
53.05,10,63.119012
53.05,10,63.123593
53.05,10,63.125449
53.05,10,63.125449
53.05,10,63.125449
53.05,10,63.125449
53.05,10,63.125449
53.05,10,63.141235
53.05,10,63.141235
53.05,10,63.141235
53.05,10,63.141235
53.05,10,63.141235
53.05,10,63.141235
53.05,10,63.157321
53.05,10,63.157321
53.05,10,63.157321
53.05,10,63.157321
53.05,10,63.157321
53.05,10,63.173476
53.05,10,63.173476
53.05,10,63.173476
53.05,10,63.173476
53.05,10,63.173476
53.05,10,63.173476
53.05,10,63.192539
53.05,10,63.196542
53.05,10,63.199544
53.05,10,63.202553
53.05,10,63.203541
53.05,10,63.208395
53.05,10,63.2115
53.05,10,63.214514
53.05,10,63.217504
53.05,10,63.22052
53.05,10,63.222508
53.05,10,63.226286
53.05,10,63.229287
53.05,10,63.23228
53.05,10,63.234286
53.05,10,63.23729
53.05,10,63.240276
53.05,10,63.240276
53.05,10,63.240276
53.05,10,63.240276
53.05,10,63.240276
53.05,10,63.240276
53.05,10,63.256167
53.05,10,63.256167
53.05,10,63.256167
53.05,10,63.256167
53.05,10,63.256167
53.05,10,63.272063
53.05,10,63.272063
53.05,10,63.272063
53.05,10,63.272063
53.05,10,63.272063
53.05,10,63.288218
53.05,10,63.288218
53.05,10,63.288218
53.05,10,63.288218
53.05,10,63.288218
53.05,10,63.288218
53.05,10,63.304364
53.05,10,63.389692
53.05,10,63.396886
53.05,10,63.398893
53.05,10,63.402907
53.05,10,63.404914
53.05,10,63.408929
53.05,10,63.412944
53.05,10,63.414952
53.05,10,63.418966
53.05,10,63.420715
53.05,10,63.424188
53.05,10,63.424188
53.05,10,63.424188
53.05,10,63.436389
53.05,10,63.436389
53.05,10,63.436389
53.05,10,63.436389
53.05,10,63.448253
53.05,10,63.452264
53.05,10,63.454269
53.05,10,63.459357
53.05,10,63.461363
53.05,10,63.463369
53.05,10,63.467382
53.05,10,63.468388
53.05,10,63.468388
53.05,10,63.468388
53.05,10,63.468388
53.05,10,63.468388
53.05,10,63.484391
53.05,10,63.484391
53.05,10,63.484391
53.05,10,63.484391
53.05,10,63.5001
53.05,10,63.503343
53.05,10,63.506342
53.05,10,63.509343
53.05,10,63.512352
53.05,10,63.515811
53.05,10,63.520271
53.05,10,63.523282
53.05,10,63.525979
53.05,10,63.528976
53.05,10,63.53098
53.05,10,63.534404
53.05,10,63.537413
53.05,10,63.540419
53.05,10,63.542513
53.05,10,63.545515
53.05,10,63.547536
53.05,10,63.547536
53.05,10,63.547536
53.05,10,63.547536
53.05,10,63.547536
53.05,10,63.547536
53.05,10,63.56354
53.05,10,63.56354
53.05,10,63.56354
53.05,10,63.56354
53.05,10,63.56354
53.05,10,63.579733
53.05,10,63.583463
53.05,10,63.585466
53.04,12,63.585466
53.05,10,63.585466
53.05,10,63.595722
53.05,10,63.595722
53.05,10,63.595722
53.05,10,63.595722
53.05,10,63.595722
53.05,10,63.595722
53.05,10,63.613798
53.05,10,63.616904
53.05,10,63.619906
53.05,10,63.622913
53.05,10,63.625656
53.05,10,63.625656
53.05,10,63.625656
53.05,10,63.625656
53.05,10,63.625656
53.05,10,63.625656
53.05,10,63.641428
53.05,10,63.641428
53.05,10,63.641428
53.05,10,63.641428
53.05,10,63.641428
53.05,10,63.657403
53.05,10,63.657403
53.05,10,63.657403
53.05,10,63.657403
53.05,10,63.657403
53.05,10,63.657403
53.05,10,63.674746
53.05,10,63.674746
53.05,10,63.674746
53.05,10,63.674746
53.05,10,63.674746
53.05,10,63.68947
53.05,10,63.68947
53.05,10,63.68947
53.05,10,63.68947
53.05,10,63.68947
53.05,10,63.705251
53.05,10,63.794019
53.05,10,63.798032
53.05,10,63.800039
53.05,10,63.804053
53.05,10,63.807067
53.05,10,63.811082
53.05,10,63.813089
53.05,10,63.817103
53.05,10,63.820858
53.05,10,63.823227
53.05,10,63.826848
53.05,10,63.829092
53.05,10,63.832088
53.05,10,63.835088
53.05,10,63.837584
53.05,10,63.840549
53.05,10,63.844052
53.05,10,63.844052
53.05,10,63.844052
53.05,10,63.844052
53.05,10,63.844052
53.05,10,63.844052
53.05,10,63.860648
53.05,10,63.860648
53.05,10,63.860648
53.05,10,63.860648
53.05,10,63.860648
53.05,10,63.87561
53.05,10,63.878609
53.05,10,63.881608
53.05,10,63.884608
53.05,10,63.887608
53.05,10,63.891274
53.05,10,63.893265
53.05,10,63.896609
53.05,10,63.900251
53.05,10,63.902849
53.05,10,63.905993
53.05,10,63.907994
53.05,10,63.907994
53.05,10,63.907994
53.05,10,63.907994
53.05,10,63.907994
53.05,10,63.92365
53.05,10,63.924941
53.05,10,63.930158
53.05,10,63.934173
53.05,10,63.936179
53.05,10,63.939878
53.05,10,63.942903
53.05,10,63.945902
53.05,10,63.948902
53.05,10,63.951887
53.05,10,63.952904
53.05,10,63.952904
53.05,10,63.952904
53.05,10,63.952904
53.05,10,63.952904
53.05,10,63.968776
53.05,10,63.968776
53.05,10,63.968776
53.05,10,63.968776
53.05,10,63.968776
53.05,10,63.968776
53.05,10,63.984843
53.05,10,63.984843
53.05,10,63.984843
53.05,10,63.984843
53.05,10,63.984843
53.05,10,64.000909
53.05,10,64.000909
53.05,10,64.000909
53.05,10,64.000909
53.05,10,64.000909
53.05,10,64.016894
53.05,10,64.016894
53.05,10,64.016894
53.05,10,64.024999
53.05,10,64.024999
53.05,10,64.032858
53.05,10,64.035323
53.05,10,64.038324
53.05,10,64.04133
53.05,10,64.044322
53.05,10,64.047326
53.05,10,64.050682
53.05,10,64.053678
53.05,10,64.056672
53.05,10,64.059668
53.05,10,64.062685
53.05,10,64.062685
53.05,10,64.062685
53.05,10,64.062685
53.05,10,64.062685
53.05,10,64.062685
53.05,10,64.078694
53.05,10,64.078694
53.05,10,64.078694
53.05,10,64.078694
53.05,10,64.078694
53.05,10,64.094673
53.05,10,64.094673
53.05,10,64.186635
53.05,10,64.189987
53.05,10,64.193007
53.05,10,64.196006
53.05,10,64.199006
53.05,10,64.202006
53.05,10,64.205011
53.05,10,64.2082
53.05,10,64.210262
53.05,10,64.213257
53.05,10,64.217258
53.05,10,64.220258
53.05,10,64.223267
53.05,10,64.2258
53.05,10,64.2258
53.05,10,64.2258
53.05,10,64.2258
53.05,10,64.2258
53.05,10,64.240042
53.05,10,64.240042
53.05,10,64.240042
53.05,10,64.240042
53.05,10,64.240042
53.05,10,64.256151
53.05,10,64.256151
53.05,10,64.256151
53.05,10,64.256151
53.05,10,64.256151
53.05,10,64.256151
53.05,10,64.274476
53.05,10,64.276483
53.05,10,64.280495
53.05,10,64.282501
53.05,10,64.286514
53.05,10,64.288262
53.05,10,64.292422
53.05,10,64.294429
53.05,10,64.296435
53.05,10,64.300447
53.05,10,64.302453
53.05,10,64.306207
53.05,10,64.308213
53.05,10,64.312227
53.05,10,64.314233
53.05,10,64.318246
53.05,10,64.319994
53.05,10,64.324008
53.05,10,64.327521
53.05,10,64.329532
53.05,10,64.333545
53.05,10,64.335552
53.05,10,64.339384
53.05,10,64.34139
53.05,10,64.345402
53.05,10,64.347409
53.05,10,64.351423
53.05,10,64.355267
53.05,10,64.35928
53.05,10,64.361286
53.05,10,64.363293
53.05,10,64.368583
53.05,10,64.370705
53.05,10,64.373704
53.05,10,64.374775
53.05,10,64.374775
53.05,10,64.374775
53.05,10,64.374775
53.05,10,64.374775
53.05,10,64.390862
53.05,10,64.392469
53.05,10,64.397514
53.05,10,64.40015
53.05,10,64.40341
53.05,10,64.406665
53.05,10,64.410172
53.05,10,64.413526
53.05,10,64.416516
53.05,10,64.418517
53.05,10,64.421517
53.05,10,64.424898
53.05,10,64.427568
53.05,10,64.430568
53.05,10,64.433568
53.05,10,64.436568
53.05,10,64.439568
53.05,10,64.441575
53.05,10,64.441575
53.05,10,64.441575
53.05,10,64.441575
53.05,10,64.441575
53.05,10,64.457557
53.05,10,64.457557
53.05,10,64.457557
53.05,10,64.457557
53.05,10,64.457557
53.05,10,64.457557
53.05,10,64.474781
53.05,10,64.477796
53.05,10,64.47978
53.05,10,64.482795
53.05,10,64.484796
53.05,10,64.484796
53.05,10,64.579326
53.05,10,64.582324
53.05,10,64.585324
53.05,10,64.588324
53.05,10,64.590324
53.05,10,64.593326
53.05,10,64.593326
53.05,10,64.593326
53.05,10,64.593326
53.05,10,64.593326
53.05,10,64.593326
53.05,10,64.611393
53.05,10,64.611393
53.05,10,64.611393
53.05,10,64.611393
53.05,10,64.611393
53.05,10,64.626032
53.05,10,64.626032
53.05,10,64.626032
53.05,10,64.626032
53.05,10,64.626032
53.05,10,64.641272
53.05,10,64.641272
53.05,10,64.641272
53.05,10,64.641272
53.05,10,64.641272
53.05,10,64.641272
53.05,10,64.657163
53.05,10,64.657163
53.05,10,64.657163
53.05,10,64.657163
53.05,10,64.657163
53.05,10,64.673296
53.05,10,64.673296
53.05,10,64.673296
53.05,10,64.673296
53.05,10,64.673296
53.05,10,64.673296
53.05,10,64.692051
53.05,10,64.696049
53.05,10,64.699068
53.05,10,64.701068
53.05,10,64.703068
53.05,10,64.708131
53.05,10,64.710242
53.05,10,64.713348
53.05,10,64.716352
53.05,10,64.719354
53.05,10,64.72235
53.05,10,64.725717
53.05,10,64.728235
53.05,10,64.731235
53.05,10,64.734235
53.05,10,64.736235
53.05,10,64.740235
53.05,10,64.742996
53.05,10,64.745002
53.05,10,64.749015
53.05,10,64.751021
53.05,10,64.753027
53.05,10,64.756039
53.05,10,64.756039
53.05,10,64.756039
53.05,10,64.756039
53.05,10,64.756039
53.05,10,64.771969
53.05,10,64.771969
53.05,10,64.771969
53.05,10,64.771969
53.05,10,64.771969
53.05,10,64.771969
53.05,10,64.78789
53.05,10,64.78789
53.05,10,64.78789
53.05,10,64.78789
53.05,10,64.78789
53.05,10,64.78789
53.05,10,64.808255
53.05,10,64.814301
53.05,10,64.818317
53.05,10,64.820064
53.05,10,64.824074
53.05,10,64.826581
53.05,10,64.828588
53.05,10,64.8326
53.05,10,64.834607
53.05,10,64.836113
53.05,10,64.84196
53.05,10,64.843966
53.05,10,64.845973
53.05,10,64.849985
53.05,10,64.854974
53.05,10,64.856981
53.05,10,64.858987
53.05,10,64.863
53.05,10,64.865006
53.05,10,64.868019
53.05,10,64.868019
53.05,10,64.868019
53.05,10,64.868019
53.05,10,64.868019
53.05,10,64.884001
53.05,10,64.884001
53.05,10,64.978184
53.05,10,64.980191
53.05,10,64.984206
53.05,10,64.987963
53.05,10,64.991976
53.05,10,64.995991
53.05,10,64.997998
53.05,10,65.002012
53.05,10,65.004988
53.05,10,65.008977
53.05,10,65.012002
53.05,10,65.015001
53.05,10,65.018069
53.05,10,65.021069
53.05,10,65.023068
53.05,10,65.026592
53.05,10,65.028621
53.05,10,65.031621
53.05,10,65.03479
53.05,10,65.03779
53.05,10,65.04079
53.05,10,65.042789
53.05,10,65.04679
53.05,10,65.048852
53.05,10,65.052852
53.05,10,65.054852
53.05,10,65.057851
53.05,10,65.060851
53.05,10,65.062852
53.05,10,65.062852
53.05,10,65.062852
53.05,10,65.062852
53.05,10,65.062852
53.05,10,65.078629
53.05,10,65.078629
53.05,10,65.078629
53.05,10,65.078629
53.05,10,65.078629
53.05,10,65.078629
53.05,10,65.094555
53.05,10,65.094555
53.05,10,65.094555
53.05,10,65.094555
53.05,10,65.094555
53.05,10,65.110971
53.05,10,65.114015
53.05,10,65.117014
53.05,10,65.120118
53.05,10,65.123122
53.05,10,65.125126
53.05,10,65.126759
53.05,10,65.126759
53.05,10,65.126759
53.05,10,65.126759
53.05,10,65.140913
53.05,10,65.140913
53.05,10,65.140913
53.05,10,65.140913
53.05,10,65.140913
53.05,10,65.140913
53.05,10,65.157063
53.05,10,65.157063
53.05,10,65.157063
53.05,10,65.157063
53.05,10,65.157063
53.05,10,65.172833
53.05,10,65.172833
53.05,10,65.172833
53.04,12,65.172833
53.05,10,65.172833
53.05,10,65.189801
53.05,10,65.19292
53.05,10,65.195909
53.05,10,65.198916
53.05,10,65.201926
53.05,10,65.204923
53.05,10,65.207926
53.05,10,65.210807
53.05,10,65.213813
53.05,10,65.216813
53.05,10,65.219813
53.05,10,65.222812
53.05,10,65.225812
53.05,10,65.22833
53.05,10,65.23133
53.05,10,65.23433
53.05,10,65.23733
53.05,10,65.240446
53.05,10,65.24356
53.05,10,65.245555
53.05,10,65.248549
53.05,10,65.251994
53.05,10,65.254001
53.05,10,65.257005
53.05,10,65.260082
53.05,10,65.262097
53.05,10,65.264112
53.05,10,65.266129
53.05,10,65.266129
53.05,10,65.273965
53.05,10,65.276572
53.05,10,65.278579
53.05,10,65.367937
53.05,10,65.367937
53.05,10,65.367937
53.05,10,65.367937
53.05,10,65.383723
53.05,10,65.383723
53.05,10,65.383723
53.05,10,65.383723
53.05,10,65.383723
53.05,10,65.399511
53.05,10,65.399511
53.05,10,65.399511
53.05,10,65.399511
53.05,10,65.399511
53.05,10,65.399511
53.05,10,65.415435
53.05,10,65.415435
53.05,10,65.415435
53.05,10,65.426616
53.05,10,65.426616
53.05,10,65.431235
53.05,10,65.435243
53.05,10,65.43869
53.05,10,65.441167
53.05,10,65.444162
53.05,10,65.444162
53.05,10,65.444162
53.05,10,65.444162
53.05,10,65.444162
53.05,10,65.444162
53.05,10,65.461469
53.05,10,65.461469
53.05,10,65.461469
53.05,10,65.461469
53.05,10,65.474651
53.05,10,65.477544
53.05,10,65.480543
53.05,10,65.483544
53.05,10,65.486543
53.05,10,65.489677
53.05,10,65.4936
53.05,10,65.495605
53.05,10,65.498596
53.05,10,65.501508
53.05,10,65.504493
53.05,10,65.507703
53.05,10,65.507703
53.05,10,65.507703
53.05,10,65.507703
53.05,10,65.507703
53.05,10,65.507703
53.05,10,65.523798
53.05,10,65.5268
53.05,10,65.53081
53.05,10,65.53081
53.05,10,65.53081
53.05,10,65.540793
53.05,10,65.543795
53.05,10,65.546794
53.05,10,65.549022
53.05,10,65.552041
53.05,10,65.555039
53.05,10,65.558136
53.05,10,65.561136
53.05,10,65.562136
53.05,10,65.562136
53.05,10,65.562136
53.05,10,65.562136
53.05,10,65.562136
53.05,10,65.578004
53.05,10,65.578004
53.05,10,65.578004
53.05,10,65.578004
53.05,10,65.578004
53.05,10,65.593955
53.05,10,65.593955
53.05,10,65.599766
53.05,10,65.599766
53.05,10,65.599766
53.05,10,65.599766
53.05,10,65.610027
53.05,10,65.610027
53.05,10,65.610027
53.05,10,65.610027
53.05,10,65.610027
53.05,10,65.625843
53.05,10,65.626856
53.05,10,65.626856
53.05,10,65.626856
53.05,10,65.626856
53.05,10,65.641547
53.05,10,65.64402
53.05,10,65.64702
53.05,10,65.650038
53.05,10,65.653028
53.05,10,65.656028
53.05,10,65.656028
53.05,10,65.656028
53.05,10,65.656028
53.05,10,65.656028
53.05,10,65.656028
53.05,10,65.673726
53.05,10,65.756788
53.05,10,65.77271
53.05,10,65.77271
53.05,10,65.77271
53.05,10,65.77271
53.05,10,65.77271
53.05,10,65.788556
53.05,10,65.788556
53.05,10,65.788556
53.05,10,65.788556
53.05,10,65.788556
53.05,10,65.804486
53.05,10,65.804486
53.05,10,65.804486
53.05,10,65.804486
53.05,10,65.804486
53.05,10,65.820727
53.05,10,65.820727
53.05,10,65.826927
53.05,10,65.826927
53.05,10,65.826927
53.05,10,65.837827
53.05,10,65.84621
53.05,10,65.852345
53.05,10,65.854706
53.05,10,65.857604
53.05,10,65.859598
53.05,10,65.859598
53.05,10,65.859598
53.05,10,65.859598
53.05,10,65.859598
53.05,10,65.875562
53.05,10,65.880043
53.05,10,65.880043
53.05,10,65.880043
53.05,10,65.880043
53.05,10,65.891474
53.05,10,65.891474
53.05,10,65.891474
53.05,10,65.891474
53.05,10,65.891474
53.05,10,65.907203
53.05,10,65.907203
53.05,10,65.907203
53.05,10,65.907203
53.05,10,65.907203
53.05,10,65.922995
53.05,10,65.922995
53.05,10,65.926958
53.05,10,65.931021
53.05,10,65.931021
53.05,10,65.931021
53.05,10,65.938706
53.05,10,65.938706
53.05,10,65.938706
53.05,10,65.938706
53.05,10,65.938706
53.05,10,65.955599
53.05,10,65.958606
53.05,10,65.962607
53.05,10,65.965607
53.05,10,65.968647
53.05,10,65.968647
53.05,10,65.968647
53.05,10,65.968647
53.05,10,65.968647
53.05,10,65.968647
53.05,10,65.985846
53.05,10,65.990185
53.05,10,65.993297
53.05,10,65.996295
53.05,10,65.999313
53.05,10,66.002309
53.05,10,66.00537
53.05,10,66.008498
53.05,10,66.011498
53.05,10,66.014611
53.05,10,66.017611
53.05,10,66.019616
53.05,10,66.022605
53.05,10,66.02462
53.05,10,66.027249
53.05,10,66.027249
53.05,10,66.027249
53.05,10,66.027249
53.05,10,66.040272
53.05,10,66.040272
53.05,10,66.040272
53.05,10,66.040272
53.05,10,66.040272
53.05,10,66.056409
53.05,10,66.059554
53.05,10,66.062555
53.05,10,66.065884
53.05,10,66.068889
53.05,10,66.070904
53.05,10,66.073897
53.05,10,66.0779
53.05,10,66.0779
53.05,10,66.0779
53.05,10,66.0779
53.05,10,66.0779
53.05,10,66.0779
53.05,10,66.185228
53.05,10,66.188762
53.05,10,66.19215
53.05,10,66.19515
53.05,10,66.19815
53.05,10,66.20015
53.05,10,66.204151
53.05,10,66.208372
53.05,10,66.211156
53.05,10,66.21416
53.05,10,66.21716
53.05,10,66.22016
53.05,10,66.223835
53.05,10,66.225983
53.05,10,66.22971
53.05,10,66.232711
53.05,10,66.23471
53.05,10,66.237715
53.05,10,66.24071
53.05,10,66.241717
53.05,10,66.241717
53.05,10,66.241717
53.05,10,66.241717
53.05,10,66.241717
53.05,10,66.259505
53.05,10,66.261512
53.05,10,66.265523
53.05,10,66.26753
53.05,10,66.271542
53.05,10,66.273289
53.05,10,66.273289
53.05,10,66.273289
53.05,10,66.273289
53.05,10,66.273289
53.05,10,66.273289
53.05,10,66.291266
53.05,10,66.293272
53.05,10,66.297284
53.05,10,66.29929
53.05,10,66.303303
53.05,10,66.30505
53.05,10,66.309063
53.05,10,66.311069
53.05,10,66.313075
53.05,10,66.317086
53.05,10,66.319093
53.05,10,66.322846
53.05,10,66.324852
53.05,10,66.327865
53.05,10,66.331877
53.05,10,66.333884
53.05,10,66.336896
53.05,10,66.340909
53.05,10,66.342915
53.05,10,66.344921
53.05,10,66.348934
53.05,10,66.352688
53.05,10,66.354694
53.05,10,66.358706
53.05,10,66.360713
53.05,10,66.364727
53.05,10,66.366735
53.05,10,66.37049
53.05,10,66.372496
53.05,10,66.376509
53.05,10,66.378516
53.05,10,66.380522
53.05,10,66.384276
53.05,10,66.387576
53.05,10,66.390576
53.05,10,66.390576
53.05,10,66.390576
53.05,10,66.390576
53.05,10,66.390576
53.05,10,66.390576
53.05,10,66.406217
53.05,10,66.406217
53.05,10,66.406217
53.05,10,66.406217
53.05,10,66.406217
53.05,10,66.424232
53.05,10,66.426238
53.05,10,66.430251
53.05,10,66.432257
53.05,10,66.434263
53.05,10,66.438015
53.05,10,66.442281
53.05,10,66.444287
53.05,10,66.448298
53.05,10,66.450305
53.05,10,66.452311
53.05,10,66.456064
53.05,10,66.458071
53.05,10,66.462083
53.05,10,66.464089
53.05,10,66.468102
53.05,10,66.46985
53.05,10,66.47575
53.05,10,66.477756
53.05,10,66.479761
53.05,10,66.483774
53.05,10,66.486879
53.05,10,66.578007
53.05,10,66.58099
53.05,10,66.583989
53.05,10,66.58599
53.05,10,66.58999
53.05,10,66.59299
53.05,10,66.59621
53.05,10,66.59919
53.05,10,66.602298
53.05,10,66.606201
53.05,10,66.609191
53.05,10,66.612808
53.05,10,66.612808
53.05,10,66.612808
53.05,10,66.612808
53.05,10,66.62506
53.05,10,66.628549
53.05,10,66.628549
53.05,10,66.628549
53.05,10,66.628549
53.05,10,66.640743
53.05,10,66.640743
53.05,10,66.640743
53.05,10,66.640743
53.05,10,66.640743
53.05,10,66.640743
53.05,10,66.656911
53.05,10,66.656911
53.05,10,66.656911
53.05,10,66.656911
53.05,10,66.656911
53.05,10,66.673126
53.05,10,66.673126
53.05,10,66.673126
53.05,10,66.673126
53.05,10,66.673126
53.05,10,66.690027
53.05,10,66.693146
53.05,10,66.696144
53.05,10,66.699146
53.05,10,66.702145
53.05,10,66.705149
53.05,10,66.709033
53.05,10,66.712049
53.05,10,66.715086
53.05,10,66.718193
53.05,10,66.718193
53.05,10,66.723662
53.05,10,66.726859
53.05,10,66.7306
53.05,10,66.733603
53.05,10,66.736606
53.05,10,66.739602
53.05,10,66.74261
53.05,10,66.745612
53.05,10,66.748609
53.05,10,66.751608
53.05,10,66.754609
53.05,10,66.757613
53.05,10,66.757613
53.05,10,66.757613
53.05,10,66.757613
53.05,10,66.757613
53.05,10,66.773468
53.05,10,66.773468
53.05,10,66.773468
53.05,10,66.773468
53.05,10,66.773468
53.05,10,66.773468
53.05,10,66.789385
53.05,10,66.789385
53.05,10,66.789385
53.05,10,66.789385
53.05,10,66.789385
53.05,10,66.80551
53.05,10,66.80551
53.05,10,66.80551
53.05,10,66.80551
53.05,10,66.80551
53.05,10,66.821665
53.05,10,66.821665
53.05,10,66.829239
53.05,10,66.829239
53.05,10,66.829239
53.05,10,66.837873
53.05,10,66.837873
53.05,10,66.837873
53.05,10,66.837873
53.05,10,66.837873
53.05,10,66.837873
53.05,10,66.853777
53.05,10,66.853777
53.05,10,66.862951
53.05,10,66.864959
53.05,10,66.868976
53.05,10,66.868976
53.05,10,66.868976
53.05,10,66.868976
53.05,10,66.868976
53.05,10,66.868976
53.05,10,66.88475
53.05,10,66.88475
53.05,10,66.88475
53.05,10,66.983074
53.05,10,66.98682
53.05,10,66.988826
53.05,10,66.992838
53.05,10,66.994844
53.05,10,66.998857
53.05,10,67.002611
53.05,10,67.004617
53.05,10,67.008632
53.05,10,67.010639
53.05,10,67.014652
53.05,10,67.018669
53.05,10,67.021668
53.05,10,67.024669
53.05,10,67.027665
53.05,10,67.030284
53.05,10,67.033715
53.05,10,67.036721
53.05,10,67.039728
53.05,10,67.041728
53.05,10,67.04472
53.05,10,67.047922
53.05,10,67.050983
53.05,10,67.054029
53.05,10,67.056925
53.05,10,67.059922
53.05,10,67.063089
53.05,10,67.06621
53.05,10,67.069213
53.05,10,67.07121
53.05,10,67.075099
53.05,10,67.078105
53.05,10,67.081102
53.05,10,67.084104
53.05,10,67.087098
53.05,10,67.089984
53.05,10,67.092982
53.05,10,67.095465
53.05,10,67.095465
53.05,10,67.095465
53.05,10,67.095465
53.05,10,67.095465
53.05,10,67.110971
53.05,10,67.110971
53.05,10,67.110971
53.05,10,67.110971
53.05,10,67.110971
53.05,10,67.110971
53.05,10,67.127061
53.05,10,67.129859
53.05,10,67.129859
53.05,10,67.129859
53.05,10,67.129859
53.05,10,67.142999
53.05,10,67.142999
53.05,10,67.142999
53.05,10,67.142999
53.05,10,67.142999
53.05,10,67.158715
53.05,10,67.158715
53.05,10,67.158715
53.05,10,67.158715
53.05,10,67.158715
53.05,10,67.174776
53.05,10,67.174776
53.05,10,67.174776
53.05,10,67.174776
53.05,10,67.174776
53.05,10,67.174776
53.05,10,67.193668
53.05,10,67.193972
53.05,10,67.193972
53.05,10,67.193972
53.05,10,67.193972
53.05,10,67.209088
53.05,10,67.21151
53.05,10,67.214786
53.05,10,67.218065
53.05,10,67.221699
53.05,10,67.225092
53.05,10,67.228152
53.05,10,67.230773
53.05,10,67.233883
53.05,10,67.236889
53.05,10,67.239888
53.05,10,67.242882
53.05,10,67.245877
53.05,10,67.24789
53.05,10,67.249901
53.05,10,67.249901
53.05,10,67.249901
53.05,10,67.249901
53.05,10,67.249901
53.05,10,67.26598
53.05,10,67.26598
53.05,10,67.26598
53.05,10,67.26598
53.05,10,67.26598
53.05,10,67.28173
53.05,10,67.28173
53.05,10,67.28173
53.05,10,67.28173
53.05,10,67.375654
53.05,10,67.391574
53.05,10,67.391574
53.05,10,67.391574
53.05,10,67.391574
53.05,10,67.391574
53.05,10,67.407804
53.05,10,67.407804
53.05,10,67.407804
53.05,10,67.416137
53.05,10,67.416137
53.05,10,67.423979
53.05,10,67.423979
53.05,10,67.430237
53.05,10,67.430237
53.05,10,67.430237
53.05,10,67.440189
53.05,10,67.444302
53.05,10,67.447308
53.05,10,67.450307
53.05,10,67.453319
53.05,10,67.456237
53.05,10,67.459308
53.05,10,67.462295
53.05,10,67.466296
53.05,10,67.469312
53.05,10,67.469312
53.05,10,67.469312
53.05,10,67.469312
53.05,10,67.469312
53.05,10,67.48515
53.05,10,67.48515
53.05,10,67.48515
53.05,10,67.48515
53.05,10,67.48515
53.05,10,67.48515
53.05,10,67.501339
53.05,10,67.501339
53.05,10,67.501339
53.05,10,67.501339
53.05,10,67.501339
53.05,10,67.517577
53.05,10,67.517577
53.05,10,67.517577
53.05,10,67.517577
53.05,10,67.530566
53.05,10,67.533691
53.05,10,67.533691
53.05,10,67.533691
53.05,10,67.533691
53.05,10,67.533691
53.05,10,67.549829
53.05,10,67.549829
53.05,10,67.549829
53.05,10,67.549829
53.05,10,67.549829
53.05,10,67.566134
53.05,10,67.569152
53.05,10,67.572261
53.05,10,67.575265
53.05,10,67.578274
53.05,10,67.578274
53.05,10,67.578274
53.05,10,67.578274
53.05,10,67.578274
53.05,10,67.59409
53.05,10,67.595208
53.05,10,67.595208
53.05,10,67.595208
53.05,10,67.606735
53.05,10,67.609921
53.05,10,67.612919
53.05,10,67.615946
53.05,10,67.61896
53.05,10,67.621948
53.05,10,67.625728
53.05,10,67.628709
53.05,10,67.631897
53.05,10,67.635913
53.05,10,67.63891
53.05,10,67.640913
53.05,10,67.640913
53.05,10,67.640913
53.05,10,67.640913
53.05,10,67.640913
53.05,10,67.657114
53.05,10,67.660448
53.05,10,67.663451
53.05,10,67.666446
53.05,10,67.669447
53.05,10,67.672446
53.05,10,67.675765
53.05,10,67.678766
53.05,10,67.681762
53.05,10,67.684767
53.05,10,67.688189
53.05,10,67.689784
53.05,10,67.689784
53.05,10,67.689784
53.05,10,67.689784
53.05,10,67.689784
53.05,10,67.706824
53.05,10,67.797863
53.05,10,67.797863
53.05,10,67.797863
53.05,10,67.797863
53.05,10,67.797863
53.05,10,67.813576
53.05,10,67.813576
53.05,10,67.813576
53.05,10,67.813576
53.05,10,67.813576
53.05,10,67.830693
53.05,10,67.830693
53.05,10,67.834819
53.05,10,67.834819
53.05,10,67.834819
53.05,10,67.846625
53.05,10,67.846625
53.05,10,67.85343
53.05,10,67.85343
53.05,10,67.85343
53.05,10,67.861577
53.05,10,67.861577
53.05,10,67.861577
53.05,10,67.861577
53.05,10,67.861577
53.05,10,67.877699
53.05,10,67.880083
53.05,10,67.883085
53.05,10,67.887085
53.05,10,67.890102
53.05,10,67.893085
53.05,10,67.897162
53.05,10,67.900162
53.05,10,67.903169
53.05,10,67.906162
53.05,10,67.906162
53.05,10,67.906162
53.05,10,67.906162
53.05,10,67.906162
53.05,10,67.921798
53.05,10,67.921798
53.05,10,67.921798
53.05,10,67.93078
53.05,10,67.93078
53.05,10,67.93754
53.05,10,67.93754
53.05,10,67.93754
53.05,10,67.93754
53.05,10,67.93754
53.05,10,67.93754
53.05,10,67.953704
53.05,10,67.953704
53.05,10,67.953704
53.05,10,67.953704
53.05,10,67.953704
53.05,10,67.969908
53.05,10,67.969908
53.05,10,67.969908
53.05,10,67.969908
53.05,10,67.969908
53.05,10,67.985862
53.05,10,67.985862
53.05,10,67.985862
53.05,10,67.985862
53.05,10,67.985862
53.05,10,68.0018
53.05,10,68.004483
53.05,10,68.007471
53.05,10,68.010477
53.05,10,68.013477
53.05,10,68.015483
53.05,10,68.015483
53.05,10,68.015483
53.05,10,68.015483
53.05,10,68.015483
53.05,10,68.030896
53.05,10,68.030896
53.05,10,68.030896
53.05,10,68.030896
53.05,10,68.030896
53.05,10,68.046734
53.05,10,68.046734
53.05,10,68.046734
53.05,10,68.046734
53.05,10,68.046734
53.05,10,68.046734
53.05,10,68.065639
53.05,10,68.068631
53.05,10,68.071641
53.05,10,68.074644
53.05,10,68.077633
53.05,10,68.081024
53.05,10,68.084024
53.05,10,68.087034
53.05,10,68.090037
53.05,10,68.093023
53.05,10,68.095684
53.05,10,68.098669
53.05,10,68.101671
53.05,10,68.104675
53.05,10,68.107676
53.05,10,68.111218
53.05,10,68.115205
53.05,10,68.190407
53.05,10,68.206638
53.05,10,68.209716
53.05,10,68.212716
53.05,10,68.215716
53.05,10,68.218739
53.05,10,68.221739
53.05,10,68.224743
53.05,10,68.228739
53.05,10,68.231264
53.05,10,68.234291
53.05,10,68.237291
53.05,10,68.241291
53.05,10,68.241291
53.05,10,68.241291
53.05,10,68.241291
53.05,10,68.241291
53.05,10,68.241291
53.05,10,68.257121
53.05,10,68.257121
53.05,10,68.257121
53.05,10,68.257121
53.05,10,68.257121
53.05,10,68.272937
53.05,10,68.272937
53.05,10,68.272937
53.05,10,68.272937
53.05,10,68.272937
53.05,10,68.288701
53.05,10,68.288701
53.05,10,68.288701
53.05,10,68.288701
53.05,10,68.288701
53.05,10,68.288701
53.05,10,68.304868
53.05,10,68.304868
53.05,10,68.304868
53.05,10,68.304868
53.05,10,68.304868
53.05,10,68.320886
53.05,10,68.320886
53.05,10,68.320886
53.05,10,68.33131
53.05,10,68.33131
53.05,10,68.336943
53.05,10,68.336943
53.05,10,68.336943
53.05,10,68.336943
53.05,10,68.336943
53.05,10,68.336943
53.05,10,68.353144
53.05,10,68.353144
53.05,10,68.353144
53.05,10,68.353144
53.05,10,68.353144
53.05,10,68.369188
53.05,10,68.369188
53.05,10,68.369188
53.05,10,68.369188
53.05,10,68.369188
53.05,10,68.385159
53.05,10,68.385159
53.05,10,68.385159
53.05,10,68.385159
53.05,10,68.385159
53.05,10,68.400918
53.05,10,68.400918
53.05,10,68.400918
53.05,10,68.400918
53.05,10,68.400918
53.05,10,68.400918
53.05,10,68.417028
53.05,10,68.417028
53.05,10,68.417028
53.05,10,68.417028
53.05,10,68.417028
53.05,10,68.433384
53.05,10,68.436632
53.05,10,68.437609
53.05,10,68.437609
53.05,10,68.437609
53.05,10,68.437609
53.05,10,68.437609
53.05,10,68.453431
53.05,10,68.453431
53.05,10,68.453431
53.05,10,68.453431
53.05,10,68.453431
53.05,10,68.46954
53.05,10,68.46954
53.05,10,68.46954
53.05,10,68.46954
53.05,10,68.46954
53.05,10,68.46954
53.05,10,68.485325
53.05,10,68.489118
53.05,10,68.492865
53.05,10,68.492865
53.05,10,68.492865
53.05,10,68.501233
53.05,10,68.501233
53.05,10,68.501233
53.05,10,68.595091
53.05,10,68.595091
53.05,10,68.595091
53.05,10,68.610804
53.05,10,68.612818
53.05,10,68.612818
53.05,10,68.612818
53.05,10,68.612818
53.05,10,68.612818
53.05,10,68.62667
53.05,10,68.631372
53.05,10,68.631372
53.05,10,68.631372
53.05,10,68.631372
53.05,10,68.643579
53.05,10,68.64388
53.05,10,68.64388
53.05,10,68.64388
53.05,10,68.64388
53.05,10,68.658845
53.05,10,68.661844
53.05,10,68.664846
53.05,10,68.667844
53.05,10,68.670845
53.05,10,68.673794
53.05,10,68.676865
53.05,10,68.679868
53.05,10,68.682865
53.05,10,68.685864
53.05,10,68.688864
53.05,10,68.692567
53.05,10,68.692567
53.05,10,68.692567
53.05,10,68.692567
53.05,10,68.692567
53.05,10,68.707825
53.05,10,68.71082
53.05,10,68.71382
53.05,10,68.716843
53.05,10,68.719842
53.05,10,68.722842
53.05,10,68.725827
53.05,10,68.728827
1.52,108,68.76155
53.05,10,68.76455
53.05,10,68.76755
53.05,10,68.77055
53.05,10,68.772906
53.05,10,68.776715
53.05,10,68.77872
53.05,10,68.782731
53.05,10,68.784735
53.05,10,68.788528
53.05,10,68.796158
53.05,10,68.798164
53.05,10,68.800169
53.05,10,68.804484
53.05,10,68.804484
53.05,10,68.804484
53.05,10,68.804484
53.05,10,68.804484
53.05,10,68.820362
53.05,10,68.820362
53.05,10,68.820362
53.05,10,68.820362
53.05,10,68.831735
53.05,10,68.836427
53.05,10,68.836427
53.05,10,68.836427
53.05,10,68.836427
53.05,10,68.836427
53.05,10,68.852223
53.05,10,68.855621
53.05,10,68.859618
53.05,10,68.862614
53.05,10,68.865618
53.05,10,68.868517
53.05,10,68.871513
53.05,10,68.874513
53.05,10,68.875513
53.05,10,68.875513
53.05,10,68.875513
53.05,10,68.875513
53.05,10,68.875513
53.05,10,68.891191
53.05,10,68.891191
53.05,10,68.891191
53.05,10,68.891191
53.05,10,68.891191
53.05,10,68.906965
53.05,10,68.912184
53.05,10,68.914191
53.05,10,68.918204
53.05,10,69.000606
53.05,10,69.000606
53.05,10,69.000606
53.05,10,69.000606
53.05,10,69.000606
53.05,10,69.016364
53.05,10,69.016364
53.05,10,69.016364
53.05,10,69.016364
53.05,10,69.016364
53.05,10,69.031983
53.05,10,69.031983
53.05,10,69.031983
53.05,10,69.031983
53.05,10,69.031983
53.05,10,69.048114
53.05,10,69.048114
53.05,10,69.048114
53.05,10,69.048114
53.05,10,69.048114
53.05,10,69.048114
53.05,10,69.064252
53.05,10,69.064252
53.05,10,69.064252
53.05,10,69.064252
53.05,10,69.064252
53.05,10,69.08076
53.05,10,69.083886
53.05,10,69.086898
53.05,10,69.089887
53.05,10,69.092891
53.05,10,69.093886
53.05,10,69.093886
53.05,10,69.093886
53.05,10,69.093886
53.045,11,69.093886
53.05,10,69.110744
53.05,10,69.114759
53.05,10,69.116765
53.05,10,69.118772
53.05,10,69.122784
53.05,10,69.125796
53.05,10,69.128295
53.05,10,69.132308
53.05,10,69.134315
53.05,10,69.136321
53.05,10,69.140334
53.05,10,69.14184
53.05,10,69.14184
53.05,10,69.14184
53.05,10,69.14184
53.05,10,69.14184
53.05,10,69.157982
53.05,10,69.157982
53.05,10,69.157982
53.05,10,69.157982
53.05,10,69.157982
53.05,10,69.157982
53.05,10,69.175905
53.05,10,69.178904
53.05,10,69.180903
53.05,10,69.183903
53.05,10,69.186904
53.05,10,69.190973
53.05,10,69.19393
53.05,10,69.197014
53.05,10,69.200014
53.05,10,69.203013
53.05,10,69.20401
53.05,10,69.21047
53.05,10,69.213592
53.05,10,69.215585
53.05,10,69.218713
53.05,10,69.221708
53.05,10,69.225998
53.05,10,69.228999
53.05,10,69.230987
53.05,10,69.234704
53.05,10,69.237726
53.05,10,69.240722
53.05,10,69.240722
53.05,10,69.240722
53.05,10,69.240722
53.05,10,69.240722
53.05,10,69.240722
53.05,10,69.256628
53.05,10,69.256628
53.05,10,69.256628
53.05,10,69.256628
53.05,10,69.256628
53.05,10,69.272873
53.05,10,69.272873
53.05,10,69.272873
53.05,10,69.272873
53.05,10,69.272873
53.05,10,69.289064
53.05,10,69.289064
53.05,10,69.289064
53.05,10,69.289064
53.05,10,69.289064
53.05,10,69.289064
53.05,10,69.30472
53.05,10,69.394745
53.05,10,69.396752
53.05,10,69.400938
53.05,10,69.403966
53.05,10,69.405967
53.05,10,69.405967
53.05,10,69.405967
53.05,10,69.405967
53.05,10,69.405967
53.05,10,69.405967
53.05,10,69.421742
53.05,10,69.421742
53.05,10,69.421742
53.05,10,69.432957
53.05,10,69.432957
53.05,10,69.437595
53.05,10,69.437595
53.05,10,69.437595
53.05,10,69.437595
53.05,10,69.437595
53.05,10,69.453522
53.05,10,69.453522
53.05,10,69.453522
53.05,10,69.453522
53.05,10,69.453522
53.05,10,69.469671
53.05,10,69.469671
53.05,10,69.469671
53.05,10,69.469671
53.05,10,69.469671
53.05,10,69.469671
53.05,10,69.485854
53.05,10,69.485854
53.05,10,69.485854
53.05,10,69.485854
53.05,10,69.485854
53.05,10,69.503183
53.05,10,69.50631
53.05,10,69.509301
53.05,10,69.512302
53.05,10,69.515295
53.05,10,69.515295
53.05,10,69.515295
53.05,10,69.515295
53.05,10,69.515295
53.05,10,69.515295
53.05,10,69.533038
53.05,10,69.533038
53.05,10,69.533038
53.05,10,69.533038
53.05,10,69.533038
53.05,10,69.547165
53.05,10,69.547165
53.05,10,69.547165
53.05,10,69.547165
53.05,10,69.547165
53.05,10,69.563219
53.05,10,69.563219
53.05,10,69.563219
53.05,10,69.563219
53.05,10,69.563219
53.05,10,69.563219
53.05,10,69.581421
53.05,10,69.583769
53.05,10,69.58722
53.05,10,69.589583
53.05,10,69.59281
53.05,10,69.596365
53.05,10,69.599255
53.05,10,69.603372
53.05,10,69.606374
53.05,10,69.609371
53.05,10,69.613551
53.05,10,69.617544
53.05,10,69.620656
53.05,10,69.623666
53.05,10,69.626566
53.05,10,69.628549
53.05,10,69.628549
53.05,10,69.63324
53.05,10,69.63324
53.05,10,69.63324
53.05,10,69.64441
53.05,10,69.64441
53.05,10,69.64441
53.05,10,69.64441
53.05,10,69.64441
53.05,10,69.64441
53.05,10,69.660518
53.05,10,69.660518
53.05,10,69.660518
53.05,10,69.660518
53.05,10,69.660518
53.05,10,69.676544
53.05,10,69.676544
53.05,10,69.676544
53.05,10,69.676544
53.05,10,69.676544
53.05,10,69.696306
53.05,10,69.696306
53.05,10,69.696306
53.05,10,69.696306
53.05,10,69.787509
53.05,10,69.787509
53.05,10,69.787509
53.05,10,69.787509
53.05,10,69.787509
53.05,10,69.80326
53.05,10,69.80326
53.05,10,69.80326
53.05,10,69.80326
53.05,10,69.80326
53.05,10,69.819174
53.05,10,69.819174
53.05,10,69.819174
53.05,10,69.819174
53.05,10,69.833253
53.05,10,69.835102
53.05,10,69.835102
53.05,10,69.835102
53.05,10,69.835102
53.05,10,69.835102
53.05,10,69.851104
53.05,10,69.851104
53.05,10,69.851104
53.05,10,69.851104
53.05,10,69.851104
53.05,10,69.851104
53.05,10,69.867229
53.05,10,69.867229
53.05,10,69.867229
53.05,10,69.867229
53.05,10,69.867229
53.05,10,69.883183
53.05,10,69.883183
53.05,10,69.883183
53.05,10,69.883183
53.05,10,69.883183
53.05,10,69.899104
53.05,10,69.899104
53.05,10,69.899104
53.05,10,69.899104
53.05,10,69.899104
53.05,10,69.899104
53.05,10,69.917664
53.05,10,69.917664
53.05,10,69.917664
53.05,10,69.917664
53.05,10,69.917664
53.05,10,69.933999
53.05,10,69.943224
53.05,10,69.947236
53.05,10,69.950999
53.05,10,69.953005
53.05,10,69.957017
53.05,10,69.959022
53.05,10,69.961028
53.05,10,69.96504
53.05,10,69.967046
53.05,10,69.970802
53.05,10,69.974815
53.05,10,69.976821
53.05,10,69.980833
53.05,10,69.982839
53.05,10,69.986538
53.05,10,69.988543
53.05,10,69.992556
53.05,10,69.994562
53.05,10,69.998574
53.05,10,70.000322
53.05,10,70.004334
53.05,10,70.006341
53.05,10,70.010353
53.05,10,70.012359
53.05,10,70.016113
53.05,10,70.020125
53.05,10,70.022131
53.05,10,70.026144
53.05,10,70.02815
53.05,10,70.031904
53.05,10,70.035427
53.05,10,70.039426
53.05,10,70.042426
53.05,10,70.044426
53.05,10,70.047426
53.05,10,70.05052
53.05,10,70.05352
53.05,10,70.05652
53.05,10,70.05952
53.05,10,70.06252
53.05,10,70.06552
53.05,10,70.06852
53.05,10,70.07052
53.05,10,70.07352
53.05,10,70.07652
53.05,10,70.080685
53.045,11,70.083685
53.05,10,70.086684
53.05,10,70.089684
53.05,10,70.092684
53.05,10,70.095871
53.05,10,70.099849
53.05,10,70.102863
53.05,10,70.105864
53.05,10,70.108864
53.05,10,70.195913
53.05,10,70.199927
53.05,10,70.201934
53.05,10,70.205689
53.05,10,70.209747
53.05,10,70.212748
53.05,10,70.214747
53.05,10,70.21783
53.05,10,70.220941
53.05,10,70.224538
53.05,10,70.227222
53.05,10,70.230222
53.05,10,70.233727
53.05,10,70.235734
53.05,10,70.239844
53.05,10,70.24282
53.05,10,70.244819
53.05,10,70.247728
53.05,10,70.250728
53.05,10,70.253729
53.05,10,70.256712
53.05,10,70.258712
53.05,10,70.261728
53.05,10,70.264713
53.05,10,70.266728
53.05,10,70.266728
53.05,10,70.266728
53.05,10,70.266728
53.05,10,70.266728
53.05,10,70.282513
53.05,10,70.287372
53.05,10,70.289379
53.05,10,70.291385
53.05,10,70.295396
53.05,10,70.298409
53.05,10,70.300415
53.05,10,70.304427
53.05,10,70.306433
53.05,10,70.308439
53.05,10,70.312451
53.05,10,70.316241
53.05,10,70.318247
53.05,10,70.322259
53.05,10,70.324266
53.05,10,70.326272
53.05,10,70.330026
53.05,10,70.332033
53.05,10,70.336044
53.05,10,70.338051
53.05,10,70.342063
53.05,10,70.34407
53.05,10,70.34813
53.05,10,70.35113
53.05,10,70.35413
53.05,10,70.35713
53.05,10,70.360333
53.05,10,70.364302
53.05,10,70.367301
53.05,10,70.370301
53.05,10,70.373301
53.05,10,70.375301
53.05,10,70.378235
53.05,10,70.382247
53.05,10,70.384253
53.05,10,70.388265
53.05,10,70.391277
53.05,10,70.393283
53.05,10,70.397295
53.05,10,70.399301
53.05,10,70.403313
53.05,10,70.405319
53.05,10,70.409073
53.05,10,70.41108
53.05,10,70.415093
53.05,10,70.417099
53.05,10,70.421112
53.05,10,70.42286
53.05,10,70.426873
53.05,10,70.428879
53.05,10,70.432891
53.05,10,70.436404
53.05,10,70.438411
53.05,10,70.442423
53.05,10,70.444429
53.05,10,70.446436
53.05,10,70.450448
53.05,10,70.454202
53.05,10,70.456208
53.05,10,70.460221
53.05,10,70.462228
53.05,10,70.46624
53.05,10,70.468247
53.05,10,70.472192
53.05,10,70.475192
53.05,10,70.478192
53.05,10,70.481192
53.05,10,70.484192
53.05,10,70.484192
53.05,10,70.484192
53.05,10,70.484192
53.05,10,70.484192
53.05,10,70.484192
53.05,10,70.586886
53.05,10,70.589885
53.05,10,70.591885
53.05,10,70.594999
53.05,10,70.597998
53.05,10,70.601043
53.05,10,70.604003
53.05,10,70.606985
53.05,10,70.608987
53.05,10,70.608987
53.05,10,70.608987
53.05,10,70.608987
53.05,10,70.608987
53.05,10,70.624624
53.05,10,70.628154
53.05,10,70.629894
53.05,10,70.629894
53.05,10,70.634893
53.05,10,70.634893
53.05,10,70.642457
53.05,10,70.644462
53.05,10,70.644462
53.05,10,70.644462
53.05,10,70.644462
53.05,10,70.656099
53.05,10,70.656099
53.05,10,70.656099
53.05,10,70.656099
53.05,10,70.656099
53.05,10,70.673367
53.05,10,70.676345
53.05,10,70.679361
53.05,10,70.68236
53.05,10,70.685361
53.05,10,70.688349
53.05,10,70.691348
53.05,10,70.695361
53.05,10,70.697361
53.05,10,70.701361
53.05,10,70.703676
53.05,10,70.706836
53.05,10,70.709855
53.05,10,70.713854
53.05,10,70.716855
53.05,10,70.719847
53.05,10,70.721258
53.05,10,70.72576
53.05,10,70.727412
53.05,10,70.731824
53.05,10,70.734805
53.05,10,70.738066
53.05,10,70.741066
53.05,10,70.741066
53.05,10,70.741066
53.05,10,70.741066
53.05,10,70.741066
53.05,10,70.741066
53.05,10,70.758117
53.05,10,70.762557
53.05,10,70.764565
53.05,10,70.766572
53.05,10,70.770585
53.05,10,70.773597
53.05,10,70.776788
53.05,10,70.779796
53.05,10,70.782793
53.05,10,70.785795
53.05,10,70.787783
53.05,10,70.791784
53.05,10,70.793774
53.05,10,70.796774
53.05,10,70.799773
53.05,10,70.802774
53.05,10,70.80676
53.05,10,70.80676
53.05,10,70.80676
53.05,10,70.80676
53.05,10,70.80676
53.05,10,70.80676
53.05,10,70.822757
53.05,10,70.822757
53.05,10,70.822757
53.05,10,70.822757
53.05,10,70.834791
53.05,10,70.838912
53.05,10,70.838912
53.05,10,70.838912
53.05,10,70.838912
53.05,10,70.838912
53.05,10,70.854728
53.05,10,70.854728
53.05,10,70.854728
53.05,10,70.854728
53.05,10,70.854728
53.05,10,70.854728
53.05,10,70.870867
53.05,10,70.870867
53.05,10,70.870867
53.05,10,70.870867
53.05,10,70.870867
53.05,10,70.886647
53.05,10,70.886647
53.05,10,70.886647
53.05,10,70.978441
53.05,10,70.981454
53.05,10,70.981454
53.05,10,70.981454
53.05,10,70.981454
53.05,10,70.981454
53.05,10,70.997392
53.05,10,70.997392
53.05,10,70.997392
53.05,10,70.997392
53.05,10,70.997392
53.05,10,70.997392
53.05,10,71.01557
53.05,10,71.017965
53.05,10,71.021081
53.05,10,71.024084
53.05,10,71.027073
53.05,10,71.030075
53.05,10,71.031405
53.05,10,71.035076
53.05,10,71.035076
53.05,10,71.035076
53.05,10,71.035076
53.05,10,71.046922
53.05,10,71.046922
53.05,10,71.046922
53.05,10,71.046922
53.05,10,71.046922
53.05,10,71.062752
53.05,10,71.062752
53.05,10,71.062752
53.05,10,71.062752
53.05,10,71.062752
53.05,10,71.078703
53.05,10,71.078703
53.05,10,71.078703
53.05,10,71.078703
53.05,10,71.078703
53.05,10,71.078703
53.05,10,71.097048
53.05,10,71.100046
53.05,10,71.103051
53.05,10,71.106052
53.05,10,71.109051
53.05,10,71.111207
53.05,10,71.114327
53.05,10,71.117314
53.05,10,71.120227
53.05,10,71.124236
53.05,10,71.126557
53.05,10,71.129576
53.05,10,71.132575
53.05,10,71.13614
53.05,10,71.139137
53.05,10,71.141452
53.05,10,71.141452
53.05,10,71.141452
53.05,10,71.141452
53.05,10,71.141452
53.05,10,71.157125
53.05,10,71.157125
53.05,10,71.157125
53.05,10,71.157125
53.05,10,71.157125
53.05,10,71.157125
53.05,10,71.173161
53.05,10,71.173161
53.05,10,71.173161
53.05,10,71.173161
53.05,10,71.173161
53.05,10,71.189295
53.05,10,71.189295
53.05,10,71.189295
53.05,10,71.189295
53.05,10,71.189295
53.05,10,71.205365
53.05,10,71.208085
53.05,10,71.209431
53.05,10,71.209431
53.05,10,71.209431
53.05,10,71.209431
53.05,10,71.223592
53.05,10,71.226687
53.05,10,71.229688
53.05,10,71.232687
53.05,10,71.235193
53.05,10,71.2382
53.05,10,71.241199
53.05,10,71.2442
53.05,10,71.2472
53.05,10,71.250199
53.05,10,71.252199
53.05,10,71.255199
53.05,10,71.2572
53.05,10,71.2572
53.05,10,71.2572
53.05,10,71.2572
53.05,10,71.2572
53.05,10,71.273253
53.05,10,71.275258
53.05,10,71.279004
53.05,10,71.279004
53.05,10,71.360218
53.05,10,71.360218
53.05,10,71.360218
53.05,10,71.376076
53.05,10,71.378091
53.05,10,71.378091
53.05,10,71.378091
53.05,10,71.378091
53.05,10,71.378091
53.05,10,71.392037
53.05,10,71.392037
53.05,10,71.392037
53.05,10,71.392037
53.05,10,71.392037
53.05,10,71.408088
53.05,10,71.408748
53.05,10,71.408748
53.05,10,71.408748
53.05,10,71.408748
53.05,10,71.408748
53.05,10,71.42413
53.05,10,71.42413
53.05,10,71.42413
53.05,10,71.435499
53.05,10,71.435499
53.05,10,71.440135
53.05,10,71.440135
53.045,11,71.440135
53.05,10,71.440135
53.05,10,71.440135
53.05,10,71.456451
53.05,10,71.459566
53.05,10,71.462477
53.05,10,71.465569
53.05,10,71.46857
53.05,10,71.46857
53.05,10,71.46857
53.05,10,71.46857
53.05,10,71.46857
53.05,10,71.46857
53.05,10,71.484558
53.05,10,71.484558
53.05,10,71.484558
53.05,10,71.484558
53.05,10,71.484558
53.05,10,71.500446
53.05,10,71.500446
53.05,10,71.500446
53.05,10,71.500446
53.05,10,71.500446
53.05,10,71.5163
53.05,10,71.5163
53.05,10,71.5163
53.05,10,71.5163
53.05,10,71.5163
53.05,10,71.532244
53.05,10,71.53593
53.05,10,71.53593
53.05,10,71.53593
53.05,10,71.53593
53.05,10,71.53593
53.05,10,71.549263
53.05,10,71.55238
53.05,10,71.55538
53.05,10,71.55838
53.05,10,71.561368
53.05,10,71.564375
53.05,10,71.566377
53.05,10,71.569386
53.05,10,71.57238
53.05,10,71.575374
53.05,10,71.578283
53.05,10,71.581499
53.05,10,71.584484
53.05,10,71.5875
53.05,10,71.590484
53.05,10,71.593486
53.05,10,71.596485
53.05,10,71.599499
53.05,10,71.602499
53.05,10,71.605499
53.05,10,71.6085
53.05,10,71.611865
53.05,10,71.615885
53.05,10,71.618875
53.05,10,71.620885
53.05,10,71.623908
53.05,10,71.627102
53.05,10,71.630115
53.05,10,71.633115
53.05,10,71.636115
53.05,10,71.638681
53.05,10,71.641681
53.05,10,71.644828
53.05,10,71.647828
53.05,10,71.650828
53.05,10,71.65384
53.05,10,71.657147
53.05,10,71.660191
53.05,10,71.663203
53.05,10,71.666203
53.05,10,71.669203
53.05,10,71.740467
53.05,10,71.756138
53.05,10,71.756138
53.05,10,71.756138
53.05,10,71.756138
53.05,10,71.756138
53.05,10,71.756138
53.05,10,71.772198
53.05,10,71.772198
53.05,10,71.772198
53.05,10,71.772198
53.05,10,71.772198
53.05,10,71.788381
53.05,10,71.79039
53.05,10,71.79039
53.05,10,71.79039
53.05,10,71.79039
53.05,10,71.79039
53.05,10,71.804492
53.05,10,71.804492
53.05,10,71.804492
53.05,10,71.804492
53.05,10,71.804492
53.05,10,71.821741
53.05,10,71.824713
53.05,10,71.827702
53.05,10,71.8307
53.05,10,71.8337
53.05,10,71.8367
53.05,10,71.839943
53.05,10,71.84325
53.05,10,71.846249
53.05,10,71.849249
53.05,10,71.852249
53.05,10,71.855249
53.05,10,71.856801
53.05,10,71.856801
53.05,10,71.856801
53.05,10,71.856801
53.05,10,71.856801
53.05,10,71.872145
53.05,10,71.872145
53.05,10,71.872145
53.05,10,71.872145
53.05,10,71.872145
53.05,10,71.887985
53.05,10,71.890356
53.05,10,71.890356
53.05,10,71.890356
53.05,10,71.890356
53.05,10,71.890356
53.05,10,71.906317
53.05,10,71.906317
53.05,10,71.906317
53.05,10,71.906317
53.05,10,71.906317
53.05,10,71.906317
53.05,10,71.926234
53.05,10,71.928241
53.05,10,71.932255
53.05,10,71.934261
53.05,10,71.936774
53.05,10,71.938521
53.05,10,71.938521
53.05,10,71.938521
53.05,10,71.938521
53.05,10,71.938521
53.05,10,71.954695
53.05,10,71.958502
53.05,10,71.960509
53.05,10,71.964521
53.05,10,71.966527
53.05,10,71.968534
53.05,10,71.97054
53.05,10,71.97054
53.05,10,71.97054
53.05,10,71.97054
53.05,10,71.97054
53.05,10,71.987061
53.05,10,71.990194
53.05,10,71.993188
53.05,10,71.996187
53.05,10,71.999176
53.05,10,72.000189
53.05,10,72.000189
53.05,10,72.000189
53.05,10,72.000189
53.05,10,72.000189
53.05,10,72.016037
53.05,10,72.016037
53.05,10,72.016037
53.05,10,72.016037
53.05,10,72.016037
53.05,10,72.016037
53.05,10,72.034292
53.05,10,72.036798
53.05,10,72.040281
53.05,10,72.040281
53.05,10,72.040281
53.05,10,72.048661
53.05,10,72.05301
53.05,10,72.055016
53.05,10,72.059028
53.05,10,72.145843
53.05,10,72.149856
53.05,10,72.151863
53.05,10,72.155877
53.05,10,72.156884
53.05,10,72.156884
53.05,10,72.156884
53.05,10,72.156884
53.05,10,72.172922
53.05,10,72.172922
53.05,10,72.172922
53.05,10,72.172922
53.05,10,72.172922
53.05,10,72.172922
53.05,10,72.189972
53.05,10,72.193085
53.05,10,72.196089
53.05,10,72.199089
53.05,10,72.202089
53.05,10,72.204977
53.05,10,72.207977
53.05,10,72.210993
53.05,10,72.213991
53.05,10,72.216991
53.05,10,72.218992
53.05,10,72.223574
53.05,10,72.226781
53.05,10,72.229765
53.05,10,72.23278
53.05,10,72.23578
53.05,10,72.23799
53.05,10,72.241356
53.05,10,72.244348
53.05,10,72.247332
53.05,10,72.250348
53.05,10,72.253347
53.05,10,72.256352
53.05,10,72.257349
53.05,10,72.257349
53.05,10,72.257349
53.05,10,72.257349
53.05,10,72.257349
53.05,10,72.273133
53.05,10,72.277078
53.05,10,72.28109
53.05,10,72.283097
53.05,10,72.287109
53.05,10,72.288856
53.05,10,72.292881
53.05,10,72.294887
53.05,10,72.296893
53.05,10,72.300905
53.05,10,72.302911
53.05,10,72.308492
53.05,10,72.308492
53.05,10,72.308492
53.05,10,72.308492
53.05,10,72.308492
53.05,10,72.320777
53.05,10,72.320777
53.05,10,72.320777
53.05,10,72.320777
53.05,10,72.320777
53.05,10,72.336981
53.05,10,72.336981
53.05,10,72.336981
53.05,10,72.336981
53.05,10,72.336981
53.05,10,72.336981
53.05,10,72.354183
53.05,10,72.357768
53.05,10,72.360884
53.05,10,72.363878
53.05,10,72.366878
53.05,10,72.369878
53.05,10,72.37288
53.05,10,72.375885
53.05,10,72.378881
53.05,10,72.381878
53.05,10,72.384895
53.05,10,72.386892
53.05,10,72.389874
53.05,10,72.389874
53.05,10,72.389874
53.05,10,72.389874
53.05,10,72.389874
53.05,10,72.389874
53.05,10,72.408566
53.05,10,72.410562
53.05,10,72.413569
53.05,10,72.416567
53.05,10,72.419558
53.05,10,72.42156
53.05,10,72.42156
53.05,10,72.42156
53.05,10,72.42156
53.05,10,72.42156
53.05,10,72.436975
53.05,10,72.436975
53.05,10,72.436975
53.05,10,72.436975
53.05,10,72.436975
53.05,10,72.540534
53.05,10,72.542541
53.05,10,72.544547
53.05,10,72.549567
53.05,10,72.551575
53.05,10,72.555589
53.05,10,72.557596
53.05,10,72.56161
53.05,10,72.563359
53.05,10,72.563359
53.05,10,72.563359
53.05,10,72.563359
53.05,10,72.563359
53.05,10,72.579592
53.05,10,72.579592
53.05,10,72.579592
53.05,10,72.579592
53.05,10,72.579592
53.05,10,72.579592
53.05,10,72.595824
53.05,10,72.595824
53.05,10,72.595824
53.05,10,72.595824
53.05,10,72.595824
53.05,10,72.612041
53.05,10,72.614796
53.05,10,72.617237
53.05,10,72.617237
53.05,10,72.617237
53.05,10,72.617237
53.05,10,72.629047
53.05,10,72.632055
53.05,10,72.635055
53.05,10,72.637604
53.05,10,72.640633
53.05,10,72.641632
53.05,10,72.641632
53.05,10,72.641632
53.05,10,72.641632
53.05,10,72.641632
53.05,10,72.658671
53.05,10,72.669123
53.05,10,72.671129
53.05,10,72.67514
53.05,10,72.677143
53.05,10,72.677143
53.05,10,72.677143
53.05,10,72.677143
53.05,10,72.690892
53.05,10,72.69389
53.05,10,72.696889
53.05,10,72.699892
53.05,10,72.702896
53.05,10,72.705892
53.05,10,72.707893
53.05,10,72.707893
53.05,10,72.707893
53.05,10,72.707893
53.05,10,72.707893
53.05,10,72.72359
53.05,10,72.728837
53.05,10,72.731837
53.05,10,72.734827
53.05,10,72.73747
53.05,10,72.740916
53.05,10,72.743923
53.05,10,72.746923
53.05,10,72.749923
53.05,10,72.752923
53.05,10,72.75603
53.05,10,72.756968
53.05,10,72.756968
53.05,10,72.756968
53.05,10,72.756968
53.05,10,72.756968
53.05,10,72.772736
53.05,10,72.774792
53.05,10,72.778805
53.05,10,72.780811
53.05,10,72.782817
53.05,10,72.786829
53.05,10,72.788577
53.05,10,72.792589
53.05,10,72.794595
53.05,10,72.798607
53.05,10,72.800614
53.05,10,72.80262
53.05,10,72.804941
53.05,10,72.804941
53.05,10,72.804941
53.05,10,72.804941
53.05,10,72.820411
53.05,10,72.823282
53.05,10,72.825289
53.05,10,72.829302
53.05,10,72.831308
53.05,10,72.835321
53.05,10,72.837333
53.05,10,72.841346
53.05,10,72.843352
53.05,10,72.845359
53.05,10,72.849374
53.05,10,72.92473
53.05,10,72.937504
53.05,10,72.940519
53.05,10,72.944535
53.05,10,72.94855
53.05,10,72.950557
53.05,10,72.954571
53.05,10,72.956319
53.05,10,72.956319
53.05,10,72.956319
53.05,10,72.956319
53.05,10,72.956319
53.05,10,72.972013
53.05,10,72.972013
53.05,10,72.972013
53.05,10,72.972013
53.05,10,72.972013
53.05,10,72.988063
53.05,10,72.990018
53.05,10,72.993765
53.05,10,72.995504
53.05,10,72.995504
53.05,10,72.995504
53.05,10,73.004074
53.05,10,73.004074
53.05,10,73.004074
53.05,10,73.004074
53.05,10,73.004074
53.05,10,73.020145
53.05,10,73.020145
53.05,10,73.020145
53.05,10,73.020145
53.05,10,73.020145
53.05,10,73.020145
53.05,10,73.037758
53.05,10,73.039768
53.05,10,73.04379
53.05,10,73.045556
53.05,10,73.049021
53.05,10,73.052536
53.05,10,73.055665
53.05,10,73.058661
53.05,10,73.061671
53.05,10,73.062648
53.05,10,73.062648
53.05,10,73.062648
53.05,10,73.062648
53.05,10,73.062648
53.05,10,73.078475
53.05,10,73.078475
53.05,10,73.078475
53.05,10,73.078475
53.05,10,73.078475
53.05,10,73.094293
53.05,10,73.09682
53.05,10,73.100213
53.05,10,73.10247
53.05,10,73.104751
53.05,10,73.104751
53.05,10,73.110325
53.05,10,73.110325
53.05,10,73.110325
53.05,10,73.110325
53.05,10,73.110325
53.05,10,73.126533
53.05,10,73.129908
53.05,10,73.132911
53.05,10,73.135901
53.05,10,73.138518
53.05,10,73.141809
53.05,10,73.144804
53.05,10,73.1478
53.05,10,73.151312
53.05,10,73.153327
53.05,10,73.15633
53.05,10,73.159506
53.05,10,73.163012
53.05,10,73.166005
53.05,10,73.169003
53.05,10,73.172007
53.05,10,73.172007
53.05,10,73.172007
53.05,10,73.172007
53.05,10,73.172007
53.05,10,73.172007
53.05,10,73.190325
53.05,10,73.191363
53.05,10,73.197087
53.05,10,73.199093
53.05,10,73.2011
53.05,10,73.205112
53.05,10,73.208918
53.05,10,73.210918
53.05,10,73.214014
53.05,10,73.217036
53.05,10,73.220025
53.05,10,73.222032
53.05,10,73.225832
53.05,10,73.22883
53.05,10,73.23183
53.05,10,73.23483
53.05,10,73.23683
53.05,10,73.240579
53.05,10,73.326473
53.05,10,73.32848
53.05,10,73.329986
53.05,10,73.329986
53.05,10,73.338287
53.05,10,73.338287
53.05,10,73.338287
53.05,10,73.345738
53.05,10,73.345738
53.05,10,73.345738
53.05,10,73.345738
53.05,10,73.345738
53.05,10,73.361634
53.05,10,73.361634
53.05,10,73.361634
53.05,10,73.361634
53.05,10,73.361634
53.05,10,73.361634
53.05,10,73.379252
53.05,10,73.382349
53.05,10,73.385358
53.05,10,73.388364
53.05,10,73.390363
53.05,10,73.390363
53.05,10,73.390363
53.05,10,73.390363
53.05,10,73.390363
53.05,10,73.406353
53.05,10,73.407528
53.05,10,73.412265
53.05,10,73.416011
53.05,10,73.417753
53.05,10,73.421233
53.05,10,73.425597
53.05,10,73.428595
53.05,10,73.431643
53.05,10,73.43472
53.05,10,73.436715
53.05,10,73.440332
53.05,10,73.442925
53.05,10,73.445925
53.05,10,73.448933
53.05,10,73.45193
53.05,10,73.454917
53.05,10,73.456837
53.05,10,73.456837
53.05,10,73.456837
53.05,10,73.456837
53.05,10,73.456837
53.05,10,73.47272
53.05,10,73.47624
53.05,10,73.479244
53.05,10,73.482249
53.05,10,73.485372
53.05,10,73.488373
53.05,10,73.491369
53.05,10,73.494365
53.05,10,73.497374
53.05,10,73.500377
53.05,10,73.500377
53.05,10,73.500377
53.05,10,73.500377
53.05,10,73.500377
53.05,10,73.500377
53.05,10,73.516337
53.05,10,73.516337
53.05,10,73.516337
53.05,10,73.516337
53.05,10,73.516337
53.05,10,73.532583
53.05,10,73.532583
53.05,10,73.538717
53.05,10,73.538717
53.05,10,73.538717
53.05,10,73.538717
53.05,10,73.548343
53.05,10,73.548343
53.05,10,73.548343
53.05,10,73.548343
53.05,10,73.548343
53.05,10,73.564399
53.05,10,73.564399
53.05,10,73.564399
53.05,10,73.564399
53.05,10,73.564399
53.05,10,73.580379
53.05,10,73.580379
53.05,10,73.580379
53.05,10,73.580379
53.05,10,73.580379
53.05,10,73.580379
53.05,10,73.59878
53.05,10,73.601781
53.05,10,73.604789
53.05,10,73.607785
53.05,10,73.609789
53.05,10,73.613862
53.05,10,73.616064
53.05,10,73.618977
53.05,10,73.621967
53.05,10,73.625083
53.05,10,73.627279
53.05,10,73.718108
53.05,10,73.721107
53.05,10,73.724527
53.05,10,73.727503
53.05,10,73.730502
53.05,10,73.733504
53.05,10,73.735503
53.05,10,73.738488
53.05,10,73.74077
53.05,10,73.74077
53.05,10,73.74077
53.05,10,73.74077
53.05,10,73.74077
53.05,10,73.756663
53.05,10,73.756663
53.05,10,73.76119
53.05,10,73.763195
53.05,10,73.763195
53.05,10,73.763195
53.05,10,73.772828
53.05,10,73.772828
53.05,10,73.772828
53.05,10,73.772828
53.05,10,73.772828
53.05,10,73.788859
53.05,10,73.788859
53.05,10,73.788859
53.05,10,73.788859
53.05,10,73.788859
53.05,10,73.804627
53.05,10,73.804627
53.05,10,73.804627
53.05,10,73.804627
53.05,10,73.804627
53.05,10,73.804627
53.05,10,73.822044
53.05,10,73.825264
53.05,10,73.828267
53.05,10,73.828267
53.05,10,73.828267
53.05,10,73.828267
53.05,10,73.83939
53.05,10,73.83939
53.05,10,73.844018
53.05,10,73.844018
53.05,10,73.844018
53.05,10,73.844018
53.05,10,73.844018
53.05,10,73.859783
53.05,10,73.865888
53.05,10,73.867894
53.05,10,73.8699
53.05,10,73.873913
53.05,10,73.87566
53.05,10,73.87566
53.05,10,73.87566
53.05,10,73.87566
53.05,10,73.87566
53.05,10,73.87566
53.05,10,73.891727
53.05,10,73.891727
53.05,10,73.891727
53.05,10,73.891727
53.05,10,73.891727
53.05,10,73.907729
53.05,10,73.907729
53.05,10,73.907729
53.05,10,73.907729
53.05,10,73.907729
53.05,10,73.907729
53.05,10,73.92639
53.05,10,73.929389
53.05,10,73.932387
53.05,10,73.935379
53.05,10,73.937382
53.05,10,73.939021
53.05,10,73.939021
53.05,10,73.939021
53.05,10,73.939021
53.05,10,73.953196
53.05,10,73.958135
53.05,10,73.96113
53.05,10,73.96413
53.05,10,73.96713
53.05,10,73.96913
53.05,10,73.973129
53.05,10,73.976501
53.05,10,73.979501
53.05,10,73.982501
53.05,10,73.9845
53.05,10,73.987501
53.05,10,73.990501
53.05,10,73.990501
53.05,10,73.990501
53.05,10,73.990501
53.05,10,73.990501
53.05,10,73.990501
53.05,10,74.008706
53.05,10,74.010712
53.05,10,74.012718
53.05,10,74.016735
53.05,10,74.018741
53.05,10,74.020747
53.05,10,74.106432
53.05,10,74.110445
53.05,10,74.112453
53.05,10,74.116468
53.05,10,74.120483
53.05,10,74.124497
53.05,10,74.126245
53.05,10,74.13026
53.05,10,74.132267
53.05,10,74.13628
53.05,10,74.139293
53.05,10,74.143746
53.05,10,74.146745
53.05,10,74.149745
53.05,10,74.152752
53.05,10,74.155742
53.05,10,74.156751
53.05,10,74.156751
53.05,10,74.156751
53.05,10,74.156751
53.05,10,74.156751
53.05,10,74.172755
53.05,10,74.172755
53.05,10,74.172755
53.05,10,74.172755
53.05,10,74.172755
53.05,10,74.190822
53.05,10,74.192861
53.05,10,74.196872
53.05,10,74.198879
53.05,10,74.202891
53.05,10,74.204898
53.05,10,74.208651
53.05,10,74.210658
53.05,10,74.214671
53.05,10,74.216677
53.05,10,74.22069
53.05,10,74.223611
53.05,10,74.226732
53.05,10,74.229728
53.05,10,74.232731
53.05,10,74.235731
53.05,10,74.237726
53.05,10,74.240779
53.05,10,74.243895
53.05,10,74.246909
53.05,10,74.249915
53.05,10,74.252908
53.05,10,74.2558
53.05,10,74.258799
53.05,10,74.2618
53.05,10,74.264799
53.05,10,74.2658
53.05,10,74.2658
53.05,10,74.2658
53.05,10,74.2658
53.05,10,74.2658
53.05,10,74.281635
53.05,10,74.284221
53.05,10,74.288234
53.05,10,74.29024
53.05,10,74.294253
53.05,10,74.296259
53.05,10,74.299771
53.05,10,74.301777
53.05,10,74.30579
53.05,10,74.307796
53.05,10,74.309802
53.05,10,74.313555
53.05,10,74.315561
53.05,10,74.319574
53.05,10,74.32158
53.05,10,74.325593
53.05,10,74.3276
53.05,10,74.331354
53.05,10,74.33336
53.05,10,74.337374
53.05,10,74.339381
53.05,10,74.343394
53.05,10,74.345141
53.05,10,74.349158
53.05,10,74.351164
53.05,10,74.355176
53.05,10,74.357182
53.05,10,74.360936
53.05,10,74.364216
53.05,10,74.367216
53.05,10,74.370218
53.05,10,74.373217
53.05,10,74.375217
53.05,10,74.379766
53.05,10,74.381772
53.05,10,74.385788
53.05,10,74.387794
53.05,10,74.391306
53.05,10,74.393312
53.05,10,74.397324
53.05,10,74.399331
53.05,10,74.403343
53.05,10,74.40535
53.05,10,74.409103
53.05,10,74.41111
53.05,10,74.504572
53.05,10,74.507572
53.05,10,74.507572
53.05,10,74.507572
53.05,10,74.507572
53.05,10,74.507572
53.05,10,74.507572
53.05,10,74.523425
53.05,10,74.527166
53.05,10,74.52917
53.05,10,74.52917
53.05,10,74.52917
53.05,10,74.539513
53.05,10,74.539513
53.05,10,74.539513
53.05,10,74.539513
53.05,10,74.539513
53.05,10,74.539513
53.05,10,74.555658
53.05,10,74.555658
53.05,10,74.555658
53.05,10,74.555658
53.05,10,74.555658
53.05,10,74.572931
53.05,10,74.576048
53.05,10,74.579047
53.05,10,74.581244
53.05,10,74.584242
53.05,10,74.587242
53.05,10,74.59024
53.05,10,74.593238
53.05,10,74.59423
53.05,10,74.59423
53.05,10,74.59423
53.05,10,74.59423
53.05,10,74.59423
53.05,10,74.61244
53.05,10,74.615077
53.05,10,74.618762
53.05,10,74.619812
53.05,10,74.623824
53.05,10,74.62583
53.05,10,74.629686
53.05,10,74.633747
53.05,10,74.633747
53.05,10,74.633747
53.05,10,74.641798
53.05,10,74.644267
53.05,10,74.647272
53.05,10,74.650268
53.05,10,74.653264
53.05,10,74.656269
53.05,10,74.658413
53.05,10,74.661405
53.05,10,74.664412
53.05,10,74.667409
53.05,10,74.670416
53.05,10,74.673592
53.05,10,74.676601
53.05,10,74.679595
53.05,10,74.682596
53.05,10,74.685603
53.05,10,74.688758
53.05,10,74.691641
53.05,10,74.694643
53.05,10,74.697643
53.05,10,74.700642
53.05,10,74.703644
53.05,10,74.706649
53.05,10,74.707643
53.05,10,74.712329
53.05,10,74.716342
53.05,10,74.718348
53.05,10,74.724557
53.05,10,74.726679
53.05,10,74.729669
53.05,10,74.732676
53.05,10,74.735671
53.05,10,74.738677
53.05,10,74.741695
53.05,10,74.74376
53.05,10,74.74676
53.05,10,74.749757
53.05,10,74.752764
53.05,10,74.755767
53.05,10,74.756658
53.05,10,74.756658
53.05,10,74.756658
53.05,10,74.756658
53.05,10,74.756658
53.05,10,74.772714
53.05,10,74.772714
53.05,10,74.772714
53.05,10,74.772714
53.05,10,74.772714
53.05,10,74.772714
53.05,10,74.789807
53.05,10,74.793556
53.05,10,74.795561
53.05,10,74.795561
53.05,10,74.795561
53.05,10,74.804791
53.05,10,74.893493
53.05,10,74.900976
53.05,10,74.902982
53.05,10,74.906997
53.05,10,74.909003
53.05,10,74.913018
53.05,10,74.916773
53.05,10,74.91878
53.05,10,74.922794
53.05,10,74.924801
53.05,10,74.928815
53.05,10,74.930563
53.05,10,74.930563
53.05,10,74.939845
53.05,10,74.939845
53.05,10,74.946556
53.05,10,74.946556
53.05,10,74.946556
53.05,10,74.946556
53.05,10,74.946556
53.05,10,74.946556
53.05,10,74.96248
53.05,10,74.96248
53.05,10,74.970603
53.05,10,74.972614
53.05,10,74.976627
53.05,10,74.978374
53.05,10,74.978374
53.05,10,74.978374
53.05,10,74.978374
53.05,10,74.978374
53.05,10,74.995275
53.05,10,74.995772
53.05,10,74.995772
53.05,10,74.995772
53.05,10,75.006882
53.05,10,75.010002
53.05,10,75.012996
53.05,10,75.016001
53.05,10,75.017995
53.05,10,75.021008
53.05,10,75.024064
53.05,10,75.02821
53.05,10,75.03021
53.05,10,75.03321
53.05,10,75.03621
53.05,10,75.03921
53.05,10,75.043057
53.05,10,75.045063
53.05,10,75.04707
53.05,10,75.051082
53.05,10,75.053089
53.05,10,75.056102
53.05,10,75.060116
53.05,10,75.062122
53.05,10,75.066135
53.05,10,75.068141
53.05,10,75.071896
53.05,10,75.073903
53.05,10,75.077916
53.05,10,75.079923
53.05,10,75.083937
53.05,10,75.087692
53.05,10,75.087692
53.05,10,75.087692
53.05,10,75.087692
53.05,10,75.087692
53.05,10,75.103727
53.05,10,75.103727
53.05,10,75.103727
53.05,10,75.103727
53.05,10,75.103727
53.05,10,75.119893
53.05,10,75.121921
53.05,10,75.124921
53.05,10,75.127928
53.05,10,75.130943
53.05,10,75.133943
53.05,10,75.13693
53.05,10,75.138931
53.05,10,75.142656
53.05,10,75.145654
53.05,10,75.148659
53.05,10,75.151537
53.05,10,75.153637
53.05,10,75.156649
53.05,10,75.156649
53.05,10,75.156649
53.05,10,75.156649
53.05,10,75.156649
53.05,10,75.156649
53.05,10,75.172475
53.05,10,75.172475
53.05,10,75.172475
53.05,10,75.172475
53.05,10,75.172475
53.05,10,75.188722
53.05,10,75.191627
53.05,10,75.194733
53.05,10,75.196743
53.05,10,75.199728
53.05,10,75.20274
53.05,10,75.205748
53.05,10,75.293917
53.05,10,75.295924
53.05,10,75.299938
53.05,10,75.301945
53.05,10,75.30496
53.05,10,75.308973
53.05,10,75.312986
53.05,10,75.314993
53.05,10,75.319007
53.05,10,75.323107
53.05,10,75.326112
53.05,10,75.328112
53.05,10,75.328112
53.05,10,75.328112
53.05,10,75.340901
53.05,10,75.344337
53.05,10,75.344337
53.05,10,75.344337
53.05,10,75.344337
53.05,10,75.344337
53.05,10,75.344337
53.05,10,75.359995
53.05,10,75.359995
53.05,10,75.359995
53.05,10,75.359995
53.05,10,75.359995
53.05,10,75.375952
53.05,10,75.387844
53.05,10,75.391597
53.05,10,75.391597
53.05,10,75.391597
53.05,10,75.391597
53.05,10,75.391597
53.05,10,75.391597
53.05,10,75.407323
53.05,10,75.407323
53.05,10,75.407323
53.05,10,75.407323
53.05,10,75.407323
53.05,10,75.423082
53.05,10,75.425552
53.05,10,75.428665
53.05,10,75.431657
53.05,10,75.434668
53.05,10,75.436671
53.05,10,75.437664
53.05,10,75.442416
53.05,10,75.446445
53.05,10,75.449283
53.05,10,75.451292
53.05,10,75.45568
53.05,10,75.458105
53.05,10,75.463556
53.05,10,75.465564
53.05,10,75.46902
53.05,10,75.46902
53.05,10,75.46902
53.05,10,75.46902
53.05,10,75.46902
53.05,10,75.485259
53.05,10,75.489043
53.05,10,75.49105
53.05,10,75.495063
53.05,10,75.497069
53.05,10,75.499076
53.05,10,75.503088
53.05,10,75.505095
53.05,10,75.509107
53.05,10,75.511114
53.05,10,75.515127
53.05,10,75.516875
53.05,10,75.520888
53.05,10,75.522895
53.05,10,75.526909
53.05,10,75.528915
53.05,10,75.532671
53.05,10,75.535988
53.05,10,75.539052
53.05,10,75.541595
53.05,10,75.544712
53.05,10,75.547716
53.05,10,75.550704
53.05,10,75.553697
53.05,10,75.556648
53.05,10,75.559342
53.05,10,75.562344
53.05,10,75.565343
53.05,10,75.567338
53.05,10,75.570343
53.05,10,75.573316
53.05,10,75.574336
53.05,10,75.574336
53.05,10,75.574336
53.05,10,75.574336
53.05,10,75.574336
53.05,10,75.59045
53.05,10,75.59045
53.05,10,75.59045
53.05,10,75.59045
53.05,10,75.59045
53.05,10,75.606256
53.05,10,75.610106
53.05,10,75.690619
53.05,10,75.690619
53.05,10,75.690619
53.05,10,75.708647
53.05,10,75.711664
53.05,10,75.714663
53.05,10,75.717662
53.05,10,75.720744
53.05,10,75.723648
53.05,10,75.727068
53.05,10,75.731078
53.05,10,75.734156
53.05,10,75.737081
53.05,10,75.739988
53.05,10,75.741492
53.05,10,75.741492
53.05,10,75.741492
53.05,10,75.741492
53.05,10,75.741492
53.05,10,75.757441
53.05,10,75.757441
53.05,10,75.757441
53.05,10,75.757441
53.05,10,75.757441
53.05,10,75.773529
53.05,10,75.773529
53.05,10,75.773529
53.05,10,75.773529
53.05,10,75.773529
53.05,10,75.789343
53.05,10,75.789343
53.05,10,75.789343
53.05,10,75.789343
53.05,10,75.789343
53.05,10,75.805215
53.05,10,75.805215
53.05,10,75.805215
53.05,10,75.805215
53.05,10,75.805215
53.05,10,75.805215
53.05,10,75.821001
53.05,10,75.821001
53.05,10,75.821001
53.05,10,75.821001
53.05,10,75.821001
53.05,10,75.83682
53.05,10,75.83682
53.05,10,75.841656
53.05,10,75.841656
53.05,10,75.841656
53.05,10,75.841656
53.05,10,75.854323
53.05,10,75.857334
53.05,10,75.859331
53.05,10,75.859331
53.05,10,75.859331
53.05,10,75.859331
53.05,10,75.859331
53.05,10,75.859331
53.05,10,75.875417
53.05,10,75.875417
53.05,10,75.875417
53.05,10,75.875417
53.05,10,75.875417
53.05,10,75.891242
53.05,10,75.891242
53.05,10,75.891242
53.05,10,75.891242
53.05,10,75.891242
53.05,10,75.891242
53.05,10,75.907225
53.05,10,75.907225
53.05,10,75.907225
53.05,10,75.907225
53.05,10,75.907225
53.05,10,75.923125
53.05,10,75.923125
53.05,10,75.923125
53.05,10,75.923125
53.05,10,75.923125
53.05,10,75.938985
53.05,10,75.941808
53.05,10,75.941808
53.05,10,75.941808
53.05,10,75.941808
53.05,10,75.941808
53.05,10,75.956267
53.05,10,75.959379
53.05,10,75.96238
53.05,10,75.965373
53.05,10,75.968386
53.05,10,75.969383
53.05,10,75.969383
53.05,10,75.969383
53.05,10,75.969383
53.05,10,75.969383
53.05,10,75.985168
53.05,10,75.985168
53.05,10,75.985168
53.05,10,75.985168
53.05,10,75.985168
53.05,10,76.001101
53.05,10,76.001101
53.05,10,76.090737
53.05,10,76.090737
53.05,10,76.090737
53.05,10,76.090737
53.05,10,76.090737
53.05,10,76.090737
53.05,10,76.106848
53.05,10,76.106848
53.05,10,76.106848
53.05,10,76.106848
53.05,10,76.106848
53.05,10,76.122837
53.05,10,76.126615
53.05,10,76.128618
53.05,10,76.128618
53.05,10,76.128618
53.05,10,76.13891
53.05,10,76.142159
53.05,10,76.142159
53.05,10,76.142159
53.05,10,76.142159
53.05,10,76.142159
53.05,10,76.157378
53.05,10,76.160384
53.05,10,76.163385
53.05,10,76.166383
53.05,10,76.169377
53.05,10,76.172378
53.05,10,76.175528
53.05,10,76.17852
53.05,10,76.181519
53.05,10,76.184527
53.05,10,76.187409
53.05,10,76.190115
53.05,10,76.194163
53.05,10,76.196163
53.05,10,76.199162
53.05,10,76.202163
53.05,10,76.205163
53.05,10,76.209325
53.05,10,76.211326
53.05,10,76.214326
53.05,10,76.217325
53.05,10,76.220325
53.05,10,76.223685
53.05,10,76.227196
53.05,10,76.229202
53.05,10,76.231209
53.05,10,76.235222
53.05,10,76.237229
53.05,10,76.240984
53.05,10,76.243996
53.05,10,76.24801
53.05,10,76.250017
53.05,10,76.25403
53.05,10,76.255037
53.05,10,76.255037
53.05,10,76.255037
53.05,10,76.255037
53.05,10,76.255037
53.05,10,76.272645
53.05,10,76.275644
53.05,10,76.278644
53.05,10,76.281894
53.05,10,76.284912
53.05,10,76.287911
53.05,10,76.290912
53.05,10,76.292912
53.05,10,76.295912
53.05,10,76.296911
53.05,10,76.296911
53.05,10,76.296911
53.05,10,76.296911
53.05,10,76.296911
53.05,10,76.312743
53.05,10,76.317223
53.05,10,76.31923
53.05,10,76.321235
53.05,10,76.325247
53.05,10,76.327254
53.05,10,76.330768
53.05,10,76.332774
53.05,10,76.33681
53.05,10,76.338816
53.05,10,76.342328
53.05,10,76.344334
53.05,10,76.348347
53.05,10,76.350354
53.05,10,76.354366
53.05,10,76.356372
53.05,10,76.360125
53.05,10,76.362132
53.05,10,76.364138
53.05,10,76.36815
53.05,10,76.370157
53.05,10,76.374169
53.05,10,76.377926
53.05,10,76.379932
53.05,10,76.381939
53.05,10,76.385951
53.05,10,76.387957
53.05,10,76.391711
53.05,10,76.485114
53.05,10,76.487121
53.05,10,76.491135
53.05,10,76.495151
53.05,10,76.497159
53.05,10,76.502192
53.05,10,76.505206
53.05,10,76.508205
53.05,10,76.510205
53.05,10,76.513205
53.05,10,76.515206
53.05,10,76.515206
53.05,10,76.515206
53.05,10,76.515206
53.05,10,76.515206
53.05,10,76.515206
53.05,10,76.531024
53.05,10,76.531024
53.05,10,76.531024
53.05,10,76.542213
53.05,10,76.542213
53.05,10,76.546901
53.05,10,76.546901
53.05,10,76.546901
53.05,10,76.546901
53.05,10,76.546901
53.05,10,76.562599
53.05,10,76.562599
53.05,10,76.562599
53.05,10,76.562599
53.05,10,76.562599
53.05,10,76.562599
53.05,10,76.580022
53.05,10,76.58255
53.05,10,76.586556
53.05,10,76.588299
53.05,10,76.593134
53.05,10,76.595199
53.05,10,76.598208
53.05,10,76.601198
53.05,10,76.604202
53.05,10,76.60813
53.05,10,76.611131
53.05,10,76.614234
53.05,10,76.617247
53.05,10,76.620238
53.05,10,76.623246
53.05,10,76.625237
53.05,10,76.629066
53.05,10,76.631969
53.05,10,76.635083
53.05,10,76.638085
53.05,10,76.641073
53.05,10,76.644092
53.05,10,76.647203
53.05,10,76.649208
53.05,10,76.652195
53.05,10,76.655241
53.05,10,76.656204
53.05,10,76.656204
53.05,10,76.656204
53.05,10,76.656204
53.05,10,76.656204
53.05,10,76.672377
53.05,10,76.672377
53.05,10,76.672377
53.05,10,76.672377
53.05,10,76.672377
53.05,10,76.688236
53.05,10,76.691114
53.05,10,76.691114
53.05,10,76.697695
53.05,10,76.699702
53.05,10,76.701708
53.05,10,76.705722
53.05,10,76.708923
53.05,10,76.711925
53.05,10,76.714908
53.05,10,76.717904
53.05,10,76.720909
53.05,10,76.723739
53.05,10,76.725914
53.05,10,76.729014
53.05,10,76.732028
53.05,10,76.735021
53.05,10,76.738022
53.05,10,76.740577
53.05,10,76.74936
53.05,10,76.755057
53.05,10,76.757923
53.05,10,76.757923
53.05,10,76.757923
53.05,10,76.757923
53.05,10,76.757923
53.05,10,76.757923
53.05,10,76.774052
53.05,10,76.774052
53.05,10,76.774052
53.05,10,76.774052
53.05,10,76.774052
53.05,10,76.790132
53.05,10,76.790132
53.05,10,76.868814
53.05,10,76.884512
53.05,10,76.884512
53.05,10,76.884512
53.05,10,76.884512
53.05,10,76.884512
53.05,10,76.884512
53.05,10,76.900571
53.05,10,76.904595
53.05,10,76.906605
53.05,10,76.910625
53.05,10,76.912636
53.05,10,76.916398
53.05,10,76.916398
53.05,10,76.916398
53.05,10,76.916398
53.05,10,76.916398
53.05,10,76.916398
53.05,10,76.935026
53.05,10,76.938025
53.05,10,76.938025
53.05,10,76.942395
53.05,10,76.942395
53.05,10,76.942395
53.05,10,76.942395
53.05,10,76.954054
53.05,10,76.958183
53.05,10,76.962196
53.05,10,76.964202
53.05,10,76.966208
53.05,10,76.969962
53.05,10,76.969962
53.05,10,76.969962
53.05,10,76.969962
53.05,10,76.969962
53.05,10,76.969962
53.05,10,76.988149
53.05,10,76.990151
53.05,10,76.993899
53.05,10,76.997347
53.05,10,76.997347
53.05,10,77.002167
53.05,10,77.002167
53.05,10,77.002167
53.05,10,77.002167
53.05,10,77.002167
53.05,10,77.018228
53.05,10,77.018228
53.05,10,77.018228
53.05,10,77.018228
53.05,10,77.018228
53.05,10,77.018228
53.05,10,77.036026
53.05,10,77.038982
53.05,10,77.040986
53.05,10,77.044715
53.05,10,77.04772
53.05,10,77.04772
53.05,10,77.04772
53.05,10,77.04772
53.05,10,77.04772
53.05,10,77.04772
53.05,10,77.063558
53.05,10,77.063558
53.05,10,77.063558
53.05,10,77.063558
53.05,10,77.063558
53.05,10,77.079772
53.05,10,77.079772
53.05,10,77.079772
53.05,10,77.079772
53.05,10,77.079772
53.05,10,77.095594
53.05,10,77.095594
53.05,10,77.095594
53.05,10,77.095594
53.05,10,77.095594
53.05,10,77.095594
53.05,10,77.113104
53.05,10,77.115866
53.05,10,77.120047
53.05,10,77.122054
53.05,10,77.125508
53.05,10,77.128622
53.05,10,77.131618
53.05,10,77.134619
53.05,10,77.137616
53.05,10,77.140508
53.05,10,77.143235
53.05,10,77.146344
53.05,10,77.149342
53.05,10,77.151356
53.05,10,77.155728
53.05,10,77.157614
53.05,10,77.157614
53.05,10,77.157614
53.05,10,77.157614
53.05,10,77.157614
53.05,10,77.17367
53.05,10,77.17367
53.05,10,77.17367
53.05,10,77.17367
53.05,10,77.17367
53.05,10,77.273719
53.05,10,77.273719
53.05,10,77.273719
53.05,10,77.281631
53.05,10,77.281631
53.05,10,77.281631
53.05,10,77.281631
53.05,10,77.281631
53.05,10,77.297699
53.05,10,77.297699
53.05,10,77.297699
53.05,10,77.297699
53.05,10,77.297699
53.05,10,77.297699
53.05,10,77.313903
53.05,10,77.313903
53.05,10,77.313903
53.05,10,77.313903
53.05,10,77.313903
53.05,10,77.330074
53.05,10,77.330074
53.05,10,77.330074
53.05,10,77.330074
53.05,10,77.330074
53.05,10,77.342819
53.05,10,77.348336
53.05,10,77.351253
53.05,10,77.354262
53.05,10,77.357254
53.05,10,77.360254
53.05,10,77.36419
53.05,10,77.367829
53.05,10,77.371286
53.05,10,77.374627
53.05,10,77.375626
53.05,10,77.375626
53.05,10,77.375626
53.05,10,77.375626
53.05,10,77.375626
53.05,10,77.39156
53.05,10,77.39156
53.05,10,77.39156
53.05,10,77.39156
53.05,10,77.39156
53.05,10,77.407414
53.05,10,77.407414
53.05,10,77.407414
53.05,10,77.407414
53.05,10,77.407414
53.05,10,77.407414
53.05,10,77.42327
53.05,10,77.42327
53.05,10,77.42327
53.05,10,77.42327
53.05,10,77.42327
53.05,10,77.439505
53.05,10,77.443229
53.05,10,77.443229
53.05,10,77.443229
53.05,10,77.443229
53.05,10,77.455365
53.05,10,77.45929
53.05,10,77.461297
53.05,10,77.465309
53.05,10,77.467315
53.05,10,77.469321
53.05,10,77.473356
53.05,10,77.476355
53.05,10,77.479356
53.05,10,77.482355
53.05,10,77.484361
53.05,10,77.484361
53.05,10,77.484361
53.05,10,77.484361
53.05,10,77.484361
53.05,10,77.484361
53.05,10,77.500193
53.05,10,77.500193
53.05,10,77.500193
53.05,10,77.500193
53.05,10,77.500193
53.05,10,77.516405
53.05,10,77.516405
53.05,10,77.516405
53.05,10,77.516405
53.05,10,77.516405
53.05,10,77.516405
53.05,10,77.534559
53.05,10,77.536561
53.05,10,77.538564
53.05,10,77.543484
53.05,10,77.543484
53.05,10,77.548784
53.05,10,77.548784
53.05,10,77.548784
53.05,10,77.548784
53.05,10,77.548784
53.05,10,77.548784
53.05,10,77.564947
53.05,10,77.564947
53.05,10,77.564947
53.05,10,77.564947
53.05,10,77.666278
53.05,10,77.669278
53.05,10,77.671279
53.05,10,77.675278
53.05,10,77.678278
53.05,10,77.681279
53.05,10,77.684278
53.05,10,77.688278
53.05,10,77.691277
53.05,10,77.694278
53.05,10,77.698278
53.05,10,77.701278
53.05,10,77.703278
53.05,10,77.707856
53.05,10,77.709844
53.05,10,77.712843
53.05,10,77.715843
53.05,10,77.718856
53.05,10,77.721843
53.05,10,77.724629
53.05,10,77.727645
53.05,10,77.729667
53.05,10,77.732666
53.05,10,77.735651
53.05,10,77.738667
53.05,10,77.740651
53.05,10,77.743979
53.05,10,77.743979
53.05,10,77.743979
53.05,10,77.743979
53.05,10,77.743979
53.05,10,77.759042
53.05,10,77.761048
53.05,10,77.76506
53.05,10,77.767066
53.05,10,77.769072
53.05,10,77.772825
53.05,10,77.772825
53.05,10,77.772825
53.05,10,77.772825
53.05,10,77.772825
53.05,10,77.772825
53.05,10,77.789043
53.05,10,77.789043
53.05,10,77.789043
53.05,10,77.789043
53.05,10,77.789043
53.05,10,77.805196
53.05,10,77.806618
53.05,10,77.806618
53.05,10,77.806618
53.05,10,77.806618
53.05,10,77.806618
53.05,10,77.821377
53.05,10,77.821377
53.05,10,77.821377
53.05,10,77.821377
53.05,10,77.821377
53.05,10,77.837387
53.05,10,77.837387
53.05,10,77.837387
53.05,10,77.844029
53.05,10,77.844029
53.05,10,77.844029
53.05,10,77.853364
53.05,10,77.853364
53.05,10,77.853364
53.05,10,77.853364
53.05,10,77.853364
53.05,10,77.869463
53.05,10,77.869463
53.05,10,77.869463
53.05,10,77.869463
53.05,10,77.869463
53.05,10,77.869463
53.05,10,77.8856
53.05,10,77.8856
53.05,10,77.8856
53.05,10,77.8856
53.05,10,77.8856
53.05,10,77.901488
53.05,10,77.904808
53.05,10,77.906817
53.05,10,77.906817
53.05,10,77.906817
53.05,10,77.906817
53.05,10,77.906817
53.05,10,77.906817
53.05,10,77.926689
53.05,10,77.93071
53.05,10,77.932719
53.05,10,77.93674
53.05,10,77.938491
53.05,10,77.938491
53.05,10,77.944285
53.05,10,77.944285
53.05,10,77.944285
53.05,10,77.944285
53.05,10,77.954465
53.05,10,77.954465
53.05,10,77.954465
53.05,10,77.954465
53.05,10,77.954465
53.05,10,78.047301
53.05,10,78.047301
53.05,10,78.047301
53.05,10,78.063373
53.05,10,78.063373
53.05,10,78.063373
53.05,10,78.063373
53.05,10,78.063373
53.05,10,78.079245
53.05,10,78.079245
53.05,10,78.079245
53.05,10,78.079245
53.05,10,78.079245
53.05,10,78.079245
53.05,10,78.095135
53.05,10,78.095135
53.05,10,78.095135
53.05,10,78.095135
53.05,10,78.095135
53.05,10,78.112267
53.05,10,78.12433
53.05,10,78.126527
53.05,10,78.130052
53.05,10,78.133052
53.05,10,78.135061
53.05,10,78.138052
53.05,10,78.141052
53.05,10,78.143198
53.05,10,78.146923
53.05,10,78.149938
53.05,10,78.152938
53.05,10,78.155937
53.05,10,78.156929
53.05,10,78.156929
53.05,10,78.156929
53.05,10,78.156929
53.05,10,78.156929
53.05,10,78.174398
53.05,10,78.174398
53.05,10,78.179607
53.05,10,78.18309
53.05,10,78.18483
53.05,10,78.18831
53.05,10,78.192203
53.05,10,78.193803
53.05,10,78.193803
53.05,10,78.193803
53.05,10,78.193803
53.05,10,78.208029
53.05,10,78.211103
53.05,10,78.214097
53.05,10,78.217111
53.05,10,78.220116
53.05,10,78.223107
53.05,10,78.226089
53.05,10,78.229097
53.05,10,78.232214
53.05,10,78.235216
53.05,10,78.238211
53.05,10,78.241212
53.05,10,78.241212
53.05,10,78.244949
53.05,10,78.244949
53.05,10,78.244949
53.05,10,78.244949
53.05,10,78.257086
53.05,10,78.257086
53.05,10,78.257086
53.05,10,78.257086
53.05,10,78.257086
53.05,10,78.273294
53.05,10,78.273294
53.05,10,78.273294
53.05,10,78.273294
53.05,10,78.273294
53.05,10,78.273294
53.05,10,78.289496
53.05,10,78.289496
53.05,10,78.289496
53.05,10,78.289496
53.05,10,78.289496
53.05,10,78.305736
53.05,10,78.305736
53.05,10,78.305736
53.05,10,78.305736
53.05,10,78.305736
53.05,10,78.321699
53.05,10,78.321699
53.05,10,78.321699
53.05,10,78.321699
53.05,10,78.321699
53.05,10,78.321699
53.05,10,78.337813
53.05,10,78.337813
53.05,10,78.344907
53.05,10,78.344907
53.05,10,78.344907
53.05,10,78.354048
53.05,10,78.354048
53.05,10,78.354048
53.05,10,78.354048
53.05,10,78.354048
53.05,10,78.450406
53.05,10,78.453399
53.05,10,78.453399
53.05,10,78.453399
53.05,10,78.453399
53.05,10,78.453399
53.05,10,78.453399
53.05,10,78.469411
53.05,10,78.469411
53.05,10,78.469411
53.05,10,78.469411
53.05,10,78.469411
53.05,10,78.485537
53.05,10,78.489568
53.05,10,78.493582
53.05,10,78.495589
53.05,10,78.4996
53.05,10,78.503353
53.05,10,78.505359
53.05,10,78.507365
53.05,10,78.511379
53.05,10,78.513386
53.05,10,78.517139
53.05,10,78.519145
53.05,10,78.523156
53.05,10,78.525162
53.05,10,78.529174
53.05,10,78.53118
53.05,10,78.53521
53.05,10,78.53821
53.05,10,78.54121
53.05,10,78.54421
53.05,10,78.546721
53.05,10,78.549721
53.05,10,78.552722
53.05,10,78.555722
53.05,10,78.558722
53.05,10,78.561722
53.05,10,78.562722
53.05,10,78.562722
53.05,10,78.562722
53.05,10,78.562722
53.05,10,78.578569
53.05,10,78.578569
53.05,10,78.578569
53.05,10,78.578569
53.05,10,78.578569
53.05,10,78.594692
53.05,10,78.597269
53.05,10,78.601281
53.05,10,78.603287
53.05,10,78.605293
53.05,10,78.609304
53.05,10,78.61081
53.05,10,78.616511
53.05,10,78.618517
53.05,10,78.620523
53.05,10,78.624535
53.05,10,78.626542
53.05,10,78.630554
53.05,10,78.632561
53.05,10,78.636574
53.05,10,78.63858
53.05,10,78.640586
53.05,10,78.645346
53.05,10,78.647351
53.05,10,78.649357
53.05,10,78.65337
53.05,10,78.655376
53.05,10,78.659697
53.05,10,78.662697
53.05,10,78.665697
53.05,10,78.668697
53.05,10,78.671697
53.05,10,78.671697
53.05,10,78.671697
53.05,10,78.671697
53.05,10,78.671697
53.05,10,78.671697
53.05,10,78.689327
53.05,10,78.693742
53.05,10,78.695748
53.05,10,78.697755
53.05,10,78.701766
53.05,10,78.703771
53.05,10,78.707541
53.05,10,78.707541
53.05,10,78.707541
53.05,10,78.707541
53.05,10,78.707541
53.05,10,78.723473
53.05,10,78.72648
53.05,10,78.729479
53.05,10,78.732485
53.05,10,78.735485
53.05,10,78.738485
53.05,10,78.741445
53.05,10,78.744419
53.05,10,78.747931
53.05,10,78.750931
53.05,10,78.752931
53.05,10,78.755931
53.05,10,78.845773
53.05,10,78.848445
53.05,10,78.852457
53.05,10,78.854463
53.05,10,78.858476
53.05,10,78.862231
53.05,10,78.864238
53.05,10,78.868252
53.05,10,78.870259
53.05,10,78.874274
53.05,10,78.878473
53.05,10,78.881482
53.05,10,78.884486
53.05,10,78.886472
53.05,10,78.889479
53.05,10,78.890484
53.05,10,78.890484
53.05,10,78.890484
53.05,10,78.890484
53.05,10,78.890484
53.05,10,78.906467
53.05,10,78.906467
53.05,10,78.906467
53.05,10,78.906467
53.05,10,78.906467
53.05,10,78.906467
53.05,10,78.922555
53.05,10,78.922555
53.05,10,78.922555
53.05,10,78.922555
53.05,10,78.922555
53.05,10,78.938779
53.05,10,78.938779
53.05,10,78.938779
53.05,10,78.945872
53.05,10,78.945872
53.05,10,78.945872
53.05,10,78.956149
53.05,10,78.960165
53.05,10,78.962174
53.05,10,78.966192
53.05,10,78.968202
53.05,10,78.972219
53.05,10,78.976232
53.05,10,78.978238
53.05,10,78.98225
53.05,10,78.984257
53.05,10,78.988312
53.05,10,78.991307
53.05,10,78.994302
53.05,10,78.997308
53.05,10,79.000298
53.05,10,79.000298
53.05,10,79.000298
53.05,10,79.000298
53.05,10,79.000298
53.05,10,79.000298
53.05,10,79.016275
53.05,10,79.016275
53.05,10,79.016275
53.05,10,79.016275
53.05,10,79.016275
53.05,10,79.032106
53.05,10,79.032106
53.05,10,79.032106
53.05,10,79.032106
53.05,10,79.032106
53.05,10,79.046014
53.05,10,79.047871
53.05,10,79.047871
53.05,10,79.047871
53.05,10,79.047871
53.05,10,79.047871
53.05,10,79.063835
53.05,10,79.063835
53.05,10,79.063835
53.05,10,79.063835
53.05,10,79.063835
53.05,10,79.080003
53.05,10,79.080003
53.05,10,79.080003
53.05,10,79.080003
53.05,10,79.080003
53.05,10,79.080003
53.05,10,79.098413
53.05,10,79.101428
53.05,10,79.104426
53.05,10,79.107424
53.05,10,79.110599
53.05,10,79.113607
53.05,10,79.116595
53.05,10,79.119602
53.05,10,79.1226
53.05,10,79.125601
53.05,10,79.127947
53.05,10,79.131072
53.05,10,79.134199
53.05,10,79.13719
53.05,10,79.140188
53.05,10,79.143326
53.05,10,79.146329
53.05,10,79.149074
53.05,10,79.152069
53.05,10,79.239969
53.05,10,79.24299
53.05,10,79.244988
53.05,10,79.248539
53.05,10,79.251539
53.05,10,79.254524
53.05,10,79.258221
53.05,10,79.261237
53.05,10,79.264236
53.05,10,79.267237
53.05,10,79.270239
53.05,10,79.273222
53.05,10,79.273222
53.05,10,79.273222
53.05,10,79.273222
53.05,10,79.273222
53.05,10,79.273222
53.05,10,79.289296
53.05,10,79.289296
53.05,10,79.289296
53.05,10,79.289296
53.05,10,79.289296
53.05,10,79.306878
53.05,10,79.309993
53.05,10,79.312987
53.05,10,79.315131
53.05,10,79.318143
53.05,10,79.321134
53.05,10,79.324141
53.05,10,79.327127
53.05,10,79.328125
53.05,10,79.328125
53.05,10,79.328125
53.05,10,79.328125
53.05,10,79.328125
53.05,10,79.343897
53.05,10,79.346752
53.05,10,79.346752
53.05,10,79.346752
53.05,10,79.346752
53.05,10,79.360087
53.05,10,79.360087
53.05,10,79.360087
53.05,10,79.360087
53.05,10,79.360087
53.05,10,79.376087
53.05,10,79.376087
53.05,10,79.376087
53.05,10,79.376087
53.05,10,79.376087
53.05,10,79.376087
53.05,10,79.393855
53.05,10,79.395857
53.05,10,79.399605
53.05,10,79.399605
53.05,10,79.399605
53.05,10,79.407624
53.05,10,79.407624
53.05,10,79.407624
53.05,10,79.407624
53.05,10,79.407624
53.05,10,79.407624
53.05,10,79.426318
53.05,10,79.429319
53.05,10,79.432437
53.05,10,79.435424
53.05,10,79.437424
53.05,10,79.437424
53.05,10,79.437424
53.05,10,79.447081
53.05,10,79.447081
53.05,10,79.453379
53.05,10,79.453379
53.05,10,79.453379
53.05,10,79.453379
53.05,10,79.453379
53.05,10,79.453379
53.05,10,79.470935
53.05,10,79.481405
53.05,10,79.485159
53.05,10,79.485159
53.05,10,79.485159
53.05,10,79.485159
53.05,10,79.485159
53.05,10,79.501027
53.05,10,79.501027
53.05,10,79.501027
53.05,10,79.501027
53.05,10,79.501027
53.05,10,79.501027
53.05,10,79.517223
53.05,10,79.517223
53.05,10,79.517223
53.05,10,79.517223
53.05,10,79.517223
53.05,10,79.517223
53.05,10,79.535829
53.05,10,79.53882
53.05,10,79.541811
53.05,10,79.544825
53.05,10,79.547431
53.05,10,79.547431
53.05,10,79.639824
53.05,10,79.642823
53.05,10,79.645818
53.05,10,79.64837
53.05,10,79.651368
53.05,10,79.654353
53.05,10,79.657614
53.05,10,79.660614
53.05,10,79.663611
53.05,10,79.666711
53.05,10,79.669715
53.05,10,79.671707
53.05,10,79.675439
53.05,10,79.678582
53.05,10,79.681443
53.05,10,79.684444
53.05,10,79.687442
53.05,10,79.69033
53.05,10,79.69189
53.05,10,79.69189
53.05,10,79.69189
53.05,10,79.69189
53.05,10,79.69189
53.05,10,79.70882
53.04,12,79.71182
53.05,10,79.714818
53.05,10,79.717803
53.05,10,79.720823
53.05,10,79.724735
53.05,10,79.727751
53.05,10,79.730751
53.05,10,79.733778
53.05,10,79.736773
53.05,10,79.739759
53.05,10,79.742773
53.05,10,79.745773
53.05,10,79.748324
53.05,10,79.751492
53.05,10,79.754504
53.05,10,79.757504
53.05,10,79.760504
53.05,10,79.763504
53.05,10,79.765488
53.05,10,79.765488
53.05,10,79.765488
53.05,10,79.765488
53.05,10,79.765488
53.05,10,79.781956
53.05,10,79.782335
53.05,10,79.782335
53.05,10,79.790213
53.05,10,79.793332
53.05,10,79.796334
53.05,10,79.80222
53.05,10,79.805219
53.05,10,79.808316
53.05,10,79.811374
53.05,10,79.814383
53.05,10,79.816393
53.05,10,79.819387
53.05,10,79.822382
53.05,10,79.823314
53.05,10,79.823314
53.05,10,79.823314
53.05,10,79.823314
53.05,10,79.823314
53.05,10,79.839297
53.05,10,79.839297
53.05,10,79.847638
53.05,10,79.847638
53.05,10,79.847638
53.05,10,79.855259
53.05,10,79.859353
53.05,10,79.861359
53.05,10,79.865371
53.05,10,79.867376
53.05,10,79.87113
53.05,10,79.87113
53.05,10,79.87113
53.05,10,79.87113
53.05,10,79.87113
53.05,10,79.87113
53.05,10,79.88719
53.05,10,79.88719
53.05,10,79.88719
53.05,10,79.88719
53.05,10,79.88719
53.05,10,79.88719
53.05,10,79.903347
53.05,10,79.903347
53.05,10,79.903347
53.05,10,79.903347
53.05,10,79.903347
53.05,10,79.91929
53.05,10,79.91929
53.05,10,79.91929
53.05,10,79.91929
53.05,10,79.91929
53.05,10,79.935366
53.05,10,79.935366
53.05,10,79.935366
53.05,10,79.935366
53.05,10,80.031619
53.05,10,80.033626
53.05,10,80.037639
53.05,10,80.039645
53.05,10,80.043658
53.05,10,80.045665
53.05,10,80.049927
53.05,10,80.05394
53.05,10,80.055947
53.05,10,80.059961
53.05,10,80.061968
53.05,10,80.06586
53.05,10,80.068846
53.05,10,80.071846
53.05,10,80.074866
53.05,10,80.077852
53.045,11,80.080734
53.05,10,80.083749
53.05,10,80.086841
53.05,10,80.089842
53.05,10,80.092833
53.05,10,80.093834
53.05,10,80.093834
53.05,10,80.093834
53.05,10,80.093834
53.05,10,80.093834
53.05,10,80.109818
53.05,10,80.109818
53.05,10,80.109818
53.05,10,80.109818
53.05,10,80.109818
53.05,10,80.109818
53.05,10,80.12595
53.05,10,80.12595
53.05,10,80.12595
53.05,10,80.12595
53.05,10,80.12595
53.05,10,80.142076
53.05,10,80.142076
53.05,10,80.148002
53.05,10,80.148002
53.05,10,80.148002
53.05,10,80.158202
53.05,10,80.158202
53.05,10,80.158202
53.05,10,80.158202
53.05,10,80.158202
53.05,10,80.158202
53.05,10,80.174084
53.05,10,80.174084
53.05,10,80.174084
53.05,10,80.174084
53.05,10,80.174084
53.05,10,80.191226
53.05,10,80.194225
53.05,10,80.197339
53.05,10,80.20033
53.05,10,80.203329
53.05,10,80.203329
53.05,10,80.209248
53.05,10,80.212234
53.05,10,80.21523
53.05,10,80.218231
53.05,10,80.221236
53.05,10,80.223942
53.05,10,80.227081
53.05,10,80.230075
53.05,10,80.233071
53.05,10,80.236189
53.05,10,80.23919
53.05,10,80.240087
53.05,10,80.240087
53.05,10,80.247953
53.05,10,80.247953
53.05,10,80.247953
53.05,10,80.256082
53.05,10,80.256082
53.05,10,80.256082
53.05,10,80.256082
53.05,10,80.256082
53.05,10,80.272283
53.05,10,80.275405
53.05,10,80.278663
53.05,10,80.282058
53.05,10,80.283209
53.05,10,80.28848
53.05,10,80.291482
53.05,10,80.294482
53.05,10,80.297705
53.05,10,80.300704
53.05,10,80.303701
53.05,10,80.306616
53.05,10,80.309691
53.05,10,80.312692
53.05,10,80.315703
53.05,10,80.3187
53.05,10,80.321699
53.05,10,80.324893
53.05,10,80.327997
53.05,10,80.329999
53.05,10,80.333003
53.05,10,80.336119
53.05,10,80.340008
53.05,10,80.419573
53.05,10,80.419573
53.05,10,80.419573
53.05,10,80.419573
53.05,10,80.435683
53.05,10,80.435683
53.05,10,80.435683
53.05,10,80.435683
53.05,10,80.448075
53.05,10,80.451733
53.05,10,80.451733
53.05,10,80.451733
53.05,10,80.451733
53.05,10,80.451733
53.05,10,80.451733
53.05,10,80.467959
53.05,10,80.467959
53.05,10,80.467959
53.05,10,80.467959
53.05,10,80.467959
53.05,10,80.484189
53.05,10,80.488196
53.05,10,80.489939
53.05,10,80.489939
53.05,10,80.489939
53.05,10,80.50023
53.05,10,80.50023
53.05,10,80.50023
53.05,10,80.50023
53.05,10,80.50023
53.05,10,80.50023
53.05,10,80.517783
53.05,10,80.52078
53.05,10,80.523776
53.05,10,80.52678
53.05,10,80.529764
53.05,10,80.531767
53.05,10,80.531767
53.05,10,80.531767
53.05,10,80.531767
53.05,10,80.531767
53.05,10,80.54823
53.05,10,80.54823
53.05,10,80.54823
53.05,10,80.54823
53.05,10,80.54823
53.05,10,80.54823
53.05,10,80.563828
53.05,10,80.563828
53.05,10,80.563828
53.05,10,80.563828
53.05,10,80.563828
53.05,10,80.580056
53.05,10,80.580056
53.05,10,80.580056
53.05,10,80.580056
53.05,10,80.580056
53.05,10,80.595989
53.05,10,80.595989
53.05,10,80.595989
53.05,10,80.595989
53.05,10,80.595989
53.05,10,80.595989
53.05,10,80.613053
53.05,10,80.616162
53.05,10,80.619167
53.05,10,80.622161
53.05,10,80.625175
53.05,10,80.628319
53.05,10,80.631204
53.05,10,80.634422
53.05,10,80.637415
53.05,10,80.640433
53.05,10,80.640433
53.05,10,80.640433
53.05,10,80.648583
53.05,10,80.648583
53.05,10,80.648583
53.05,10,80.656576
53.05,10,80.656576
53.05,10,80.656576
53.05,10,80.656576
53.05,10,80.656576
53.05,10,80.673642
53.05,10,80.673642
53.05,10,80.673642
53.05,10,80.673642
53.05,10,80.673642
53.05,10,80.688312
53.05,10,80.69251
53.05,10,80.695609
53.05,10,80.698616
53.05,10,80.701624
53.05,10,80.704906
53.05,10,80.707849
53.05,10,80.709848
53.05,10,80.71296
53.05,10,80.715963
53.05,10,80.719858
53.05,10,80.722851
53.05,10,80.725351
53.05,10,80.728354
53.05,10,80.798476
53.05,10,80.814369
53.05,10,80.814369
53.05,10,80.814369
53.05,10,80.814369
53.05,10,80.814369
53.05,10,80.814369
53.05,10,80.832042
53.05,10,80.844608
53.05,10,80.847608
53.05,10,80.850121
53.05,10,80.853121
53.05,10,80.856121
53.05,10,80.859327
53.05,10,80.862326
53.05,10,80.865326
53.05,10,80.868326
53.05,10,80.871326
53.05,10,80.874327
53.05,10,80.874327
53.05,10,80.874327
53.05,10,80.874327
53.05,10,80.874327
53.05,10,80.874327
53.05,10,80.890536
53.05,10,80.890536
53.05,10,80.890536
53.05,10,80.890536
53.05,10,80.890536
53.05,10,80.906547
53.05,10,80.906547
53.05,10,80.906547
53.05,10,80.906547
53.05,10,80.906547
53.05,10,80.906547
53.05,10,80.922607
53.05,10,80.922607
53.05,10,80.922607
53.05,10,80.922607
53.05,10,80.922607
53.05,10,80.93855
53.05,10,80.93855
53.05,10,80.93855
53.05,10,80.93855
53.05,10,80.948956
53.05,10,80.948956
53.05,10,80.955729
53.05,10,80.958844
53.05,10,80.961843
53.05,10,80.964845
53.05,10,80.967836
53.05,10,80.968844
53.05,10,80.968844
53.05,10,80.968844
53.05,10,80.968844
53.05,10,80.968844
53.05,10,80.984626
53.05,10,80.984626
53.05,10,80.984626
53.05,10,80.984626
53.05,10,80.984626
53.05,10,81.000396
53.05,10,81.000396
53.05,10,81.006797
53.05,10,81.006797
53.05,10,81.006797
53.05,10,81.006797
53.05,10,81.016573
53.05,10,81.016573
53.05,10,81.016573
53.05,10,81.016573
53.05,10,81.016573
53.05,10,81.032708
53.05,10,81.032708
53.05,10,81.032708
53.05,10,81.032708
53.05,10,81.032708
53.05,10,81.032708
53.05,10,81.05217
53.05,10,81.054169
53.05,10,81.057185
53.05,10,81.060185
53.05,10,81.063185
53.05,10,81.066441
53.05,10,81.06944
53.05,10,81.072426
53.05,10,81.07544
53.05,10,81.07844
53.05,10,81.07844
53.05,10,81.07844
53.05,10,81.07844
53.05,10,81.07844
53.05,10,81.07844
53.05,10,81.094275
53.05,10,81.094275
53.05,10,81.094275
53.05,10,81.094275
53.05,10,81.094275
53.05,10,81.110226
53.05,10,81.110226
53.05,10,81.110226
53.05,10,81.110226
53.05,10,81.110226
53.05,10,81.207305
53.05,10,81.207305
53.05,10,81.207305
53.05,10,81.207305
53.05,10,81.207305
53.05,10,81.207305
53.05,10,81.225483
53.05,10,81.22848
53.05,10,81.232475
53.05,10,81.235498
53.05,10,81.238497
53.05,10,81.241381
53.05,10,81.244396
53.05,10,81.24738
53.05,10,81.250931
53.05,10,81.25393
53.05,10,81.256931
53.05,10,81.257926
53.05,10,81.257926
53.05,10,81.257926
53.05,10,81.257926
53.05,10,81.257926
53.05,10,81.273602
53.05,10,81.273602
53.05,10,81.273602
53.05,10,81.273602
53.05,10,81.273602
53.05,10,81.289797
53.05,10,81.289797
53.05,10,81.289797
53.05,10,81.289797
53.05,10,81.289797
53.05,10,81.289797
53.05,10,81.306026
53.05,10,81.306026
53.05,10,81.306026
53.05,10,81.306026
53.05,10,81.306026
53.05,10,81.322158
53.05,10,81.322158
53.05,10,81.322158
53.05,10,81.322158
53.05,10,81.322158
53.05,10,81.338296
53.05,10,81.338296
53.05,10,81.338296
53.05,10,81.338296
53.05,10,81.348885
53.05,10,81.348885
53.05,10,81.356358
53.05,10,81.358362
53.05,10,81.362109
53.05,10,81.364564
53.05,10,81.368577
53.05,10,81.37159
53.05,10,81.374599
53.05,10,81.377584
53.05,10,81.380569
53.05,10,81.383584
53.05,10,81.385597
53.05,10,81.388574
53.05,10,81.391586
53.05,10,81.394575
53.05,10,81.397571
53.05,10,81.40057
53.05,10,81.403587
53.05,10,81.406569
53.05,10,81.407568
53.05,10,81.407568
53.05,10,81.407568
53.05,10,81.407568
53.05,10,81.407568
53.05,10,81.42357
53.05,10,81.42357
53.05,10,81.42357
53.05,10,81.42357
53.05,10,81.42357
53.05,10,81.439319
53.05,10,81.439319
53.05,10,81.439319
53.05,10,81.439319
53.05,10,81.449166
53.05,10,81.449166
53.05,10,81.455306
53.05,10,81.455306
53.05,10,81.455306
53.05,10,81.455306
53.05,10,81.455306
53.05,10,81.471507
53.05,10,81.474262
53.05,10,81.478238
53.05,10,81.480504
53.05,10,81.484563
53.05,10,81.486566
53.05,10,81.490939
53.05,10,81.493945
53.05,10,81.496947
53.05,10,81.499945
53.05,10,81.499945
53.05,10,81.499945
53.05,10,81.499945
53.05,10,81.499945
53.05,10,81.594826
53.05,10,81.597826
53.05,10,81.600826
53.05,10,81.603827
53.05,10,81.606826
53.05,10,81.609826
53.05,10,81.609826
53.05,10,81.609826
53.05,10,81.609826
53.05,10,81.609826
53.05,10,81.609826
53.05,10,81.625661
53.05,10,81.625661
53.05,10,81.625661
53.05,10,81.625661
53.05,10,81.625661
53.05,10,81.641894
53.05,10,81.64485
53.05,10,81.64485
53.05,10,81.649634
53.05,10,81.649634
53.05,10,81.649634
53.05,10,81.657795
53.05,10,81.657795
53.05,10,81.657795
53.05,10,81.657795
53.05,10,81.657795
53.05,10,81.673748
53.05,10,81.673748
53.05,10,81.673748
53.05,10,81.673748
53.05,10,81.673748
53.05,10,81.689578
53.05,10,81.692847
53.05,10,81.695847
53.05,10,81.698847
53.05,10,81.701984
53.05,10,81.703991
53.05,10,81.707883
53.05,10,81.710882
53.05,10,81.713893
53.05,10,81.716893
53.05,10,81.719894
53.05,10,81.722899
53.05,10,81.725472
53.05,10,81.728471
53.05,10,81.731471
53.05,10,81.734472
53.05,10,81.737495
53.05,10,81.740496
53.05,10,81.740496
53.05,10,81.740496
53.05,10,81.749881
53.05,10,81.749881
53.05,10,81.749881
53.05,10,81.756511
53.05,10,81.756511
53.05,10,81.756511
53.05,10,81.756511
53.05,10,81.756511
53.05,10,81.772708
53.05,10,81.772708
53.05,10,81.772708
53.05,10,81.772708
53.05,10,81.772708
53.05,10,81.772708
53.05,10,81.788932
53.05,10,81.788932
53.05,10,81.788932
53.05,10,81.788932
53.05,10,81.788932
53.05,10,81.806538
53.05,10,81.80965
53.05,10,81.812652
53.05,10,81.814806
53.05,10,81.817802
53.05,10,81.820799
53.05,10,81.823802
53.05,10,81.826792
53.05,10,81.827791
53.05,10,81.827791
53.05,10,81.827791
53.05,10,81.827791
53.05,10,81.827791
53.05,10,81.843571
53.05,10,81.843571
53.05,10,81.849825
53.05,10,81.849825
53.05,10,81.849825
53.05,10,81.859474
53.05,10,81.863478
53.05,10,81.865484
53.05,10,81.86749
53.05,10,81.871503
53.05,10,81.873509
53.05,10,81.875256
53.05,10,81.879052
53.05,10,81.879052
53.05,10,81.879052
53.05,10,81.879052
53.05,10,81.892172
53.05,10,81.894969
53.05,10,81.971911
53.05,10,81.987808
53.05,10,81.989814
53.05,10,81.993827
53.05,10,81.995833
53.05,10,81.999845
53.05,10,82.001852
53.05,10,82.005605
53.05,10,82.007612
53.05,10,82.011625
53.05,10,82.013631
53.05,10,82.017643
53.05,10,82.021397
53.05,10,82.023404
53.05,10,82.027417
53.05,10,82.029424
53.05,10,82.033438
53.05,10,82.036525
53.05,10,82.039496
53.05,10,82.042496
53.05,10,82.045496
53.05,10,82.050278
53.05,10,82.050278
53.05,10,82.050278
53.05,10,82.050278
53.05,10,82.050278
53.05,10,82.062334
53.05,10,82.068633
53.05,10,82.070639
53.05,10,82.074651
53.05,10,82.076657
53.05,10,82.080409
53.05,10,82.082415
53.05,10,82.086427
53.05,10,82.088433
53.05,10,82.092445
53.05,10,82.094193
53.05,10,82.098206
53.05,10,82.100212
53.05,10,82.104224
53.05,10,82.10623
53.05,10,82.109984
53.05,10,82.11199
53.05,10,82.116002
53.05,10,82.118007
53.05,10,82.12202
53.05,10,82.124026
53.05,10,82.129009
53.05,10,82.13201
53.05,10,82.13501
53.05,10,82.138015
53.05,10,82.141015
53.05,10,82.144015
53.05,10,82.147015
53.05,10,82.149015
53.05,10,82.152528
53.05,10,82.155528
53.05,10,82.156528
53.05,10,82.156528
53.05,10,82.156528
53.05,10,82.156528
53.05,10,82.156528
53.05,10,82.172505
53.05,10,82.176522
53.05,10,82.178528
53.05,10,82.180534
53.05,10,82.184546
53.05,10,82.186552
53.05,10,82.191195
53.05,10,82.194178
53.05,10,82.197178
53.05,10,82.200178
53.05,10,82.203177
53.05,10,82.21667
53.05,10,82.220128
53.05,10,82.222127
53.05,10,82.225132
53.05,10,82.228129
53.05,10,82.231133
53.05,10,82.234173
53.05,10,82.237239
53.05,10,82.240132
53.05,10,82.243238
53.05,10,82.246228
53.05,10,82.249236
53.05,10,82.252015
53.05,10,82.255137
53.05,10,82.258023
53.05,10,82.260135
53.05,10,82.263138
53.05,10,82.266122
53.05,10,82.266122
53.05,10,82.266122
53.05,10,82.266122
53.05,10,82.266122
53.05,10,82.266122
53.05,10,82.28196
53.05,10,82.28196
53.05,10,82.28196
53.05,10,82.28196
53.05,10,82.28196
53.05,10,82.297899
53.05,10,82.297899
53.05,10,82.39048
53.05,10,82.393994
53.05,10,82.396
53.05,10,82.400014
53.05,10,82.40202
53.05,10,82.406034
53.05,10,82.407782
53.05,10,82.411796
53.05,10,82.413803
53.05,10,82.417817
53.05,10,82.42183
53.05,10,82.424929
53.05,10,82.42765
53.05,10,82.431663
53.05,10,82.433669
53.05,10,82.437682
53.05,10,82.441248
53.05,10,82.444246
53.05,10,82.447246
53.05,10,82.45024
53.05,10,82.452955
53.05,10,82.456858
53.05,10,82.459069
53.05,10,82.462177
53.05,10,82.465168
53.05,10,82.468173
53.05,10,82.471175
53.05,10,82.473172
53.05,10,82.476181
53.05,10,82.479177
53.05,10,82.482181
53.05,10,82.485165
53.05,10,82.485165
53.05,10,82.485165
53.05,10,82.485165
53.05,10,82.485165
53.05,10,82.485165
53.05,10,82.50128
53.05,10,82.50128
53.05,10,82.50128
53.05,10,82.50128
53.05,10,82.50128
53.05,10,82.517411
53.05,10,82.517411
53.05,10,82.517411
53.05,10,82.517411
53.05,10,82.517411
53.05,10,82.517411
53.05,10,82.533546
53.05,10,82.533546
53.05,10,82.533546
53.05,10,82.533546
53.05,10,82.533546
53.05,10,82.549512
53.05,10,82.551625
53.05,10,82.551625
53.05,10,82.551625
53.05,10,82.551625
53.05,10,82.551625
53.05,10,82.565255
53.05,10,82.565255
53.05,10,82.565255
53.05,10,82.565255
53.05,10,82.565255
53.05,10,82.581421
53.05,10,82.58473
53.05,10,82.587728
53.05,10,82.590727
53.05,10,82.593728
53.05,10,82.593728
53.05,10,82.593728
53.05,10,82.593728
53.05,10,82.593728
53.05,10,82.593728
53.05,10,82.609513
53.05,10,82.609513
53.05,10,82.609513
53.05,10,82.609513
53.05,10,82.609513
53.05,10,82.625344
53.05,10,82.625344
53.05,10,82.625344
53.05,10,82.625344
53.05,10,82.625344
53.05,10,82.625344
53.05,10,82.641287
53.05,10,82.641287
53.05,10,82.641287
53.05,10,82.651666
53.05,10,82.651666
53.05,10,82.657453
53.05,10,82.657453
53.05,10,82.657453
53.05,10,82.657453
53.05,10,82.657453
53.05,10,82.657453
53.05,10,82.67653
53.05,10,82.679452
53.05,10,82.682454
53.05,10,82.685568
53.05,10,82.688576
53.05,10,82.691565
53.05,10,82.772534
53.05,10,82.782825
53.05,10,82.784832
53.05,10,82.788586
53.05,10,82.790593
53.05,10,82.794607
53.05,10,82.798622
53.05,10,82.800629
53.05,10,82.804384
53.05,10,82.808397
53.05,10,82.810403
53.05,10,82.814417
53.05,10,82.816423
53.05,10,82.820178
53.05,10,82.822185
53.05,10,82.826198
53.05,10,82.828204
53.05,10,82.832217
53.05,10,82.835971
53.05,10,82.837978
53.05,10,82.841992
53.05,10,82.843998
53.05,10,82.848012
53.05,10,82.851525
53.05,10,82.851525
53.05,10,82.851525
53.05,10,82.851525
53.05,10,82.851525
53.05,10,82.867503
53.05,10,82.867503
53.05,10,82.867503
53.05,10,82.867503
53.05,10,82.867503
53.05,10,82.883267
53.05,10,82.883267
53.05,10,82.883267
53.05,10,82.883267
53.05,10,82.883267
53.05,10,82.883267
53.05,10,82.900877
53.05,10,82.903857
53.05,10,82.906865
53.05,10,82.906865
53.05,10,82.906865
53.05,10,82.906865
53.05,10,82.906865
53.05,10,82.906865
53.05,10,82.922671
53.05,10,82.922671
53.05,10,82.922671
53.05,10,82.922671
53.05,10,82.922671
53.05,10,82.939178
53.05,10,82.942908
53.05,10,82.945018
53.05,10,82.948024
53.05,10,82.95164
53.05,10,82.953755
53.05,10,82.957961
53.05,10,82.961087
53.05,10,82.964092
53.05,10,82.966088
53.05,10,82.96909
53.05,10,82.97208
53.05,10,82.975094
53.05,10,82.978429
53.05,10,82.981417
53.05,10,82.98442
53.05,10,82.987447
53.05,10,82.990422
53.05,10,82.990422
53.05,10,82.990422
53.05,10,82.990422
53.05,10,82.990422
53.05,10,82.990422
53.05,10,83.007765
53.05,10,83.010874
53.05,10,83.013882
53.05,10,83.015887
53.05,10,83.015887
53.05,10,83.015887
53.05,10,83.015887
53.05,10,83.015887
53.05,10,83.03183
53.05,10,83.03183
53.05,10,83.03183
53.05,10,83.03183
53.05,10,83.03183
53.05,10,83.03183
53.05,10,83.049091
53.05,10,83.0516
53.05,10,83.053345
53.05,10,83.053345
53.05,10,83.053345
53.05,10,83.064204
53.05,10,83.064204
53.05,10,83.069463
53.05,10,83.073477
53.05,10,83.075484
53.05,10,83.07749
53.05,10,83.079497
53.05,10,83.079497
53.05,10,83.079497
53.05,10,83.172291
53.05,10,83.174306
53.05,10,83.174306
53.05,10,83.174306
53.05,10,83.174306
53.05,10,83.188315
53.05,10,83.191293
53.05,10,83.191774
53.05,10,83.191774
53.05,10,83.191774
53.05,10,83.191774
53.05,10,83.207013
53.05,10,83.209304
53.05,10,83.212297
53.05,10,83.216289
53.05,10,83.218296
53.05,10,83.221298
53.05,10,83.225294
53.05,10,83.228296
53.05,10,83.231287
53.05,10,83.2343
53.05,10,83.237405
53.05,10,83.240394
53.05,10,83.240394
53.05,10,83.240394
53.05,10,83.240394
53.05,10,83.251915
53.05,10,83.251915
53.05,10,83.256532
53.05,10,83.256532
53.05,10,83.256532
53.05,10,83.256532
53.05,10,83.256532
53.05,10,83.272475
53.05,10,83.272475
53.05,10,83.272475
53.05,10,83.272475
53.05,10,83.272475
53.05,10,83.272475
53.05,10,83.28863
53.05,10,83.28863
53.05,10,83.28863
53.05,10,83.28863
53.05,10,83.28863
53.05,10,83.304476
53.05,10,83.304476
53.05,10,83.304476
53.05,10,83.304476
53.05,10,83.304476
53.05,10,83.304476
53.05,10,83.322694
53.05,10,83.325705
53.05,10,83.327702
53.05,10,83.331084
53.05,10,83.334081
53.05,10,83.336975
53.05,10,83.34009
53.05,10,83.343088
53.05,10,83.344078
53.05,10,83.344078
53.05,10,83.352404
53.05,10,83.352404
53.05,10,83.352404
53.05,10,83.360167
53.05,10,83.360167
53.05,10,83.360167
53.05,10,83.360167
53.05,10,83.360167
53.05,10,83.375953
53.05,10,83.375953
53.05,10,83.375953
53.05,10,83.375953
53.05,10,83.375953
53.05,10,83.375953
53.05,10,83.391765
53.05,10,83.391765
53.05,10,83.391765
53.05,10,83.391765
53.05,10,83.391765
53.05,10,83.407558
53.05,10,83.407558
53.05,10,83.407558
53.05,10,83.407558
53.05,10,83.407558
53.05,10,83.42356
53.05,10,83.42356
53.05,10,83.42356
53.05,10,83.42356
53.05,10,83.42356
53.05,10,83.42356
53.05,10,83.441808
53.05,10,83.443937
53.05,10,83.446934
53.05,10,83.449932
53.05,10,83.45369
53.05,10,83.456192
53.05,10,83.456192
53.05,10,83.456192
53.05,10,83.456192
53.05,10,83.456192
53.05,10,83.456192
53.05,10,83.474531
53.05,10,83.564828
53.05,10,83.566835
53.05,10,83.571146
53.05,10,83.578822
53.05,10,83.578822
53.05,10,83.578822
53.05,10,83.578822
53.05,10,83.578822
53.05,10,83.594569
53.05,10,83.594569
53.05,10,83.594569
53.05,10,83.594569
53.05,10,83.594569
53.05,10,83.610733
53.05,10,83.610733
53.05,10,83.610733
53.05,10,83.610733
53.05,10,83.610733
53.05,10,83.610733
53.05,10,83.626783
53.05,10,83.626783
53.05,10,83.626783
53.05,10,83.626783
53.05,10,83.626783
53.05,10,83.642841
53.05,10,83.646604
53.05,10,83.649611
53.05,10,83.65161
53.05,10,83.655122
53.05,10,83.658236
53.05,10,83.661241
53.05,10,83.664232
53.05,10,83.667229
53.05,10,83.669224
53.05,10,83.673231
53.05,10,83.676227
53.05,10,83.676227
53.05,10,83.676227
53.05,10,83.676227
53.05,10,83.676227
53.05,10,83.676227
53.05,10,83.69402
53.05,10,83.695357
53.05,10,83.695357
53.05,10,83.695357
53.05,10,83.695357
53.05,10,83.709027
53.05,10,83.710968
53.05,10,83.714352
53.05,10,83.71747
53.05,10,83.720463
53.05,10,83.723808
53.05,10,83.726841
53.05,10,83.729839
53.05,10,83.73284
53.05,10,83.734841
53.05,10,83.737888
53.05,10,83.74092
53.05,10,83.743916
53.05,10,83.746901
53.05,10,83.749925
53.05,10,83.753661
53.05,10,83.756674
53.05,10,83.759689
53.05,10,83.76179
53.05,10,83.764791
53.05,10,83.768111
53.05,10,83.771014
53.05,10,83.773993
53.05,10,83.776992
53.05,10,83.780117
53.05,10,83.781106
53.05,10,83.781106
53.05,10,83.781106
53.05,10,83.781106
53.05,10,83.781106
53.05,10,83.796999
53.05,10,83.796999
53.05,10,83.796999
53.05,10,83.796999
53.05,10,83.796999
53.05,10,83.796999
53.05,10,83.812803
53.05,10,83.812803
53.05,10,83.812803
53.05,10,83.812803
53.05,10,83.812803
53.05,10,83.82865
53.05,10,83.82865
53.05,10,83.82865
53.05,10,83.82865
53.05,10,83.82865
53.05,10,83.844845
53.05,10,83.844845
53.05,10,83.844845
53.05,10,83.853431
53.05,10,83.853431
53.05,10,83.853431
53.05,10,83.860612
53.05,10,83.860612
53.05,10,83.860612
53.05,10,83.860612
53.05,10,83.953492
53.05,10,83.964382
53.05,10,83.966388
53.05,10,83.970574
53.05,10,83.973565
53.05,10,83.976565
53.05,10,83.979565
53.05,10,83.98257
53.05,10,83.985671
53.05,10,83.988667
53.05,10,83.991677
53.05,10,83.99366
53.05,10,83.99666
53.05,10,83.999672
53.05,10,83.999672
53.05,10,83.999672
53.05,10,83.999672
53.05,10,83.999672
53.05,10,84.01554
53.05,10,84.016989
53.05,10,84.016989
53.05,10,84.024657
53.05,10,84.027651
53.05,10,84.030659
53.05,10,84.033663
53.05,10,84.036654
53.05,10,84.040501
53.05,10,84.047543
53.05,10,84.050537
53.05,10,84.053537
53.05,10,84.05605
53.05,10,84.05805
53.05,10,84.05805
53.05,10,84.05805
53.05,10,84.05805
53.05,10,84.05805
53.05,10,84.05805
53.05,10,84.073881
53.05,10,84.079599
53.05,10,84.081606
53.05,10,84.085619
53.05,10,84.087626
53.05,10,84.091639
53.05,10,84.093645
53.05,10,84.095652
53.05,10,84.099664
53.05,10,84.10167
53.05,10,84.105424
53.05,10,84.105424
53.05,10,84.105424
53.05,10,84.105424
53.05,10,84.105424
53.05,10,84.105424
53.05,10,84.121561
53.05,10,84.121561
53.05,10,84.121561
53.05,10,84.121561
53.05,10,84.121561
53.05,10,84.137766
53.05,10,84.137766
53.05,10,84.137766
53.05,10,84.137766
53.05,10,84.137766
53.05,10,84.137766
53.05,10,84.153749
53.05,10,84.153749
53.05,10,84.153749
53.05,10,84.153749
53.05,10,84.153749
53.05,10,84.169796
53.05,10,84.169796
53.05,10,84.176607
53.05,10,84.178411
53.05,10,84.181907
53.05,10,84.187305
53.05,10,84.190967
53.05,10,84.192967
53.05,10,84.195967
53.05,10,84.198967
53.05,10,84.201967
53.05,10,84.204968
53.05,10,84.207966
53.05,10,84.210967
53.05,10,84.212967
53.05,10,84.215967
53.05,10,84.218967
53.05,10,84.222968
53.05,10,84.225967
53.05,10,84.228967
53.05,10,84.231967
53.05,10,84.234967
53.05,10,84.240086
53.05,10,84.243186
53.05,10,84.245186
53.05,10,84.248183
53.05,10,84.250187
53.05,10,84.25402
53.05,10,84.25402
53.05,10,84.25402
53.05,10,84.25402
53.05,10,84.25402
53.05,10,84.266121
53.05,10,84.266121
53.05,10,84.357991
53.05,10,84.362004
53.05,10,84.364011
53.05,10,84.368025
53.05,10,84.370033
53.05,10,84.374046
53.05,10,84.379636
53.05,10,84.381646
53.05,10,84.385659
53.05,10,84.387665
53.05,10,84.389672
53.05,10,84.393685
53.05,10,84.397699
53.05,10,84.399705
53.05,10,84.403719
53.05,10,84.405726
53.05,10,84.409516
53.05,10,84.41353
53.05,10,84.415537
53.05,10,84.41955
53.05,10,84.423305
53.05,10,84.426744
53.05,10,84.429727
53.05,10,84.431734
53.05,10,84.434741
53.05,10,84.437743
53.05,10,84.437743
53.05,10,84.437743
53.05,10,84.437743
53.05,10,84.437743
53.05,10,84.437743
53.05,10,84.454601
53.05,10,84.454601
53.05,10,84.454601
53.05,10,84.454601
53.05,10,84.454601
53.05,10,84.46934
53.05,10,84.46934
53.05,10,84.46934
53.05,10,84.46934
53.05,10,84.46934
53.05,10,84.46934
53.05,10,84.485411
53.05,10,84.485411
53.05,10,84.485411
53.05,10,84.485411
53.05,10,84.485411
53.05,10,84.485411
53.05,10,84.501165
53.05,10,84.501165
53.05,10,84.501165
53.05,10,84.501165
53.05,10,84.501165
53.05,10,84.517268
53.05,10,84.517268
53.05,10,84.517268
53.05,10,84.517268
53.05,10,84.517268
53.05,10,84.517268
53.05,10,84.535158
53.05,10,84.537161
53.05,10,84.540518
53.05,10,84.543518
53.05,10,84.546519
53.05,10,84.550628
53.05,10,84.552628
53.05,10,84.55525
53.05,10,84.559038
53.05,10,84.562038
53.05,10,84.565037
53.05,10,84.568037
53.05,10,84.570038
53.05,10,84.573538
53.05,10,84.576574
53.05,10,84.579574
53.05,10,84.582574
53.05,10,84.585574
53.05,10,84.587574
53.05,10,84.590747
53.05,10,84.590747
53.05,10,84.590747
53.05,10,84.590747
53.05,10,84.590747
53.05,10,84.590747
53.05,10,84.610635
53.05,10,84.614651
53.05,10,84.616658
53.05,10,84.62067
53.05,10,84.622417
53.05,10,84.624423
53.05,10,84.628435
53.05,10,84.632448
53.05,10,84.632448
53.05,10,84.638331
53.05,10,84.64171
53.05,10,84.643988
53.05,10,84.646947
53.05,10,84.649828
53.05,10,84.651831
53.05,10,84.65482
53.05,10,84.655979
53.05,10,84.655979
53.05,10,84.754975
53.05,10,84.758242
53.05,10,84.761242
53.05,10,84.764243
53.05,10,84.765244
53.05,10,84.765244
53.05,10,84.765244
53.05,10,84.765244
53.05,10,84.765244
53.05,10,84.781035
53.05,10,84.781035
53.05,10,84.781035
53.05,10,84.781035
53.05,10,84.781035
53.05,10,84.796937
53.05,10,84.796937
53.05,10,84.796937
53.05,10,84.796937
53.05,10,84.796937
53.05,10,84.796937
53.05,10,84.812949
53.05,10,84.814966
53.05,10,84.814966
53.05,10,84.814966
53.05,10,84.814966
53.05,10,84.814966
53.05,10,84.828611
53.05,10,84.828611
53.05,10,84.828611
53.05,10,84.828611
53.05,10,84.828611
53.05,10,84.844876
53.05,10,84.848031
53.05,10,84.851042
53.05,10,84.854042
53.05,10,84.857604
53.05,10,84.859707
53.05,10,84.862997
53.05,10,84.865998
53.05,10,84.868996
53.05,10,84.872102
53.05,10,84.875102
53.05,10,84.875102
53.05,10,84.875102
53.05,10,84.875102
53.05,10,84.875102
53.05,10,84.875102
53.05,10,84.890961
53.05,10,84.890961
1.52,108,84.926124
53.05,10,84.934242
53.05,10,84.938255
53.05,10,84.940261
53.05,10,84.942268
53.05,10,84.946281
53.05,10,84.948287
53.05,10,84.952299
53.05,10,84.955052
53.05,10,84.957058
53.05,10,84.961072
53.05,10,84.963078
53.05,10,84.967091
53.05,10,84.970103
53.05,10,84.974323
53.05,10,84.976322
53.05,10,84.979323
53.05,10,84.982323
53.05,10,84.984323
53.05,10,84.984323
53.05,10,84.984323
53.05,10,84.984323
53.05,10,84.984323
53.05,10,84.984323
53.05,10,85.000248
53.05,10,85.000248
53.05,10,85.000248
53.05,10,85.000248
53.05,10,85.000248
53.05,10,85.016024
53.05,10,85.016024
53.05,10,85.016024
53.05,10,85.016024
53.05,10,85.016024
53.05,10,85.016024
53.05,10,85.032055
53.05,10,85.032055
53.05,10,85.032055
53.05,10,85.032055
53.05,10,85.032055
53.05,10,85.032055
53.05,10,85.047821
53.05,10,85.047821
53.05,10,85.055561
53.05,10,85.145341
53.05,10,85.149356
53.05,10,85.153373
53.05,10,85.155881
53.05,10,85.159896
53.05,10,85.161903
53.05,10,85.165917
53.05,10,85.16943
53.05,10,85.173443
53.05,10,85.17545
53.05,10,85.179462
53.05,10,85.181469
53.05,10,85.186534
53.05,10,85.189714
53.05,10,85.192687
53.05,10,85.194702
53.05,10,85.197702
53.05,10,85.200702
53.05,10,85.203704
53.05,10,85.206687
53.05,10,85.209161
53.05,10,85.212177
53.05,10,85.215176
53.05,10,85.217176
53.05,10,85.220176
53.05,10,85.223176
53.05,10,85.224177
53.05,10,85.224177
53.05,10,85.224177
53.05,10,85.224177
53.05,10,85.224177
53.05,10,85.239887
53.05,10,85.239887
53.05,10,85.239887
53.05,10,85.239887
53.05,10,85.239887
53.05,10,85.239887
53.05,10,85.255995
53.05,10,85.255995
53.05,10,85.255995
53.05,10,85.255995
53.05,10,85.255995
53.05,10,85.255995
53.05,10,85.271859
53.05,10,85.271859
53.05,10,85.271859
53.05,10,85.271859
53.05,10,85.271859
53.05,10,85.288067
53.05,10,85.288067
53.05,10,85.288067
53.05,10,85.288067
53.05,10,85.288067
53.05,10,85.288067
53.05,10,85.303967
53.05,10,85.303967
53.05,10,85.303967
53.05,10,85.303967
53.05,10,85.303967
53.05,10,85.319883
53.05,10,85.319883
53.05,10,85.319883
53.05,10,85.319883
53.05,10,85.319883
53.05,10,85.319883
53.05,10,85.336053
53.05,10,85.336053
53.05,10,85.336053
53.05,10,85.336053
53.05,10,85.336053
53.05,10,85.352112
53.05,10,85.352112
53.05,10,85.356361
53.05,10,85.356361
53.05,10,85.356361
53.05,10,85.356361
53.05,10,85.368002
53.05,10,85.374393
53.05,10,85.3764
53.05,10,85.378406
53.05,10,85.380412
53.05,10,85.385931
53.05,10,85.387937
53.05,10,85.391949
53.05,10,85.393955
53.05,10,85.395961
53.05,10,85.400923
53.05,10,85.403927
53.05,10,85.406928
53.05,10,85.408276
53.05,10,85.408276
53.05,10,85.408276
53.05,10,85.408276
53.05,10,85.408276
53.05,10,85.424012
53.05,10,85.424012
53.05,10,85.424012
53.05,10,85.424012
53.05,10,85.424012
53.05,10,85.424012
53.05,10,85.440022
53.05,10,85.440022
53.05,10,85.531183
53.05,10,85.54002
53.05,10,85.544036
53.05,10,85.5474
53.05,10,85.550714
53.05,10,85.551735
53.05,10,85.556352
53.05,10,85.556352
53.05,10,85.556352
53.05,10,85.556352
53.05,10,85.567737
53.05,10,85.567737
53.05,10,85.567737
53.05,10,85.567737
53.05,10,85.567737
53.05,10,85.567737
53.05,10,85.583578
53.05,10,85.583578
53.05,10,85.583578
53.05,10,85.583578
53.05,10,85.583578
53.05,10,85.599851
53.05,10,85.602851
53.05,10,85.605865
53.05,10,85.608866
53.05,10,85.611865
53.05,10,85.614865
53.05,10,85.617851
53.05,10,85.620849
53.05,10,85.62385
53.05,10,85.626867
53.05,10,85.629852
53.05,10,85.634293
53.05,10,85.636292
53.05,10,85.639277
53.05,10,85.640294
53.05,10,85.640294
53.05,10,85.640294
53.05,10,85.640294
53.05,10,85.640294
53.05,10,85.656325
53.05,10,85.656325
53.05,10,85.656325
53.05,10,85.656325
53.05,10,85.656325
53.05,10,85.672415
53.05,10,85.672415
53.05,10,85.672415
53.05,10,85.672415
53.05,10,85.672415
53.05,10,85.672415
53.05,10,85.690285
53.05,10,85.693285
53.05,10,85.696285
53.05,10,85.699285
53.05,10,85.702285
53.05,10,85.704419
53.05,10,85.70757
53.05,10,85.70757
53.05,10,85.70757
53.05,10,85.70757
53.05,10,85.70757
53.05,10,85.70757
53.05,10,85.727575
53.05,10,85.729684
53.05,10,85.732678
53.05,10,85.735683
53.05,10,85.738678
53.05,10,85.741657
53.05,10,85.744642
53.05,10,85.747642
53.05,10,85.750642
53.05,10,85.753642
53.05,10,85.756368
53.05,10,85.759489
53.05,10,85.762488
53.05,10,85.764488
53.05,10,85.766482
53.05,10,85.766482
53.05,10,85.766482
53.05,10,85.766482
53.05,10,85.766482
53.05,10,85.766482
53.05,10,85.782522
53.05,10,85.782522
53.05,10,85.782522
53.05,10,85.782522
53.05,10,85.782522
53.05,10,85.798762
53.05,10,85.798762
53.05,10,85.798762
53.05,10,85.798762
53.05,10,85.798762
53.05,10,85.798762
53.05,10,85.817096
53.05,10,85.820101
53.05,10,85.823104
53.05,10,85.825112
53.05,10,85.828097
53.05,10,85.831473
53.05,10,85.834476
53.05,10,85.837477
53.05,10,85.84059
53.05,10,85.922928
53.05,10,85.926941
53.05,10,85.928948
53.05,10,85.932961
53.05,10,85.934967
53.05,10,85.939988
53.05,10,85.945976
53.05,10,85.948976
53.05,10,85.951976
53.05,10,85.952976
53.05,10,85.956514
53.05,10,85.960187
53.05,10,85.960187
53.05,10,85.960187
53.05,10,85.969053
53.05,10,85.969053
53.05,10,85.969053
53.05,10,85.969053
53.05,10,85.969053
53.05,10,85.969053
53.05,10,85.985049
53.05,10,85.985049
53.05,10,85.985049
53.05,10,85.985049
53.05,10,85.985049
53.05,10,86.001277
53.05,10,86.001277
53.05,10,86.001277
53.05,10,86.001277
53.05,10,86.001277
53.05,10,86.001277
53.05,10,86.017449
53.05,10,86.021529
53.05,10,86.023536
53.05,10,86.027548
53.05,10,86.029554
53.05,10,86.033308
53.05,10,86.033308
53.05,10,86.033308
53.05,10,86.033308
53.05,10,86.033308
53.05,10,86.033308
53.05,10,86.050815
53.05,10,86.052927
53.05,10,86.054929
53.05,10,86.058659
53.05,10,86.061567
53.05,10,86.063565
53.05,10,86.063565
53.05,10,86.063565
53.05,10,86.063565
53.05,10,86.063565
53.05,10,86.063565
53.05,10,86.079574
53.05,10,86.079574
53.05,10,86.079574
53.05,10,86.079574
53.05,10,86.079574
53.05,10,86.096414
53.05,10,86.096414
53.05,10,86.096414
53.05,10,86.096414
53.05,10,86.096414
53.05,10,86.111538
53.05,10,86.111538
53.05,10,86.111538
53.05,10,86.111538
53.05,10,86.111538
53.05,10,86.111538
53.05,10,86.128776
53.05,10,86.128776
53.05,10,86.136172
53.05,10,86.138178
53.05,10,86.141133
53.05,10,86.144251
53.05,10,86.147248
53.05,10,86.150254
53.05,10,86.153246
53.05,10,86.155242
53.05,10,86.158401
53.05,10,86.161378
53.05,10,86.164393
53.05,10,86.167394
53.05,10,86.170394
53.05,10,86.173378
53.05,10,86.173378
53.05,10,86.173378
53.05,10,86.173378
53.05,10,86.173378
53.05,10,86.173378
53.05,10,86.19118
53.05,10,86.191737
53.05,10,86.191737
53.05,10,86.191737
53.05,10,86.191737
53.05,10,86.191737
53.05,10,86.208783
53.05,10,86.211782
53.05,10,86.214781
53.05,10,86.217782
53.05,10,86.220781
53.05,10,86.223497
53.05,10,86.315509
53.05,10,86.317516
53.05,10,86.32153
53.05,10,86.325545
53.05,10,86.327553
53.05,10,86.331568
53.05,10,86.335582
53.05,10,86.337588
53.05,10,86.341602
53.05,10,86.343351
53.05,10,86.347365
53.05,10,86.349371
53.05,10,86.353386
53.05,10,86.355392
53.05,10,86.360459
53.05,10,86.363445
53.05,10,86.366445
53.05,10,86.368428
53.05,10,86.371444
53.05,10,86.374444
53.05,10,86.376616
53.05,10,86.379618
53.05,10,86.3826
53.05,10,86.384615
53.05,10,86.387615
53.05,10,86.390618
53.05,10,86.390618
53.05,10,86.390618
53.05,10,86.390618
53.05,10,86.390618
53.05,10,86.390618
53.05,10,86.407239
53.05,10,86.409788
53.05,10,86.414722
53.05,10,86.414722
53.05,10,86.414722
53.05,10,86.422239
53.05,10,86.422239
53.05,10,86.422239
53.05,10,86.422239
53.05,10,86.422239
53.05,10,86.438011
53.05,10,86.438011
53.05,10,86.438011
53.05,10,86.438011
53.05,10,86.438011
53.05,10,86.438011
53.05,10,86.454039
53.05,10,86.457577
53.05,10,86.457577
53.05,10,86.457577
53.05,10,86.457577
53.05,10,86.457577
53.05,10,86.470187
53.05,10,86.470187
53.05,10,86.470187
53.05,10,86.470187
53.05,10,86.470187
53.05,10,86.486128
53.05,10,86.490137
53.05,10,86.49214
53.05,10,86.495622
53.05,10,86.498269
53.05,10,86.501379
53.05,10,86.50427
53.05,10,86.507269
53.05,10,86.509269
53.05,10,86.509269
53.05,10,86.509269
53.05,10,86.509269
53.05,10,86.509269
53.05,10,86.509269
53.05,10,86.525211
53.05,10,86.525211
53.05,10,86.525211
53.05,10,86.525211
53.05,10,86.525211
53.05,10,86.541024
53.05,10,86.541024
53.05,10,86.541024
53.05,10,86.541024
53.05,10,86.541024
53.05,10,86.541024
53.05,10,86.557938
53.05,10,86.557938
53.05,10,86.557938
53.05,10,86.557938
53.05,10,86.557938
53.05,10,86.573143
53.05,10,86.573143
53.05,10,86.573143
53.05,10,86.573143
53.05,10,86.573143
53.05,10,86.573143
53.05,10,86.58908
53.05,10,86.58908
53.05,10,86.58908
53.05,10,86.58908
53.05,10,86.58908
53.05,10,86.58908
53.05,10,86.607661
53.05,10,86.609649
53.05,10,86.695982
53.05,10,86.698982
53.05,10,86.702982
53.05,10,86.705982
53.05,10,86.708983
53.05,10,86.712983
53.05,10,86.715982
53.05,10,86.718982
53.05,10,86.721982
53.05,10,86.725935
53.05,10,86.728941
53.05,10,86.73094
53.05,10,86.733926
53.05,10,86.736929
53.05,10,86.739822
53.05,10,86.740839
53.05,10,86.740839
53.05,10,86.740839
53.05,10,86.740839
53.05,10,86.740839
53.05,10,86.756649
53.05,10,86.758762
53.05,10,86.762774
53.05,10,86.76478
53.05,10,86.768792
53.05,10,86.770798
53.05,10,86.774754
53.05,10,86.776754
53.05,10,86.779754
53.05,10,86.782869
53.05,10,86.785877
53.05,10,86.78888
53.05,10,86.791877
53.05,10,86.793877
53.05,10,86.796878
53.05,10,86.799878
53.05,10,86.803008
53.05,10,86.805727
53.05,10,86.808234
53.05,10,86.811234
53.05,10,86.81445
53.05,10,86.817451
53.05,10,86.819452
53.05,10,86.822448
53.05,10,86.825448
53.05,10,86.828447
53.05,10,86.828447
53.05,10,86.828447
53.05,10,86.828447
53.05,10,86.828447
53.05,10,86.828447
53.05,10,86.844173
53.05,10,86.844173
53.05,10,86.844173
53.05,10,86.844173
53.05,10,86.844173
53.05,10,86.860364
53.05,10,86.860364
53.05,10,86.860364
53.05,10,86.860364
53.05,10,86.860364
53.05,10,86.860364
53.05,10,86.876108
53.05,10,86.882157
53.05,10,86.882157
53.05,10,86.882157
53.05,10,86.89189
53.05,10,86.893899
53.05,10,86.893899
53.05,10,86.893899
53.05,10,86.893899
53.05,10,86.893899
53.05,10,86.909221
53.05,10,86.911227
53.05,10,86.914212
53.05,10,86.917216
53.05,10,86.920216
53.05,10,86.923225
53.05,10,86.926233
53.05,10,86.929229
53.05,10,86.931231
53.05,10,86.93422
53.05,10,86.937211
53.05,10,86.937211
53.05,10,86.937211
53.05,10,86.937211
53.05,10,86.937211
53.05,10,86.937211
53.05,10,86.953166
53.05,10,86.953166
53.05,10,86.959437
53.05,10,86.959437
53.05,10,86.959437
53.05,10,86.969174
53.05,10,86.973068
53.05,10,86.973068
53.05,10,86.973068
53.05,10,86.973068
53.05,10,86.985021
53.05,10,86.985021
53.05,10,86.985021
53.05,10,86.985021
53.05,10,86.985021
53.05,10,87.083347
53.05,10,87.085353
53.05,10,87.089366
53.05,10,87.09338
53.05,10,87.096395
53.05,10,87.098402
53.05,10,87.10242
53.05,10,87.106433
53.05,10,87.108439
53.05,10,87.112197
53.05,10,87.114203
53.05,10,87.118216
53.05,10,87.120223
53.05,10,87.124236
53.05,10,87.127991
53.05,10,87.129997
53.05,10,87.134011
53.05,10,87.138024
53.05,10,87.14003
53.05,10,87.144013
53.05,10,87.148019
53.05,10,87.151019
53.05,10,87.154019
53.05,10,87.156019
53.05,10,87.159792
53.05,10,87.159792
53.05,10,87.159792
53.05,10,87.159792
53.05,10,87.159792
53.05,10,87.172011
53.05,10,87.172011
53.05,10,87.172011
53.05,10,87.172011
53.05,10,87.172011
53.05,10,87.187724
53.05,10,87.190466
53.05,10,87.194435
53.05,10,87.194435
53.05,10,87.194435
53.05,10,87.194435
53.05,10,87.205861
53.05,10,87.208925
53.05,10,87.210923
53.05,10,87.213912
53.05,10,87.21693
53.05,10,87.21993
53.05,10,87.222912
53.05,10,87.225926
53.05,10,87.228849
53.05,10,87.23118
53.05,10,87.233747
53.05,10,87.237104
53.05,10,87.23999
53.05,10,87.23999
53.05,10,87.23999
53.05,10,87.23999
53.05,10,87.23999
53.05,10,87.23999
53.05,10,87.257452
53.05,10,87.260174
53.05,10,87.26329
53.05,10,87.265282
53.05,10,87.268609
53.05,10,87.271623
53.05,10,87.27462
53.05,10,87.277615
53.05,10,87.28062
53.05,10,87.281617
53.05,10,87.281617
53.05,10,87.281617
53.05,10,87.281617
53.05,10,87.281617
53.05,10,87.297387
53.05,10,87.297387
53.05,10,87.297387
53.05,10,87.297387
53.05,10,87.297387
53.05,10,87.297387
53.05,10,87.313342
53.05,10,87.313342
53.05,10,87.313342
53.05,10,87.313342
53.05,10,87.313342
53.05,10,87.32928
53.05,10,87.32928
53.05,10,87.32928
53.05,10,87.32928
53.05,10,87.32928
53.05,10,87.32928
53.05,10,87.346699
53.05,10,87.349817
53.05,10,87.352807
53.05,10,87.354805
53.05,10,87.357808
53.05,10,87.360418
53.05,10,87.363596
53.05,10,87.366595
53.05,10,87.369601
53.05,10,87.372592
53.05,10,87.374593
53.05,10,87.374593
53.05,10,87.374593
53.05,10,87.472354
53.05,10,87.475355
53.05,10,87.478354
53.05,10,87.481354
53.05,10,87.484353
53.05,10,87.487421
53.05,10,87.489428
53.05,10,87.491436
53.05,10,87.497041
53.05,10,87.500424
53.05,10,87.503659
53.05,10,87.505666
53.05,10,87.507672
53.05,10,87.511685
53.05,10,87.513691
53.05,10,87.517705
53.05,10,87.519711
53.05,10,87.523725
53.05,10,87.525731
53.05,10,87.529745
53.05,10,87.5335
53.05,10,87.535507
53.05,10,87.539521
53.05,10,87.541527
53.05,10,87.545541
53.05,10,87.547289
53.05,10,87.551303
53.05,10,87.553309
53.05,10,87.557323
53.05,10,87.560336
53.05,10,87.563349
53.05,10,87.567362
53.05,10,87.569369
53.05,10,87.573382
53.05,10,87.575388
53.05,10,87.579143
53.05,10,87.582418
53.05,10,87.585418
53.05,10,87.588418
53.05,10,87.591418
53.05,10,87.593418
53.05,10,87.593418
53.05,10,87.593418
53.05,10,87.593418
53.05,10,87.609623
53.05,10,87.609623
53.05,10,87.609623
53.05,10,87.609623
53.05,10,87.609623
53.05,10,87.609623
53.05,10,87.625796
53.05,10,87.625796
53.05,10,87.625796
53.05,10,87.625796
53.05,10,87.625796
53.05,10,87.625796
53.05,10,87.641907
53.05,10,87.641907
53.05,10,87.641907
53.05,10,87.641907
53.05,10,87.641907
53.05,10,87.641907
53.05,10,87.657884
53.05,10,87.660369
53.05,10,87.660369
53.05,10,87.660369
53.05,10,87.660369
53.05,10,87.674001
53.05,10,87.676291
53.05,10,87.679295
53.05,10,87.682311
53.05,10,87.685294
53.05,10,87.687293
53.05,10,87.690243
53.05,10,87.693295
53.05,10,87.696314
53.05,10,87.6993
53.05,10,87.702295
53.05,10,87.704298
53.05,10,87.707945
53.05,10,87.709394
53.05,10,87.714175
53.05,10,87.716181
53.05,10,87.720193
53.05,10,87.723365
53.05,10,87.726318
53.05,10,87.728321
53.05,10,87.731803
53.05,10,87.733543
53.05,10,87.737791
53.05,10,87.741891
53.05,10,87.744777
53.05,10,87.747892
53.05,10,87.749897
53.05,10,87.7529
53.05,10,87.755893
53.05,10,87.758287
53.05,10,87.761964
53.05,10,87.764964
53.05,10,87.766964
53.05,10,87.769964
53.05,10,87.773965
53.05,10,87.773965
53.05,10,87.865988
53.05,10,87.87
53.05,10,87.872006
53.05,10,87.875761
53.05,10,87.879583
53.05,10,87.88159
53.05,10,87.885604
53.05,10,87.889616
53.05,10,87.892933
53.05,10,87.89594
53.05,10,87.89894
53.05,10,87.90194
53.05,10,87.90494
53.05,10,87.90794
53.05,10,87.91094
53.05,10,87.91394
53.05,10,87.91694
53.05,10,87.91994
53.05,10,87.92194
53.05,10,87.92194
53.05,10,87.92194
53.05,10,87.92194
53.05,10,87.937861
53.05,10,87.937861
53.05,10,87.937861
53.05,10,87.937861
53.05,10,87.937861
53.05,10,87.937861
53.05,10,87.954063
53.05,10,87.956897
53.05,10,87.958903
53.05,10,87.962415
53.05,10,87.964421
53.05,10,87.968433
53.05,10,87.970179
53.05,10,87.970179
53.05,10,87.970179
53.05,10,87.970179
53.05,10,87.970179
53.05,10,87.970179
53.05,10,87.986358
53.05,10,87.986358
53.05,10,87.986358
53.05,10,87.986358
53.05,10,87.986358
53.05,10,88.002333
53.05,10,88.005267
53.05,10,88.005267
53.05,10,88.005267
53.05,10,88.005267
53.05,10,88.005267
53.05,10,88.018938
53.05,10,88.022057
53.05,10,88.025065
53.05,10,88.027073
53.05,10,88.030064
53.05,10,88.031076
53.05,10,88.031076
53.05,10,88.031076
53.05,10,88.031076
53.05,10,88.031076
53.05,10,88.046899
53.05,10,88.046899
53.05,10,88.046899
53.05,10,88.046899
53.05,10,88.046899
53.05,10,88.060627
53.05,10,88.062734
53.05,10,88.062734
53.05,10,88.062734
53.05,10,88.062734
53.05,10,88.062734
53.05,10,88.078567
53.05,10,88.078567
53.05,10,88.078567
53.05,10,88.078567
53.05,10,88.078567
53.05,10,88.078567
53.05,10,88.094755
53.05,10,88.094755
53.05,10,88.094755
53.05,10,88.094755
53.05,10,88.094755
53.05,10,88.094755
53.05,10,88.110917
53.05,10,88.110917
53.05,10,88.110917
53.05,10,88.110917
53.05,10,88.110917
53.05,10,88.127161
53.05,10,88.131305
53.05,10,88.134305
53.05,10,88.137305
53.05,10,88.140305
53.05,10,88.141305
53.05,10,88.141305
53.05,10,88.141305
53.05,10,88.141305
53.05,10,88.141305
53.05,10,88.157137
53.05,10,88.157137
53.05,10,88.16104
53.05,10,88.254943
53.05,10,88.258942
53.05,10,88.262457
53.05,10,88.265457
53.05,10,88.268457
53.05,10,88.272457
53.05,10,88.275457
53.05,10,88.278457
53.05,10,88.281741
53.05,10,88.286762
53.05,10,88.289761
53.05,10,88.291762
53.05,10,88.294761
53.05,10,88.296762
53.05,10,88.296762
53.05,10,88.296762
53.05,10,88.296762
53.05,10,88.296762
53.05,10,88.296762
53.05,10,88.31274
53.05,10,88.31274
53.05,10,88.31274
53.05,10,88.31274
53.05,10,88.31274
53.05,10,88.328481
53.05,10,88.328481
53.05,10,88.328481
53.05,10,88.328481
53.05,10,88.328481
53.05,10,88.346511
53.05,10,88.349511
53.05,10,88.35251
53.05,10,88.354511
53.05,10,88.357511
53.05,10,88.359511
53.05,10,88.361261
53.05,10,88.361261
53.05,10,88.361261
53.05,10,88.361261
53.05,10,88.361261
53.05,10,88.37764
53.05,10,88.379647
53.05,10,88.38366
53.05,10,88.385666
53.05,10,88.387672
53.05,10,88.391425
53.05,10,88.393431
53.05,10,88.397443
53.05,10,88.399449
53.05,10,88.403461
53.05,10,88.405467
53.05,10,88.407215
53.05,10,88.411227
53.05,10,88.413233
53.05,10,88.417244
53.05,10,88.41925
53.05,10,88.421256
53.05,10,88.42501
53.05,10,88.427016
53.05,10,88.431028
53.05,10,88.433034
53.05,10,88.43504
53.05,10,88.438795
53.05,10,88.442806
53.05,10,88.444812
53.05,10,88.446818
53.05,10,88.45083
53.05,10,88.452837
53.05,10,88.457852
53.05,10,88.459851
53.05,10,88.463363
53.05,10,88.465363
53.05,10,88.468364
53.05,10,88.469364
53.05,10,88.469364
53.05,10,88.469364
53.05,10,88.469364
53.05,10,88.485277
53.05,10,88.488028
53.05,10,88.49204
53.05,10,88.494046
53.05,10,88.496052
53.05,10,88.500064
53.05,10,88.503076
53.05,10,88.505082
53.05,10,88.507088
53.05,10,88.511099
53.05,10,88.513106
53.05,10,88.51686
53.05,10,88.518866
53.05,10,88.520871
53.05,10,88.524884
53.05,10,88.52689
53.05,10,88.530902
53.05,10,88.532649
53.05,10,88.536662
53.05,10,88.538668
53.05,10,88.54268
53.05,10,88.544686
53.05,10,88.546692
53.05,10,88.550446
53.05,10,88.552452
53.05,10,88.626354
53.05,10,88.642101
53.05,10,88.644108
53.05,10,88.648122
53.05,10,88.650129
53.05,10,88.654144
53.05,10,88.659148
53.05,10,88.662668
53.05,10,88.665673
53.05,10,88.668668
53.05,10,88.671668
53.05,10,88.674668
53.05,10,88.677668
53.05,10,88.680668
53.05,10,88.683668
53.05,10,88.686668
53.05,10,88.687669
53.05,10,88.687669
53.05,10,88.687669
53.05,10,88.687669
53.05,10,88.705679
53.05,10,88.707082
53.05,10,88.711615
53.05,10,88.713621
53.05,10,88.717633
53.05,10,88.719639
53.05,10,88.723458
53.05,10,88.726573
53.05,10,88.729572
53.05,10,88.731573
53.05,10,88.734567
53.05,10,88.737572
53.05,10,88.740361
53.05,10,88.743469
53.05,10,88.746469
53.05,10,88.749475
53.05,10,88.752475
53.05,10,88.755475
53.05,10,88.757475
53.05,10,88.757475
53.05,10,88.761946
53.05,10,88.761946
53.05,10,88.761946
53.05,10,88.761946
53.05,10,88.774572
53.05,10,88.779503
53.05,10,88.781509
53.05,10,88.783515
53.05,10,88.787528
53.05,10,88.791085
53.05,10,88.794197
53.05,10,88.797201
53.05,10,88.799213
53.05,10,88.802204
53.05,10,88.805199
53.05,10,88.80818
53.05,10,88.811115
53.05,10,88.814115
53.05,10,88.817115
53.05,10,88.820115
53.05,10,88.823302
53.05,10,88.824413
53.05,10,88.824413
53.05,10,88.824413
53.05,10,88.824413
53.05,10,88.824413
53.05,10,88.824413
53.05,10,88.840237
53.05,10,88.840237
53.05,10,88.840237
53.05,10,88.840237
53.05,10,88.840237
53.05,10,88.856095
53.05,10,88.856095
53.05,10,88.856095
53.05,10,88.862297
53.05,10,88.862297
53.05,10,88.862297
53.05,10,88.871926
53.05,10,88.871926
53.05,10,88.871926
53.05,10,88.871926
53.05,10,88.871926
53.05,10,88.871926
53.05,10,88.889497
53.05,10,88.890501
53.05,10,88.890501
53.05,10,88.890501
53.05,10,88.890501
53.05,10,88.890501
53.05,10,88.906302
53.05,10,88.910334
53.05,10,88.912341
53.05,10,88.914346
53.05,10,88.91836
53.05,10,88.920366
53.05,10,88.922114
53.05,10,88.922114
53.05,10,88.922114
53.05,10,88.922114
53.05,10,88.922114
53.05,10,88.938338
53.05,10,88.942154
53.05,10,89.026623
53.05,10,89.031368
53.05,10,89.033376
53.05,10,89.03739
53.05,10,89.039398
53.05,10,89.043414
53.05,10,89.047171
53.05,10,89.051188
53.05,10,89.053195
53.05,10,89.057209
53.05,10,89.061223
53.05,10,89.063235
53.05,10,89.067249
53.05,10,89.069256
53.05,10,89.073269
53.05,10,89.075276
53.05,10,89.079033
53.05,10,89.083047
53.05,10,89.085055
53.05,10,89.089068
53.05,10,89.091074
53.05,10,89.096149
53.05,10,89.099164
53.05,10,89.102149
53.05,10,89.105149
53.05,10,89.108164
53.05,10,89.109165
53.05,10,89.109165
53.05,10,89.109165
53.05,10,89.109165
53.05,10,89.109165
53.05,10,89.109165
53.05,10,89.125125
53.05,10,89.125125
53.05,10,89.125125
53.05,10,89.125125
53.05,10,89.125125
53.05,10,89.140872
53.05,10,89.140872
53.05,10,89.146654
53.05,10,89.148661
53.05,10,89.152673
53.05,10,89.154679
53.05,10,89.156686
53.05,10,89.156686
53.05,10,89.16265
53.05,10,89.16265
53.05,10,89.16265
53.05,10,89.172792
53.05,10,89.172792
53.05,10,89.172792
53.05,10,89.172792
53.05,10,89.172792
53.05,10,89.172792
53.05,10,89.189301
53.05,10,89.1923
53.05,10,89.1953
53.05,10,89.198411
53.05,10,89.200402
53.05,10,89.203413
53.05,10,89.20643
53.05,10,89.210302
53.05,10,89.212302
53.05,10,89.215302
53.05,10,89.218302
53.05,10,89.218302
53.05,10,89.224721
53.05,10,89.227728
53.05,10,89.230727
53.05,10,89.232727
53.05,10,89.235728
53.05,10,89.240174
53.05,10,89.24335
53.05,10,89.246349
53.05,10,89.248355
53.05,10,89.251355
53.05,10,89.254355
53.05,10,89.25747
53.05,10,89.25747
53.05,10,89.262735
53.05,10,89.262735
53.05,10,89.262735
53.05,10,89.262735
53.05,10,89.273282
53.05,10,89.277349
53.05,10,89.279356
53.05,10,89.283368
53.05,10,89.285374
53.05,10,89.28738
53.05,10,89.289127
53.05,10,89.289127
53.05,10,89.289127
53.05,10,89.289127
53.05,10,89.289127
53.05,10,89.305696
53.05,10,89.308821
53.05,10,89.310817
53.05,10,89.313822
53.05,10,89.316827
53.05,10,89.318828
53.05,10,89.321829
53.05,10,89.325838
53.05,10,89.405118
53.05,10,89.417192
53.05,10,89.420947
53.05,10,89.424266
53.05,10,89.427266
53.05,10,89.430265
53.05,10,89.433265
53.05,10,89.435265
53.05,10,89.437269
53.05,10,89.437269
53.05,10,89.437269
53.05,10,89.437269
53.05,10,89.437269
53.05,10,89.437269
53.05,10,89.453117
53.05,10,89.456983
53.05,10,89.458987
53.05,10,89.462864
53.05,10,89.462864
53.05,10,89.468984
53.05,10,89.468984
53.05,10,89.468984
53.05,10,89.468984
53.05,10,89.468984
53.05,10,89.468984
53.05,10,89.484766
53.05,10,89.484766
53.05,10,89.484766
53.05,10,89.484766
53.05,10,89.484766
53.05,10,89.500846
53.05,10,89.500846
53.05,10,89.500846
53.05,10,89.500846
53.05,10,89.500846
53.05,10,89.500846
53.05,10,89.517049
53.05,10,89.517049
53.05,10,89.517049
53.05,10,89.517049
53.05,10,89.517049
53.05,10,89.532885
53.05,10,89.536358
53.05,10,89.539356
53.05,10,89.541364
53.05,10,89.544352
53.05,10,89.547347
53.05,10,89.547347
53.05,10,89.547347
53.05,10,89.547347
53.05,10,89.547347
53.05,10,89.547347
53.05,10,89.563009
53.05,10,89.563009
53.05,10,89.563009
53.05,10,89.563009
53.05,10,89.563009
53.05,10,89.578774
53.05,10,89.578774
53.05,10,89.578774
53.05,10,89.578774
53.05,10,89.578774
53.05,10,89.578774
53.05,10,89.594745
53.05,10,89.594745
53.05,10,89.594745
53.05,10,89.594745
53.05,10,89.594745
53.05,10,89.610863
53.05,10,89.610863
53.05,10,89.610863
53.05,10,89.610863
53.05,10,89.610863
53.05,10,89.610863
53.05,10,89.628222
53.05,10,89.631226
53.05,10,89.634338
53.05,10,89.637338
53.05,10,89.640347
53.05,10,89.643486
53.05,10,89.646485
53.05,10,89.648602
53.05,10,89.651598
53.05,10,89.654603
53.05,10,89.656598
53.05,10,89.656598
53.05,10,89.663254
53.05,10,89.666237
53.05,10,89.669745
53.05,10,89.672759
53.05,10,89.673898
53.05,10,89.673898
53.05,10,89.673898
53.05,10,89.673898
53.05,10,89.673898
53.05,10,89.689884
53.05,10,89.693007
53.05,10,89.695996
53.05,10,89.699004
53.05,10,89.702002
53.05,10,89.705001
53.05,10,89.706937
53.05,10,89.706937
53.05,10,89.798631
53.05,10,89.801629
53.05,10,89.80463
53.05,10,89.807629
53.05,10,89.809629
53.05,10,89.812629
53.05,10,89.812629
53.05,10,89.812629
53.05,10,89.812629
53.05,10,89.812629
53.05,10,89.812629
53.05,10,89.829763
53.05,10,89.829763
53.05,10,89.829763
53.05,10,89.829763
53.05,10,89.842297
53.05,10,89.845292
53.05,10,89.848291
53.05,10,89.851413
53.05,10,89.853397
53.05,10,89.856961
53.05,10,89.859396
53.05,10,89.862414
53.05,10,89.865165
53.05,10,89.86815
53.05,10,89.871154
53.05,10,89.873506
53.05,10,89.877969
53.05,10,89.879972
53.05,10,89.879972
53.05,10,89.879972
53.05,10,89.889656
53.05,10,89.889656
53.05,10,89.895497
53.05,10,89.897504
53.05,10,89.901516
53.05,10,89.903522
53.05,10,89.905527
53.05,10,89.909364
53.05,10,89.913377
53.05,10,89.915383
53.05,10,89.917389
53.05,10,89.921402
53.05,10,89.921402
53.05,10,89.921402
53.05,10,89.921402
53.05,10,89.921402
53.05,10,89.937292
53.05,10,89.941302
53.05,10,89.943308
53.05,10,89.94732
53.05,10,89.949327
53.05,10,89.95308
53.05,10,89.955158
53.05,10,89.957164
53.05,10,89.961177
53.05,10,89.963683
53.05,10,89.96569
53.05,10,89.970561
53.05,10,89.975572
53.05,10,89.978563
53.05,10,89.98055
53.05,10,89.983562
53.05,10,89.984563
53.05,10,89.984563
53.05,10,89.984563
53.05,10,89.984563
53.05,10,89.984563
53.05,10,90.000408
53.05,10,90.000408
53.05,10,90.000408
53.05,10,90.000408
53.05,10,90.000408
53.05,10,90.000408
53.05,10,90.016541
53.05,10,90.016541
53.05,10,90.016541
53.05,10,90.016541
53.05,10,90.016541
53.05,10,90.016541
53.05,10,90.033276
53.05,10,90.033276
53.05,10,90.033276
53.05,10,90.033276
53.05,10,90.033276
53.05,10,90.033276
53.05,10,90.048558
53.05,10,90.048558
53.05,10,90.048558
53.05,10,90.048558
53.05,10,90.048558
53.05,10,90.064462
53.05,10,90.067594
53.05,10,90.07059
53.05,10,90.072579
53.05,10,90.075586
53.05,10,90.078589
53.05,10,90.08175
53.05,10,90.084747
53.05,10,90.08774
53.05,10,90.089744
53.05,10,90.092752
53.05,10,90.183634
53.05,10,90.18564
53.05,10,90.189607
53.05,10,90.192791
53.05,10,90.195807
53.05,10,90.198806
53.05,10,90.200806
53.05,10,90.203807
53.05,10,90.206791
53.05,10,90.210056
53.05,10,90.213071
53.05,10,90.21507
53.05,10,90.218075
53.05,10,90.221079
53.05,10,90.224577
53.05,10,90.227577
53.05,10,90.230592
53.05,10,90.233592
53.05,10,90.236594
53.05,10,90.239594
53.05,10,90.240579
53.05,10,90.240579
53.05,10,90.240579
53.05,10,90.240579
53.05,10,90.240579
53.05,10,90.256355
53.05,10,90.256355
53.05,10,90.256355
53.05,10,90.264589
53.05,10,90.264589
53.05,10,90.264589
53.05,10,90.27431
53.05,10,90.276316
53.05,10,90.278322
53.05,10,90.282334
53.05,10,90.28434
53.05,10,90.288094
53.05,10,90.288094
53.05,10,90.288094
53.05,10,90.288094
53.05,10,90.288094
53.05,10,90.288094
53.05,10,90.306459
53.05,10,90.309459
53.05,10,90.312459
53.05,10,90.315459
53.05,10,90.318459
53.05,10,90.319459
53.05,10,90.319459
53.05,10,90.319459
53.05,10,90.319459
53.05,10,90.319459
53.05,10,90.335642
53.05,10,90.335642
53.05,10,90.335642
53.05,10,90.335642
53.05,10,90.335642
53.05,10,90.335642
53.05,10,90.351458
53.05,10,90.351458
53.05,10,90.351458
53.05,10,90.351458
53.05,10,90.364734
53.05,10,90.367386
53.05,10,90.368631
53.05,10,90.37315
53.05,10,90.377386
53.05,10,90.379385
53.05,10,90.382385
53.05,10,90.385719
53.05,10,90.398413
53.05,10,90.400424
53.05,10,90.403422
53.05,10,90.406425
53.05,10,90.406425
53.05,10,90.406425
53.05,10,90.406425
53.05,10,90.406425
53.05,10,90.406425
53.05,10,90.42258
53.05,10,90.42258
53.05,10,90.42258
53.05,10,90.42258
53.05,10,90.42258
53.05,10,90.42258
53.05,10,90.438661
53.05,10,90.438661
53.05,10,90.438661
53.05,10,90.438661
53.05,10,90.438661
53.05,10,90.45458
53.05,10,90.45458
53.05,10,90.45458
53.05,10,90.45458
53.05,10,90.464909
53.05,10,90.464909
53.05,10,90.47054
53.05,10,90.47054
53.05,10,90.47054
53.05,10,90.47054
53.05,10,90.47054
53.05,10,90.486676
53.05,10,90.564805
53.05,10,90.578763
53.05,10,90.578763
53.05,10,90.578763
53.05,10,90.578763
53.05,10,90.578763
53.05,10,90.594629
53.05,10,90.594629
53.05,10,90.594629
53.05,10,90.594629
53.05,10,90.594629
53.05,10,90.594629
53.05,10,90.613072
53.05,10,90.616076
53.05,10,90.619076
53.05,10,90.622071
53.05,10,90.62508
53.05,10,90.62508
53.05,10,90.62508
53.05,10,90.62508
53.05,10,90.62508
53.05,10,90.62508
53.05,10,90.641095
53.05,10,90.641095
53.05,10,90.641095
53.05,10,90.641095
53.05,10,90.641095
53.05,10,90.641095
53.05,10,90.659285
53.05,10,90.661289
53.05,10,90.66491
53.05,10,90.66491
53.05,10,90.66491
53.05,10,90.67316
53.05,10,90.67316
53.05,10,90.67316
53.05,10,90.67316
53.05,10,90.67316
53.05,10,90.689291
53.05,10,90.692426
53.05,10,90.692426
53.05,10,90.692426
53.05,10,90.692426
53.05,10,90.692426
53.05,10,90.708034
53.05,10,90.71104
53.05,10,90.71404
53.05,10,90.717037
53.05,10,90.720036
53.05,10,90.723038
53.05,10,90.726038
53.05,10,90.729037
53.05,10,90.731036
53.05,10,90.73404
53.05,10,90.737038
53.05,10,90.739935
53.05,10,90.741032
53.05,10,90.741032
53.05,10,90.741032
53.05,10,90.741032
53.05,10,90.741032
53.05,10,90.757756
53.05,10,90.759762
53.05,10,90.759762
53.05,10,90.764934
53.05,10,90.764934
53.05,10,90.772697
53.05,10,90.774702
53.05,10,90.778185
53.05,10,90.778185
53.05,10,90.778185
53.05,10,90.778185
53.05,10,90.788606
53.05,10,90.788606
53.05,10,90.788606
53.05,10,90.788606
53.05,10,90.788606
53.05,10,90.804848
53.05,10,90.807549
53.05,10,90.810555
53.05,10,90.813707
53.05,10,90.816706
53.05,10,90.819706
53.05,10,90.821718
53.05,10,90.824716
53.05,10,90.827722
53.05,10,90.830856
53.05,10,90.833856
53.05,10,90.836877
53.05,10,90.839858
53.05,10,90.842863
53.05,10,90.843858
53.05,10,90.843858
53.05,10,90.843858
53.05,10,90.843858
53.05,10,90.843858
53.05,10,90.859674
53.05,10,90.859674
53.05,10,90.86517
53.05,10,90.86517
53.05,10,90.86517
53.05,10,90.86517
53.05,10,90.875824
53.05,10,90.965021
53.05,10,90.96984
53.05,10,90.96984
53.05,10,90.96984
53.05,10,90.96984
53.05,10,90.96984
53.05,10,90.96984
53.05,10,90.985675
53.05,10,90.985675
53.05,10,90.985675
53.05,10,90.985675
53.05,10,90.985675
53.05,10,91.001578
53.05,10,91.001578
53.05,10,91.001578
53.05,10,91.001578
53.05,10,91.001578
53.05,10,91.001578
53.05,10,91.017652
53.05,10,91.017652
53.05,10,91.017652
53.05,10,91.017652
53.05,10,91.017652
53.05,10,91.035105
53.05,10,91.037114
53.05,10,91.040108
53.05,10,91.043107
53.05,10,91.046106
53.05,10,91.049103
53.05,10,91.052229
53.05,10,91.055229
53.05,10,91.05822
53.05,10,91.061221
53.05,10,91.063227
53.05,10,91.065379
53.05,10,91.065379
53.05,10,91.065379
53.05,10,91.065379
53.05,10,91.079028
53.05,10,91.079028
53.05,10,91.079028
53.05,10,91.079028
53.05,10,91.079028
53.05,10,91.079028
53.05,10,91.096951
53.05,10,91.098695
53.05,10,91.100698
53.05,10,91.100698
53.05,10,91.100698
53.05,10,91.111028
53.05,10,91.111028
53.05,10,91.111028
53.05,10,91.111028
53.05,10,91.111028
53.05,10,91.111028
53.05,10,91.127221
53.05,10,91.127221
53.05,10,91.127221
53.05,10,91.127221
53.05,10,91.127221
53.05,10,91.143364
53.05,10,91.143364
53.05,10,91.143364
53.05,10,91.143364
53.05,10,91.143364
53.05,10,91.143364
53.05,10,91.161964
53.05,10,91.165476
53.05,10,91.168483
53.05,10,91.170483
53.05,10,91.172483
53.05,10,91.172483
53.05,10,91.172483
53.05,10,91.172483
53.05,10,91.172483
53.05,10,91.172483
53.05,10,91.192477
53.05,10,91.194478
53.05,10,91.197471
53.05,10,91.20048
53.05,10,91.203476
53.05,10,91.206474
53.05,10,91.20747
53.05,10,91.20747
53.05,10,91.20747
53.05,10,91.20747
53.05,10,91.20747
53.05,10,91.223445
53.05,10,91.226505
53.05,10,91.229505
53.05,10,91.23261
53.05,10,91.235607
53.05,10,91.238608
53.05,10,91.241509
53.05,10,91.24457
53.05,10,91.247561
53.05,10,91.249564
53.05,10,91.252742
53.05,10,91.255735
53.05,10,91.257741
53.05,10,91.257741
53.05,10,91.257741
53.05,10,91.354007
53.05,10,91.357023
53.05,10,91.359023
53.05,10,91.362169
53.05,10,91.365166
53.05,10,91.367678
53.05,10,91.370693
53.05,10,91.373693
53.05,10,91.375693
53.05,10,91.375693
53.05,10,91.375693
53.05,10,91.375693
53.05,10,91.375693
53.05,10,91.391596
53.05,10,91.391596
53.05,10,91.391596
53.05,10,91.391596
53.05,10,91.391596
53.05,10,91.391596
53.05,10,91.40743
53.05,10,91.40743
53.05,10,91.40743
53.05,10,91.40743
53.05,10,91.40743
53.05,10,91.424812
53.05,10,91.424812
53.05,10,91.424812
53.05,10,91.424812
53.05,10,91.424812
53.05,10,91.440239
53.05,10,91.443363
53.05,10,91.446364
53.05,10,91.449362
53.05,10,91.452479
53.05,10,91.456366
53.05,10,91.46003
53.05,10,91.46203
53.05,10,91.46503
53.05,10,91.468541
53.05,10,91.470541
53.05,10,91.47378
53.05,10,91.47472
53.05,10,91.47472
53.05,10,91.47472
53.05,10,91.47472
53.05,10,91.47472
53.05,10,91.490415
53.05,10,91.490415
53.05,10,91.490415
53.05,10,91.490415
53.05,10,91.490415
53.05,10,91.490415
53.05,10,91.508019
53.05,10,91.510028
53.05,10,91.512038
53.05,10,91.516057
53.05,10,91.518066
53.05,10,91.522085
53.05,10,91.524089
53.05,10,91.527836
53.05,10,91.527836
53.05,10,91.527836
53.05,10,91.527836
53.05,10,91.538182
53.05,10,91.538182
53.05,10,91.538182
53.05,10,91.538182
53.05,10,91.538182
53.05,10,91.538182
53.05,10,91.554382
53.05,10,91.554382
53.05,10,91.554382
53.05,10,91.554382
53.05,10,91.566531
53.05,10,91.570241
53.05,10,91.570241
53.05,10,91.570241
53.05,10,91.570241
53.05,10,91.570241
53.05,10,91.570241
53.05,10,91.5886
53.05,10,91.591599
53.05,10,91.59461
53.05,10,91.59461
53.05,10,91.59461
53.05,10,91.59461
53.05,10,91.59461
53.05,10,91.59461
53.05,10,91.610435
53.05,10,91.610435
53.05,10,91.610435
53.05,10,91.610435
53.05,10,91.610435
53.05,10,91.626355
53.05,10,91.626355
53.05,10,91.626355
53.05,10,91.626355
53.05,10,91.626355
53.05,10,91.626355
53.05,10,91.642515
53.05,10,91.642515
53.05,10,91.642515
53.05,10,91.642515
53.05,10,91.741109
53.05,10,91.751372
53.05,10,91.755385
53.05,10,91.757133
53.05,10,91.761146
53.05,10,91.763153
53.05,10,91.766666
53.05,10,91.768672
53.05,10,91.772686
53.05,10,91.774693
53.05,10,91.778706
53.05,10,91.780712
53.05,10,91.784724
53.05,10,91.788479
53.05,10,91.791757
53.05,10,91.794736
53.05,10,91.796735
53.05,10,91.800067
53.05,10,91.803074
53.05,10,91.80607
53.05,10,91.809062
53.05,10,91.812073
53.05,10,91.814409
53.05,10,91.817409
53.05,10,91.820405
53.05,10,91.823408
53.05,10,91.825406
53.05,10,91.828411
53.05,10,91.828411
53.05,10,91.828411
53.05,10,91.828411
53.05,10,91.828411
53.05,10,91.828411
53.05,10,91.844192
53.05,10,91.844192
53.05,10,91.852354
53.05,10,91.852354
53.05,10,91.852354
53.05,10,91.860127
53.05,10,91.860127
53.05,10,91.860127
53.05,10,91.866914
53.05,10,91.866914
53.05,10,91.866914
53.05,10,91.876045
53.05,10,91.876045
53.05,10,91.876045
53.05,10,91.876045
53.05,10,91.876045
53.05,10,91.892074
53.05,10,91.892074
53.05,10,91.892074
53.05,10,91.892074
53.05,10,91.892074
53.05,10,91.892074
53.05,10,91.910698
53.05,10,91.913689
53.05,10,91.9157
53.05,10,91.918688
53.05,10,91.921698
53.05,10,91.921698
53.05,10,91.921698
53.05,10,91.921698
53.05,10,91.921698
53.05,10,91.921698
53.05,10,91.937466
53.05,10,91.937466
53.05,10,91.937466
53.05,10,91.937466
53.05,10,91.937466
53.05,10,91.955119
53.05,10,91.958948
53.05,10,91.961961
53.05,10,91.963957
53.05,10,91.966954
53.05,10,91.970158
53.05,10,91.973587
53.05,10,91.975907
53.05,10,91.979018
53.05,10,91.982018
53.05,10,91.985015
53.05,10,91.988012
53.05,10,91.99101
53.05,10,91.99101
53.05,10,91.99101
53.05,10,91.99101
53.05,10,91.99101
53.05,10,91.99101
53.05,10,92.006812
53.05,10,92.006812
53.05,10,92.006812
53.05,10,92.006812
53.05,10,92.006812
53.05,10,92.022591
53.05,10,92.022591
53.05,10,92.022591
53.05,10,92.022591
53.05,10,92.022591
53.05,10,92.022591
53.05,10,92.038465
53.05,10,92.038465
53.05,10,92.038465
53.05,10,92.125841
53.05,10,92.125841
53.05,10,92.125841
53.05,10,92.141935
53.05,10,92.141935
53.05,10,92.141935
53.05,10,92.141935
53.05,10,92.141935
53.05,10,92.158152
53.05,10,92.158152
53.05,10,92.158152
53.05,10,92.16714
53.05,10,92.16714
53.05,10,92.16714
53.05,10,92.174352
53.05,10,92.174352
53.05,10,92.174352
53.05,10,92.174352
53.05,10,92.174352
53.05,10,92.190708
53.05,10,92.193086
53.05,10,92.193086
53.05,10,92.193086
53.05,10,92.193086
53.05,10,92.193086
53.05,10,92.208822
53.05,10,92.211937
53.05,10,92.214933
53.05,10,92.21793
53.05,10,92.220927
53.05,10,92.224907
53.05,10,92.227901
53.05,10,92.230903
53.05,10,92.232903
53.05,10,92.23591
53.05,10,92.238905
53.05,10,92.240906
53.05,10,92.240906
53.05,10,92.240906
53.05,10,92.240906
53.05,10,92.240906
53.05,10,92.256803
53.05,10,92.256803
53.05,10,92.262612
53.05,10,92.262612
53.05,10,92.267179
53.05,10,92.267179
53.05,10,92.272825
53.05,10,92.272825
53.05,10,92.272825
53.05,10,92.272825
53.05,10,92.272825
53.05,10,92.28899
53.05,10,92.28899
53.05,10,92.28899
53.05,10,92.28899
53.05,10,92.28899
53.05,10,92.28899
53.05,10,92.305181
53.05,10,92.305181
53.05,10,92.305181
53.05,10,92.305181
53.05,10,92.305181
53.05,10,92.321418
53.05,10,92.32572
53.05,10,92.327712
53.05,10,92.330935
53.05,10,92.333926
53.05,10,92.336937
53.05,10,92.339926
53.05,10,92.342926
53.05,10,92.343938
53.05,10,92.343938
53.05,10,92.343938
53.05,10,92.343938
53.05,10,92.343938
53.05,10,92.359714
53.05,10,92.359714
53.05,10,92.359714
53.05,10,92.367576
53.05,10,92.367576
53.05,10,92.367576
53.05,10,92.375853
53.05,10,92.375853
53.05,10,92.375853
53.05,10,92.375853
53.05,10,92.375853
53.05,10,92.391919
53.05,10,92.391919
53.05,10,92.391919
53.05,10,92.391919
53.05,10,92.391919
53.05,10,92.407678
53.05,10,92.407678
53.05,10,92.407678
53.05,10,92.407678
53.05,10,92.407678
53.05,10,92.407678
53.05,10,92.425087
53.05,10,92.428207
53.05,10,92.431198
53.05,10,92.434201
53.05,10,92.519384
53.05,10,92.522377
53.05,10,92.524377
53.05,10,92.524377
53.05,10,92.524377
53.05,10,92.524377
53.05,10,92.524377
53.05,10,92.54007
53.05,10,92.54007
53.05,10,92.54007
53.05,10,92.54007
53.05,10,92.54007
53.05,10,92.54007
53.05,10,92.556218
53.05,10,92.556218
53.05,10,92.556218
53.05,10,92.556218
53.05,10,92.568043
53.05,10,92.572072
53.05,10,92.572072
53.05,10,92.572072
53.05,10,92.572072
53.05,10,92.572072
53.05,10,92.572072
53.05,10,92.588058
53.05,10,92.588058
53.05,10,92.588058
53.05,10,92.588058
53.05,10,92.588058
53.05,10,92.604221
53.05,10,92.604221
53.05,10,92.604221
53.05,10,92.604221
53.05,10,92.604221
53.05,10,92.604221
53.05,10,92.620181
53.05,10,92.620181
53.05,10,92.620181
53.05,10,92.620181
53.05,10,92.620181
53.05,10,92.636218
53.05,10,92.636218
53.05,10,92.636218
53.05,10,92.636218
53.05,10,92.636218
53.05,10,92.636218
53.05,10,92.654387
53.05,10,92.658036
53.05,10,92.659036
53.05,10,92.659036
53.05,10,92.659036
53.05,10,92.668275
53.05,10,92.668275
53.05,10,92.675061
53.05,10,92.675061
53.05,10,92.675061
53.05,10,92.675061
53.05,10,92.675061
53.05,10,92.675061
53.05,10,92.692991
53.05,10,92.693884
53.05,10,92.693884
53.05,10,92.693884
53.05,10,92.693884
53.05,10,92.706701
53.05,10,92.709868
53.05,10,92.712877
53.05,10,92.715862
53.05,10,92.718869
53.05,10,92.721874
53.05,10,92.725074
53.05,10,92.728137
53.05,10,92.731145
53.05,10,92.73415
53.05,10,92.736137
53.05,10,92.740034
53.05,10,92.740034
53.05,10,92.740034
53.05,10,92.740034
53.05,10,92.740034
53.05,10,92.740034
53.05,10,92.757015
53.05,10,92.760131
53.05,10,92.763128
53.05,10,92.765136
53.05,10,92.768768
53.05,10,92.768768
53.05,10,92.768768
53.05,10,92.768768
53.05,10,92.768768
53.05,10,92.782679
53.05,10,92.784684
53.05,10,92.784684
53.05,10,92.784684
53.05,10,92.784684
53.05,10,92.784684
53.05,10,92.797901
53.05,10,92.797901
53.05,10,92.806041
53.05,10,92.806041
53.05,10,92.806041
53.05,10,92.813559
53.05,10,92.813559
53.05,10,92.891333
53.05,10,92.891333
53.05,10,92.907058
53.05,10,92.907058
53.05,10,92.907058
53.05,10,92.907058
53.05,10,92.907058
53.05,10,92.923179
53.05,10,92.923179
53.05,10,92.923179
53.05,10,92.923179
53.05,10,92.923179
53.05,10,92.923179
53.05,10,92.939198
53.05,10,92.939198
53.05,10,92.939198
53.05,10,92.939198
53.05,10,92.939198
53.05,10,92.955316
53.05,10,92.955316
53.05,10,92.955316
53.05,10,92.955316
53.05,10,92.955316
53.05,10,92.969033
53.05,10,92.973594
53.05,10,92.975596
53.05,10,92.978601
53.05,10,92.9816
53.05,10,92.984596
53.05,10,92.984596
53.05,10,92.984596
53.05,10,92.984596
53.05,10,92.984596
53.05,10,92.984596
53.05,10,93.000381
53.05,10,93.000381
53.05,10,93.000381
53.05,10,93.000381
53.05,10,93.000381
53.05,10,93.017508
53.05,10,93.01999
53.05,10,93.023352
53.05,10,93.027491
53.05,10,93.030472
53.05,10,93.033465
53.05,10,93.035475
53.05,10,93.038474
53.05,10,93.041756
53.05,10,93.04476
53.05,10,93.047762
53.05,10,93.050767
53.05,10,93.053773
53.05,10,93.056778
53.05,10,93.056778
53.05,10,93.056778
53.05,10,93.056778
53.05,10,93.056778
53.05,10,93.068963
53.05,10,93.072611
53.05,10,93.072611
53.05,10,93.072611
53.05,10,93.072611
53.05,10,93.072611
53.05,10,93.088623
53.05,10,93.088623
53.05,10,93.088623
53.05,10,93.088623
53.05,10,93.088623
53.05,10,93.088623
53.05,10,93.106139
53.05,10,93.116758
53.05,10,93.120512
53.05,10,93.120512
53.05,10,93.120512
53.05,10,93.120512
53.05,10,93.120512
53.05,10,93.120512
53.05,10,93.136254
53.05,10,93.136254
53.05,10,93.136254
53.05,10,93.136254
53.05,10,93.136254
53.05,10,93.136254
53.05,10,93.152405
53.05,10,93.152405
53.05,10,93.152405
53.05,10,93.152405
53.05,10,93.152405
53.05,10,93.168541
53.05,10,93.169084
53.05,10,93.169084
53.05,10,93.169084
53.05,10,93.169084
53.05,10,93.169084
53.05,10,93.186208
53.05,10,93.190232
53.05,10,93.192219
53.05,10,93.195232
53.05,10,93.198231
53.05,10,93.201219
53.05,10,93.203217
53.05,10,93.207802
53.05,10,93.298154
53.05,10,93.301152
53.05,10,93.304153
53.05,10,93.306151
53.05,10,93.309152
53.05,10,93.312151
53.05,10,93.315239
53.05,10,93.318239
53.05,10,93.321226
53.05,10,93.32424
53.05,10,93.327346
53.05,10,93.330697
53.05,10,93.333636
53.05,10,93.336686
53.05,10,93.339579
53.05,10,93.342578
53.05,10,93.343579
53.05,10,93.343579
53.05,10,93.343579
53.05,10,93.343579
53.05,10,93.343579
53.05,10,93.359502
53.05,10,93.359502
53.05,10,93.359502
53.05,10,93.359502
53.05,10,93.369305
53.05,10,93.369305
53.05,10,93.375435
53.05,10,93.375435
53.05,10,93.375435
53.05,10,93.375435
53.05,10,93.375435
53.05,10,93.391219
53.05,10,93.391219
53.05,10,93.391219
53.05,10,93.391219
53.05,10,93.391219
53.05,10,93.391219
53.05,10,93.407406
53.05,10,93.407406
53.05,10,93.407406
53.05,10,93.407406
53.05,10,93.407406
53.05,10,93.423584
53.05,10,93.42776
53.05,10,93.433793
53.05,10,93.4358
53.05,10,93.439553
53.05,10,93.439553
53.05,10,93.439553
53.05,10,93.439553
53.05,10,93.439553
53.05,10,93.439553
53.05,10,93.455784
53.05,10,93.455784
53.05,10,93.455784
53.05,10,93.455784
53.05,10,93.455784
53.05,10,93.469269
53.05,10,93.4719
53.05,10,93.4719
53.05,10,93.4719
53.05,10,93.4719
53.05,10,93.4719
53.05,10,93.487914
53.05,10,93.487914
53.05,10,93.487914
53.05,10,93.487914
53.05,10,93.487914
53.05,10,93.487914
53.05,10,93.504024
53.05,10,93.504024
53.05,10,93.504024
53.05,10,93.504024
53.05,10,93.504024
53.05,10,93.520341
53.05,10,93.523443
53.05,10,93.526454
53.05,10,93.529436
53.05,10,93.531446
53.05,10,93.531446
53.05,10,93.531446
53.05,10,93.531446
53.05,10,93.531446
53.05,10,93.531446
53.05,10,93.548615
53.05,10,93.551408
53.05,10,93.555413
53.05,10,93.558702
53.05,10,93.561702
53.05,10,93.564702
53.05,10,93.567823
53.05,10,93.570554
53.05,10,93.573776
53.05,10,93.576893
53.05,10,93.579904
53.05,10,93.581903
53.05,10,93.584901
53.05,10,93.587906
53.05,10,93.589907
53.05,10,93.589907
53.05,10,93.589907
53.05,10,93.589907
53.05,10,93.684464
53.05,10,93.684464
53.05,10,93.684464
53.05,10,93.684464
53.05,10,93.684464
53.05,10,93.702943
53.05,10,93.702943
53.05,10,93.708743
53.05,10,93.711742
53.05,10,93.714741
53.05,10,93.717742
53.05,10,93.720745
53.05,10,93.723728
53.05,10,93.726742
53.05,10,93.729742
53.05,10,93.732742
53.05,10,93.735727
53.05,10,93.738742
53.05,10,93.741743
53.05,10,93.744742
53.05,10,93.747742
53.05,10,93.750747
53.05,10,93.750747
53.05,10,93.750747
53.05,10,93.750747
53.05,10,93.750747
53.05,10,93.750747
53.05,10,93.766692
53.05,10,93.769513
53.05,10,93.769513
53.05,10,93.769513
53.05,10,93.769513
53.05,10,93.782651
53.05,10,93.782651
53.05,10,93.782651
53.05,10,93.782651
53.05,10,93.782651
53.05,10,93.782651
53.05,10,93.798529
53.05,10,93.798529
53.05,10,93.798529
53.05,10,93.798529
53.05,10,93.798529
53.05,10,93.815011
53.05,10,93.815011
53.05,10,93.815011
53.05,10,93.815011
53.05,10,93.815011
53.05,10,93.815011
53.05,10,93.83174
53.05,10,93.834856
53.05,10,93.837845
53.05,10,93.840846
53.05,10,93.843853
53.05,10,93.847174
53.05,10,93.849295
53.05,10,93.852293
53.05,10,93.855411
53.05,10,93.858403
53.05,10,93.859426
53.05,10,93.859426
53.05,10,93.859426
53.05,10,93.869575
53.05,10,93.873584
53.05,10,93.875327
53.05,10,93.87733
53.05,10,93.87733
53.05,10,93.87733
53.05,10,93.87733
53.05,10,93.87733
53.05,10,93.891377
53.05,10,93.891377
53.05,10,93.891377
53.05,10,93.891377
53.05,10,93.891377
53.05,10,93.907579
53.05,10,93.907579
53.05,10,93.907579
53.05,10,93.907579
53.05,10,93.907579
53.05,10,93.907579
53.05,10,93.923609
53.05,10,93.923609
53.05,10,93.923609
53.05,10,93.923609
53.05,10,93.923609
53.05,10,93.939844
53.05,10,93.939844
53.05,10,93.939844
53.05,10,93.939844
53.05,10,93.939844
53.05,10,93.939844
53.05,10,93.957195
53.05,10,93.960317
53.05,10,93.96331
53.05,10,93.966309
53.05,10,93.968307
53.05,10,93.969923
53.05,10,93.969923
53.05,10,93.969923
53.05,10,93.969923
53.05,10,93.969923
53.05,10,94.070935
53.05,10,94.073931
53.05,10,94.076932
53.05,10,94.078932
53.05,10,94.078932
53.05,10,94.078932
53.05,10,94.078932
53.05,10,94.078932
53.05,10,94.078932
53.05,10,94.096741
53.05,10,94.096741
53.05,10,94.096741
53.05,10,94.096741
53.05,10,94.108927
53.05,10,94.111931
53.05,10,94.114926
53.05,10,94.117932
53.05,10,94.120944
53.05,10,94.123785
53.05,10,94.126937
53.05,10,94.129939
53.05,10,94.132944
53.05,10,94.13594
53.05,10,94.137936
53.05,10,94.140937
53.05,10,94.140937
53.05,10,94.140937
53.05,10,94.140937
53.05,10,94.140937
53.05,10,94.140937
53.05,10,94.159243
53.05,10,94.162255
53.05,10,94.164234
53.05,10,94.167238
53.05,10,94.170957
53.05,10,94.172971
53.05,10,94.175963
53.05,10,94.178958
53.05,10,94.18196
53.05,10,94.184963
53.05,10,94.187967
53.05,10,94.190883
53.05,10,94.190883
53.05,10,94.190883
53.05,10,94.190883
53.05,10,94.190883
53.05,10,94.207891
53.05,10,94.21089
53.05,10,94.21389
53.05,10,94.217005
53.05,10,94.220005
53.05,10,94.222994
53.05,10,94.22581
53.05,10,94.228816
53.05,10,94.231815
53.05,10,94.234817
53.05,10,94.237823
53.05,10,94.240972
53.05,10,94.240972
53.05,10,94.240972
53.05,10,94.240972
53.05,10,94.240972
53.05,10,94.240972
53.05,10,94.256866
53.05,10,94.256866
53.05,10,94.256866
53.05,10,94.256866
53.05,10,94.270092
53.05,10,94.27272
53.05,10,94.27272
53.05,10,94.27272
53.05,10,94.27272
53.05,10,94.27272
53.05,10,94.27272
53.05,10,94.288552
53.05,10,94.288552
53.05,10,94.288552
53.05,10,94.288552
53.05,10,94.288552
53.05,10,94.30448
53.05,10,94.30448
53.05,10,94.30448
53.05,10,94.30448
53.05,10,94.30448
53.05,10,94.30448
53.05,10,94.320531
53.05,10,94.326486
53.05,10,94.328231
53.05,10,94.328231
53.05,10,94.328231
53.05,10,94.336465
53.05,10,94.336465
53.05,10,94.336465
53.05,10,94.336465
53.05,10,94.336465
53.05,10,94.352446
53.05,10,94.35498
53.05,10,94.358099
53.05,10,94.361102
53.05,10,94.364099
53.05,10,94.367095
53.05,10,94.370086
53.05,10,94.454819
53.05,10,94.454819
53.05,10,94.454819
53.05,10,94.454819
53.05,10,94.4703
53.05,10,94.483144
53.05,10,94.487446
53.05,10,94.490461
53.05,10,94.49246
53.05,10,94.49546
53.05,10,94.498461
53.05,10,94.500461
53.05,10,94.500461
53.05,10,94.500461
53.05,10,94.500461
53.05,10,94.500461
53.05,10,94.500461
53.05,10,94.516448
53.05,10,94.516448
53.05,10,94.516448
53.05,10,94.516448
53.05,10,94.516448
53.05,10,94.532551
53.05,10,94.536402
53.05,10,94.538406
53.05,10,94.538406
53.05,10,94.538406
53.05,10,94.538406
53.05,10,94.548676
53.05,10,94.548676
53.05,10,94.548676
53.05,10,94.548676
53.05,10,94.548676
53.05,10,94.564552
53.05,10,94.564552
53.05,10,94.57065
53.05,10,94.57065
53.05,10,94.57065
53.05,10,94.57065
53.05,10,94.580783
53.05,10,94.580783
53.05,10,94.580783
53.05,10,94.580783
53.05,10,94.580783
53.05,10,94.597063
53.05,10,94.600196
53.05,10,94.603195
53.05,10,94.606205
53.05,10,94.609208
53.05,10,94.609208
53.05,10,94.609208
53.05,10,94.609208
53.05,10,94.609208
53.05,10,94.609208
53.05,10,94.62698
53.05,10,94.62698
53.05,10,94.62698
53.05,10,94.62698
53.05,10,94.62698
53.05,10,94.641472
53.05,10,94.644469
53.05,10,94.647474
53.05,10,94.650481
53.05,10,94.653459
53.05,10,94.655461
53.05,10,94.659128
53.05,10,94.662006
53.05,10,94.665117
53.05,10,94.668122
53.05,10,94.670732
53.05,10,94.674276
53.05,10,94.674276
53.05,10,94.674276
53.05,10,94.674276
53.05,10,94.674276
53.05,10,94.674276
53.05,10,94.691332
53.05,10,94.692744
53.05,10,94.697527
53.05,10,94.699533
53.05,10,94.703545
53.05,10,94.706843
53.05,10,94.708955
53.05,10,94.711956
53.05,10,94.714955
53.05,10,94.717981
53.05,10,94.720964
53.05,10,94.723578
53.05,10,94.726711
53.05,10,94.728712
53.05,10,94.731703
53.05,10,94.734719
53.05,10,94.737708
53.05,10,94.740714
53.05,10,94.740714
53.05,10,94.740714
53.05,10,94.740714
53.05,10,94.740714
53.05,10,94.740714
53.05,10,94.756926
53.05,10,94.756926
53.05,10,94.756926
53.05,10,94.756926
53.05,10,94.853429
53.05,10,94.856435
53.05,10,94.859435
53.05,10,94.859435
53.05,10,94.859435
53.05,10,94.859435
53.05,10,94.859435
53.05,10,94.871155
53.05,10,94.874932
53.05,10,94.876935
53.05,10,94.876935
53.05,10,94.876935
53.05,10,94.876935
53.05,10,94.890744
53.05,10,94.890744
53.05,10,94.890744
53.05,10,94.890744
53.05,10,94.890744
53.05,10,94.890744
53.05,10,94.906942
53.05,10,94.906942
53.05,10,94.906942
53.05,10,94.906942
53.05,10,94.906942
53.05,10,94.92278
53.05,10,94.926163
53.05,10,94.929156
53.05,10,94.932163
53.05,10,94.934158
53.05,10,94.937155
53.05,10,94.937155
53.05,10,94.937155
53.05,10,94.937155
53.05,10,94.937155
53.05,10,94.937155
53.05,10,94.952973
53.05,10,94.952973
53.05,10,94.952973
53.05,10,94.952973
53.05,10,94.952973
53.05,10,94.968843
53.05,10,94.971497
53.05,10,94.971497
53.05,10,94.971497
53.05,10,94.971497
53.05,10,94.971497
53.05,10,94.984629
53.05,10,94.984629
53.05,10,94.984629
53.05,10,94.984629
53.05,10,94.984629
53.05,10,95.001043
53.05,10,95.001043
53.05,10,95.001043
53.05,10,95.001043
53.05,10,95.001043
53.05,10,95.016414
53.05,10,95.016414
53.05,10,95.016414
53.05,10,95.016414
53.05,10,95.016414
53.05,10,95.016414
53.05,10,95.033564
53.05,10,95.03667
53.05,10,95.039684
53.05,10,95.042682
53.05,10,95.045668
53.05,10,95.04667
53.05,10,95.04667
53.05,10,95.04667
53.05,10,95.04667
53.05,10,95.04667
53.05,10,95.062502
53.05,10,95.062502
53.05,10,95.062502
53.05,10,95.071773
53.05,10,95.071773
53.05,10,95.071773
53.05,10,95.078421
53.05,10,95.078421
53.05,10,95.078421
53.05,10,95.078421
53.05,10,95.078421
53.05,10,95.094255
53.05,10,95.096261
53.05,10,95.100267
53.05,10,95.102269
53.05,10,95.102269
53.05,10,95.102269
53.05,10,95.110167
53.05,10,95.110167
53.05,10,95.110167
53.05,10,95.110167
53.05,10,95.110167
53.05,10,95.126122
53.05,10,95.126122
53.05,10,95.126122
53.05,10,95.126122
53.05,10,95.126122
53.05,10,95.126122
53.05,10,95.144527
53.05,10,95.147591
53.05,10,95.235792
53.05,10,95.238791
53.05,10,95.241791
53.05,10,95.244791
53.05,10,95.247792
53.05,10,95.25099
53.05,10,95.253999
53.05,10,95.257113
53.05,10,95.260213
53.05,10,95.262219
53.05,10,95.265204
53.05,10,95.266207
53.05,10,95.266207
53.05,10,95.272048
53.05,10,95.272048
53.05,10,95.272048
53.05,10,95.282453
53.05,10,95.282453
53.05,10,95.282453
53.05,10,95.282453
53.05,10,95.282453
53.05,10,95.29838
53.05,10,95.29838
53.05,10,95.29838
53.05,10,95.29838
53.05,10,95.29838
53.05,10,95.29838
53.05,10,95.316216
53.05,10,95.318218
53.05,10,95.321965
53.05,10,95.321965
53.05,10,95.321965
53.05,10,95.33036
53.05,10,95.33036
53.05,10,95.33036
53.05,10,95.33036
53.05,10,95.33036
53.05,10,95.33036
53.05,10,95.346563
53.05,10,95.346563
53.05,10,95.346563
53.05,10,95.346563
53.05,10,95.346563
53.05,10,95.363056
53.05,10,95.366053
53.05,10,95.369053
53.05,10,95.371159
53.05,10,95.374886
53.05,10,95.375881
53.05,10,95.375881
53.05,10,95.375881
53.05,10,95.375881
53.05,10,95.375881
53.05,10,95.392094
53.05,10,95.392094
53.05,10,95.392094
53.05,10,95.392094
53.05,10,95.392094
53.05,10,95.392094
53.05,10,95.408289
53.05,10,95.408289
53.05,10,95.408289
53.05,10,95.408289
53.05,10,95.408289
53.05,10,95.424348
53.05,10,95.424348
53.05,10,95.424348
53.05,10,95.424348
53.05,10,95.424348
53.05,10,95.424348
53.05,10,95.440308
53.05,10,95.440308
53.05,10,95.440308
53.05,10,95.440308
53.05,10,95.440308
53.05,10,95.456537
53.05,10,95.459277
53.05,10,95.462285
53.05,10,95.464277
53.05,10,95.467276
53.05,10,95.470267
53.05,10,95.473676
53.05,10,95.476676
53.05,10,95.479676
53.05,10,95.482675
53.05,10,95.484676
53.05,10,95.484676
53.05,10,95.484676
53.05,10,95.484676
53.05,10,95.484676
53.05,10,95.484676
53.05,10,95.50052
53.05,10,95.50052
53.05,10,95.50052
53.05,10,95.50052
53.05,10,95.50052
53.05,10,95.516756
53.05,10,95.516756
53.05,10,95.516756
53.05,10,95.516756
53.05,10,95.516756
53.05,10,95.516756
53.05,10,95.532742
53.05,10,95.619157
53.05,10,95.623169
53.05,10,95.625176
53.05,10,95.629189
53.05,10,95.631196
53.05,10,95.63521
53.05,10,95.637216
53.05,10,95.640971
53.05,10,95.644985
53.05,10,95.646992
53.05,10,95.651005
53.05,10,95.653011
53.05,10,95.656765
53.05,10,95.660779
53.05,10,95.662787
53.05,10,95.6668
53.05,10,95.668807
53.05,10,95.673142
53.05,10,95.673142
53.05,10,95.673142
53.05,10,95.673142
53.05,10,95.673142
53.05,10,95.689967
53.05,10,95.692948
53.05,10,95.695899
53.05,10,95.6989
53.05,10,95.7019
53.05,10,95.702899
53.05,10,95.707352
53.05,10,95.707352
53.05,10,95.707352
53.05,10,95.707352
53.05,10,95.707352
53.05,10,95.707352
53.05,10,95.725467
53.05,10,95.727457
53.05,10,95.730466
53.05,10,95.733475
53.05,10,95.736467
53.05,10,95.738462
53.05,10,95.741604
53.05,10,95.744582
53.05,10,95.746587
53.05,10,95.749595
53.05,10,95.752587
53.05,10,95.755592
53.05,10,95.757602
53.05,10,95.757602
53.05,10,95.757602
53.05,10,95.757602
53.05,10,95.757602
53.05,10,95.772875
53.05,10,95.772875
53.05,10,95.772875
53.05,10,95.772875
53.05,10,95.772875
53.05,10,95.772875
53.05,10,95.789091
53.05,10,95.792117
53.05,10,95.795233
53.05,10,95.798417
53.05,10,95.80143
53.05,10,95.803425
53.05,10,95.806654
53.05,10,95.809668
53.05,10,95.812657
53.05,10,95.812657
53.05,10,95.812657
53.05,10,95.812657
53.05,10,95.812657
53.05,10,95.812657
53.05,10,95.830046
53.05,10,95.840523
53.05,10,95.844277
53.05,10,95.844277
53.05,10,95.844277
53.05,10,95.844277
53.05,10,95.844277
53.05,10,95.844277
53.05,10,95.861815
53.05,10,95.864711
53.05,10,95.86771
53.05,10,95.869822
53.05,10,95.872812
53.05,10,95.876156
53.05,10,95.879167
53.05,10,95.882148
53.05,10,95.885152
53.05,10,95.887165
53.05,10,95.890166
53.05,10,95.893512
53.05,10,95.896521
53.05,10,95.899509
53.05,10,95.902504
53.05,10,95.90452
53.05,10,95.907795
53.05,10,95.910907
53.05,10,95.913906
53.05,10,95.916906
53.05,10,95.918911
53.05,10,95.921915
53.05,10,95.922914
53.05,10,96.001901
53.05,10,96.001901
53.05,10,96.019225
53.05,10,96.022253
53.05,10,96.024255
53.05,10,96.027253
53.05,10,96.030253
53.05,10,96.031254
53.05,10,96.031254
53.05,10,96.031254
53.05,10,96.031254
53.05,10,96.031254
53.05,10,96.047075
53.05,10,96.047075
53.05,10,96.047075
53.05,10,96.047075
53.05,10,96.047075
53.05,10,96.063074
53.05,10,96.063074
53.05,10,96.063074
53.05,10,96.063074
53.05,10,96.072708
53.05,10,96.072708
53.05,10,96.078838
53.05,10,96.078838
53.05,10,96.078838
53.05,10,96.078838
53.05,10,96.078838
53.05,10,96.095018
53.05,10,96.095018
53.05,10,96.095018
53.05,10,96.095018
53.05,10,96.095018
53.05,10,96.095018
53.05,10,96.111135
53.05,10,96.111135
53.05,10,96.111135
53.05,10,96.111135
53.05,10,96.111135
53.05,10,96.127271
53.05,10,96.129718
53.05,10,96.132725
53.05,10,96.13572
53.05,10,96.138723
53.05,10,96.140713
53.05,10,96.140713
53.05,10,96.140713
53.05,10,96.140713
53.05,10,96.140713
53.05,10,96.140713
53.05,10,96.156545
53.05,10,96.156545
53.05,10,96.156545
53.05,10,96.156545
53.05,10,96.156545
53.05,10,96.172533
53.05,10,96.172533
53.05,10,96.172533
53.05,10,96.172533
53.05,10,96.172533
53.05,10,96.188645
53.05,10,96.19147
53.05,10,96.194581
53.05,10,96.197578
53.05,10,96.200581
53.05,10,96.203579
53.05,10,96.207761
53.05,10,96.211286
53.05,10,96.213292
53.05,10,96.217304
53.05,10,96.21931
53.05,10,96.223319
53.05,10,96.225444
53.05,10,96.228437
53.05,10,96.231429
53.05,10,96.234438
53.05,10,96.237443
53.05,10,96.240325
53.05,10,96.243434
53.05,10,96.24544
53.05,10,96.248436
53.05,10,96.251454
53.05,10,96.254458
53.05,10,96.257439
53.05,10,96.258546
53.05,10,96.258546
53.05,10,96.258546
53.05,10,96.258546
53.05,10,96.258546
53.05,10,96.27441
53.05,10,96.27441
53.05,10,96.27441
53.05,10,96.27441
53.05,10,96.27441
53.05,10,96.27441
53.05,10,96.29019
53.05,10,96.29599
53.05,10,96.297734
53.05,10,96.297734
53.05,10,96.297734
53.05,10,96.305967
53.05,10,96.305967
53.05,10,96.390795
53.05,10,96.401559
53.05,10,96.403565
53.05,10,96.406577
53.05,10,96.408584
53.05,10,96.412599
53.05,10,96.414606
53.05,10,96.418619
53.05,10,96.422374
53.05,10,96.424382
53.05,10,96.428396
53.05,10,96.430402
53.05,10,96.434415
53.05,10,96.436422
53.05,10,96.440177
53.05,10,96.444191
53.05,10,96.446197
53.05,10,96.45021
53.05,10,96.452217
53.05,10,96.457319
53.05,10,96.461449
53.05,10,96.464441
53.05,10,96.467438
53.05,10,96.469776
53.05,10,96.47311
53.05,10,96.47311
53.05,10,96.47311
53.05,10,96.47311
53.05,10,96.47311
53.05,10,96.485243
53.05,10,96.485243
53.05,10,96.485243
53.05,10,96.485243
53.05,10,96.485243
53.05,10,96.485243
53.05,10,96.501285
53.05,10,96.501285
53.05,10,96.501285
53.05,10,96.501285
53.05,10,96.501285
53.05,10,96.517279
53.05,10,96.517279
53.05,10,96.517279
53.05,10,96.517279
53.05,10,96.517279
53.05,10,96.517279
53.05,10,96.534447
53.05,10,96.538469
53.05,10,96.540479
53.05,10,96.544499
53.05,10,96.546508
53.05,10,96.548518
53.05,10,96.548518
53.05,10,96.548518
53.05,10,96.548518
53.05,10,96.548518
53.05,10,96.564655
53.05,10,96.567183
53.05,10,96.57019
53.05,10,96.573182
53.05,10,96.575906
53.05,10,96.578918
53.05,10,96.578918
53.05,10,96.578918
53.05,10,96.578918
53.05,10,96.578918
53.05,10,96.578918
53.05,10,96.594762
53.05,10,96.594762
53.05,10,96.594762
53.05,10,96.594762
53.05,10,96.594762
53.05,10,96.594762
53.05,10,96.610689
53.05,10,96.610689
53.05,10,96.610689
53.05,10,96.610689
53.05,10,96.610689
53.05,10,96.62677
53.05,10,96.62677
53.05,10,96.62677
53.05,10,96.62677
53.05,10,96.62677
53.05,10,96.62677
53.05,10,96.64291
53.05,10,96.64291
53.05,10,96.64291
53.05,10,96.64291
53.05,10,96.64291
53.05,10,96.659149
53.05,10,96.662166
53.05,10,96.665286
53.05,10,96.668284
53.05,10,96.671281
53.05,10,96.673956
53.05,10,96.677076
53.05,10,96.679069
53.05,10,96.682075
53.05,10,96.685069
53.05,10,96.688076
53.05,10,96.688076
53.05,10,96.688076
53.05,10,96.688076
53.05,10,96.78391
53.05,10,96.788093
53.05,10,96.791093
53.05,10,96.793092
53.05,10,96.796092
53.05,10,96.797092
53.05,10,96.797092
53.05,10,96.797092
53.05,10,96.797092
53.05,10,96.797092
53.05,10,96.813323
53.05,10,96.813323
53.05,10,96.817286
53.05,10,96.817286
53.05,10,96.817286
53.05,10,96.817286
53.05,10,96.82938
53.05,10,96.833082
53.05,10,96.835086
53.05,10,96.835086
53.05,10,96.835086
53.05,10,96.845307
53.05,10,96.845307
53.05,10,96.845307
53.05,10,96.845307
53.05,10,96.845307
53.05,10,96.845307
53.05,10,96.863878
53.05,10,96.866883
53.05,10,96.868882
53.05,10,96.871886
53.05,10,96.875743
53.05,10,96.877633
53.05,10,96.880729
53.05,10,96.883631
53.05,10,96.886742
53.05,10,96.889744
53.05,10,96.892819
53.05,10,96.89588
53.05,10,96.898883
53.05,10,96.901878
53.05,10,96.904883
53.05,10,96.905883
53.05,10,96.905883
53.05,10,96.905883
53.05,10,96.905883
53.05,10,96.905883
53.05,10,96.921663
53.05,10,96.921663
53.05,10,96.921663
53.05,10,96.921663
53.05,10,96.921663
53.05,10,96.921663
53.05,10,96.937891
53.05,10,96.937891
53.05,10,96.937891
53.05,10,96.937891
53.05,10,96.937891
53.05,10,96.954029
53.05,10,96.954029
53.05,10,96.954029
53.05,10,96.954029
53.05,10,96.954029
53.05,10,96.954029
53.05,10,96.970184
53.05,10,96.973823
53.05,10,96.973823
53.05,10,96.973823
53.05,10,96.973823
53.05,10,96.985959
53.05,10,96.985959
53.05,10,96.985959
53.05,10,96.985959
53.05,10,96.985959
53.05,10,96.985959
53.05,10,97.003364
53.05,10,97.006474
53.05,10,97.009487
53.05,10,97.012486
53.05,10,97.015482
53.05,10,97.015482
53.05,10,97.015482
53.05,10,97.015482
53.05,10,97.015482
53.05,10,97.015482
53.05,10,97.031295
53.05,10,97.031295
53.05,10,97.031295
53.05,10,97.031295
53.05,10,97.031295
53.05,10,97.047318
53.05,10,97.051095
53.05,10,97.0531
53.05,10,97.0531
53.05,10,97.0531
53.05,10,97.0531
53.05,10,97.063283
53.05,10,97.063283
53.05,10,97.063283
53.05,10,97.074044
53.05,10,97.074044
53.05,10,97.079189
53.05,10,97.164755
53.05,10,97.166762
53.05,10,97.168767
53.05,10,97.172522
53.05,10,97.176037
53.05,10,97.180051
53.05,10,97.182057
53.05,10,97.18607
53.05,10,97.189494
53.05,10,97.200106
53.05,10,97.204118
53.05,10,97.20679
53.05,10,97.209797
53.05,10,97.212797
53.05,10,97.215797
53.05,10,97.218797
53.05,10,97.221797
53.05,10,97.224811
53.05,10,97.22781
53.05,10,97.23081
53.05,10,97.23381
53.05,10,97.23681
53.05,10,97.239819
53.05,10,97.239819
53.05,10,97.239819
53.05,10,97.239819
53.05,10,97.239819
53.05,10,97.239819
53.05,10,97.256207
53.05,10,97.25851
53.05,10,97.261528
53.05,10,97.264533
53.05,10,97.267528
53.05,10,97.270528
53.045,11,97.274039
53.05,10,97.276784
53.05,10,97.280846
53.05,10,97.282853
53.05,10,97.284859
53.05,10,97.288871
53.05,10,97.293213
53.05,10,97.296224
53.05,10,97.298218
53.05,10,97.301224
53.05,10,97.304219
53.05,10,97.307042
53.05,10,97.309869
53.05,10,97.312861
53.05,10,97.315866
53.05,10,97.318861
53.05,10,97.320858
53.05,10,97.324439
53.05,10,97.326544
53.05,10,97.329728
53.05,10,97.33274
53.05,10,97.334727
53.05,10,97.337729
53.05,10,97.340738
53.05,10,97.343727
53.05,10,97.346864
53.05,10,97.349873
53.05,10,97.352859
53.05,10,97.356768
53.05,10,97.361076
53.05,10,97.364074
53.05,10,97.36708
53.05,10,97.369076
53.05,10,97.372688
53.05,10,97.375421
53.05,10,97.375421
53.05,10,97.375421
53.05,10,97.375421
53.05,10,97.375421
53.05,10,97.375421
53.05,10,97.391637
53.05,10,97.391637
53.05,10,97.391637
53.05,10,97.391637
53.05,10,97.391637
53.05,10,97.391637
53.05,10,97.407868
53.05,10,97.407868
53.05,10,97.407868
53.05,10,97.407868
53.05,10,97.407868
53.05,10,97.423989
53.05,10,97.423989
53.05,10,97.429787
53.05,10,97.429787
53.05,10,97.429787
53.05,10,97.429787
53.05,10,97.441073
53.05,10,97.444184
53.05,10,97.447199
53.05,10,97.450186
53.05,10,97.453187
53.05,10,97.453187
53.05,10,97.453187
53.05,10,97.453187
53.05,10,97.453187
53.05,10,97.453187
53.05,10,97.468999
53.05,10,97.563041
53.05,10,97.569372
53.05,10,97.571379
53.05,10,97.574891
53.05,10,97.576898
53.05,10,97.578905
53.05,10,97.578905
53.05,10,97.578905
53.05,10,97.578905
53.05,10,97.578905
53.05,10,97.595066
53.05,10,97.59762
53.05,10,97.601366
53.05,10,97.601366
53.05,10,97.601366
53.05,10,97.601366
53.05,10,97.611244
53.05,10,97.611244
53.05,10,97.611244
53.05,10,97.611244
53.05,10,97.611244
53.05,10,97.627011
53.05,10,97.627011
53.05,10,97.627011
53.05,10,97.627011
53.05,10,97.627011
53.05,10,97.627011
53.05,10,97.642943
53.05,10,97.642943
53.05,10,97.642943
53.05,10,97.642943
53.05,10,97.642943
53.05,10,97.659085
53.05,10,97.661263
53.05,10,97.664263
53.05,10,97.667388
53.05,10,97.670381
53.05,10,97.672379
53.05,10,97.675025
53.05,10,97.675025
53.05,10,97.675025
53.05,10,97.675025
53.05,10,97.675025
53.05,10,97.690423
53.05,10,97.693421
53.05,10,97.696432
53.05,10,97.699413
53.05,10,97.702425
53.05,10,97.705354
53.05,10,97.707427
53.05,10,97.711121
53.05,10,97.715134
53.05,10,97.717141
53.05,10,97.719147
53.05,10,97.723469
53.05,10,97.726828
53.05,10,97.728824
53.05,10,97.731817
53.05,10,97.734824
53.05,10,97.737816
53.05,10,97.74007
53.05,10,97.743245
53.05,10,97.746233
53.05,10,97.749245
53.05,10,97.752245
53.05,10,97.755245
53.05,10,97.757247
53.05,10,97.760271
53.05,10,97.763269
53.05,10,97.766269
53.05,10,97.769269
53.05,10,97.772255
53.05,10,97.775783
53.05,10,97.777812
53.05,10,97.780811
53.05,10,97.781811
53.05,10,97.781811
53.05,10,97.781811
53.05,10,97.781811
53.05,10,97.781811
53.05,10,97.798563
53.05,10,97.799061
53.05,10,97.804307
53.05,10,97.808848
53.05,10,97.810852
53.05,10,97.813848
53.05,10,97.816742
53.05,10,97.819759
53.05,10,97.822851
53.05,10,97.824804
53.05,10,97.82782
53.05,10,97.830822
53.05,10,97.83382
53.05,10,97.83682
53.05,10,97.839824
53.05,10,97.840823
53.05,10,97.840823
53.05,10,97.840823
53.05,10,97.840823
53.05,10,97.840823
53.05,10,97.85658
53.05,10,97.85658
53.05,10,97.85658
53.05,10,97.95032
53.05,10,97.951325
53.05,10,97.951325
53.05,10,97.951325
53.05,10,97.951325
53.05,10,97.951325
53.05,10,97.967459
53.05,10,97.967459
53.05,10,97.967459
53.05,10,97.975844
53.05,10,97.975844
53.05,10,97.975844
53.05,10,97.984845
53.05,10,97.988058
53.05,10,97.991053
53.05,10,97.994043
53.05,10,97.997043
53.05,10,98.000053
53.05,10,98.000053
53.05,10,98.000053
53.05,10,98.000053
53.05,10,98.000053
53.05,10,98.000053
53.05,10,98.016054
53.05,10,98.016054
53.05,10,98.016054
53.05,10,98.016054
53.05,10,98.016054
53.05,10,98.03202
53.05,10,98.03202
53.05,10,98.03202
53.05,10,98.03202
53.05,10,98.03202
53.05,10,98.03202
53.05,10,98.04778
53.05,10,98.04778
53.05,10,98.04778
53.05,10,98.04778
53.05,10,98.04778
53.05,10,98.063924
53.05,10,98.064723
53.05,10,98.064723
53.05,10,98.064723
53.05,10,98.064723
53.05,10,98.076231
53.05,10,98.081242
53.05,10,98.084568
53.05,10,98.087144
53.05,10,98.090182
53.05,10,98.093199
53.05,10,98.095975
53.05,10,98.098981
53.05,10,98.102093
53.05,10,98.1051
53.05,10,98.108094
53.05,10,98.109101
53.05,10,98.109101
53.05,10,98.109101
53.05,10,98.109101
53.05,10,98.109101
53.05,10,98.124759
53.05,10,98.124759
53.05,10,98.124759
53.05,10,98.124759
53.05,10,98.124759
53.05,10,98.124759
53.05,10,98.140649
53.05,10,98.140649
53.05,10,98.140649
53.05,10,98.140649
53.05,10,98.140649
53.05,10,98.15663
53.05,10,98.15663
53.05,10,98.15663
53.05,10,98.15663
53.05,10,98.15663
53.05,10,98.15663
53.05,10,98.172492
53.05,10,98.176344
53.05,10,98.176344
53.05,10,98.176344
53.05,10,98.176344
53.05,10,98.189272
53.05,10,98.192389
53.05,10,98.195393
53.05,10,98.198393
53.05,10,98.201388
53.05,10,98.204394
53.05,10,98.207392
53.05,10,98.210278
53.05,10,98.213278
53.05,10,98.216278
53.05,10,98.219278
53.05,10,98.223153
53.05,10,98.22641
53.05,10,98.22941
53.05,10,98.23241
53.05,10,98.23541
53.05,10,98.23741
53.05,10,98.241408
53.05,10,98.244022
53.05,10,98.247178
53.05,10,98.334252
53.05,10,98.338253
53.05,10,98.341126
53.05,10,98.344141
53.05,10,98.34714
53.05,10,98.35014
53.05,10,98.352141
53.05,10,98.35514
53.05,10,98.357127
53.05,10,98.357127
53.05,10,98.357127
53.05,10,98.357127
53.05,10,98.357127
53.05,10,98.357127
53.05,10,98.372972
53.05,10,98.376347
53.05,10,98.376347
53.05,10,98.376347
53.05,10,98.376347
53.05,10,98.389173
53.05,10,98.392308
53.05,10,98.395297
53.05,10,98.398298
53.05,10,98.401309
53.05,10,98.404305
53.05,10,98.406545
53.05,10,98.409686
53.05,10,98.412687
53.05,10,98.415694
53.05,10,98.418699
53.05,10,98.420706
53.05,10,98.421694
53.05,10,98.421694
53.05,10,98.421694
53.05,10,98.421694
53.05,10,98.421694
53.05,10,98.437541
53.05,10,98.437541
53.05,10,98.437541
53.05,10,98.437541
53.05,10,98.437541
53.05,10,98.437541
53.05,10,98.453736
53.05,10,98.453736
53.05,10,98.453736
53.05,10,98.453736
53.05,10,98.453736
53.05,10,98.469951
53.05,10,98.472009
53.05,10,98.474017
53.05,10,98.47853
53.05,10,98.480535
53.05,10,98.484548
53.05,10,98.486053
53.05,10,98.490588
53.05,10,98.492594
53.05,10,98.496606
53.05,10,98.498612
53.05,10,98.502123
53.05,10,98.502123
53.05,10,98.502123
53.05,10,98.502123
53.05,10,98.502123
53.05,10,98.502123
53.05,10,98.519433
53.05,10,98.522449
53.05,10,98.525447
53.05,10,98.528447
53.05,10,98.530448
53.05,10,98.531448
53.05,10,98.531448
53.05,10,98.531448
53.05,10,98.531448
53.05,10,98.531448
53.05,10,98.531448
53.05,10,98.547584
53.05,10,98.547584
53.05,10,98.547584
53.05,10,98.547584
53.05,10,98.547584
53.05,10,98.565066
53.05,10,98.576827
53.05,10,98.579383
53.05,10,98.579383
53.05,10,98.579383
53.05,10,98.579383
53.05,10,98.579383
53.05,10,98.579383
53.05,10,98.595178
53.05,10,98.595178
53.05,10,98.595178
53.05,10,98.595178
53.05,10,98.595178
53.05,10,98.611318
53.05,10,98.611318
53.05,10,98.611318
53.05,10,98.611318
53.05,10,98.611318
53.05,10,98.611318
53.05,10,98.628681
53.05,10,98.630802
53.05,10,98.633789
53.05,10,98.636794
53.05,10,98.727362
53.05,10,98.730363
53.05,10,98.733362
53.05,10,98.736363
53.05,10,98.739363
53.05,10,98.743363
53.05,10,98.746362
53.05,10,98.749362
53.05,10,98.750362
53.05,10,98.750362
53.05,10,98.750362
53.05,10,98.750362
53.05,10,98.750362
53.05,10,98.766297
53.05,10,98.766297
53.05,10,98.766297
53.05,10,98.766297
53.05,10,98.777007
53.05,10,98.777007
53.05,10,98.784148
53.05,10,98.786162
53.05,10,98.790184
53.05,10,98.792191
53.05,10,98.794201
53.05,10,98.797962
53.05,10,98.797962
53.05,10,98.797962
53.05,10,98.797962
53.05,10,98.797962
53.05,10,98.797962
53.05,10,98.814073
53.05,10,98.818092
53.05,10,98.821469
53.05,10,98.823754
53.05,10,98.824882
53.05,10,98.830189
53.05,10,98.832531
53.05,10,98.835624
53.05,10,98.838516
53.05,10,98.841514
53.05,10,98.844607
53.05,10,98.847629
53.05,10,98.850606
53.05,10,98.853606
53.05,10,98.856605
53.05,10,98.860615
53.05,10,98.863631
53.05,10,98.866636
53.05,10,98.869726
53.05,10,98.871726
53.05,10,98.874659
53.05,10,98.87733
53.05,10,98.880447
53.05,10,98.883435
53.05,10,98.886457
53.05,10,98.889438
53.05,10,98.891336
53.05,10,98.896428
53.05,10,98.898432
53.05,10,98.900434
53.05,10,98.900434
53.05,10,98.907333
53.05,10,98.907333
53.05,10,98.907333
53.05,10,98.907333
53.05,10,98.907333
53.05,10,98.907333
53.05,10,98.923502
53.05,10,98.923502
53.05,10,98.923502
53.05,10,98.923502
53.05,10,98.923502
53.05,10,98.939681
53.05,10,98.939681
53.05,10,98.939681
53.05,10,98.939681
53.05,10,98.939681
53.05,10,98.939681
53.05,10,98.95837
53.05,10,98.96137
53.05,10,98.963495
53.05,10,98.966485
53.05,10,98.969496
53.05,10,98.969496
53.05,10,98.969496
53.05,10,98.977823
53.05,10,98.977823
53.05,10,98.977823
53.05,10,98.985569
53.05,10,98.985569
53.05,10,98.985569
53.05,10,98.985569
53.05,10,98.985569
53.05,10,99.001559
53.05,10,99.005542
53.05,10,99.007548
53.05,10,99.01156
53.05,10,99.013566
53.05,10,99.017321
53.05,10,99.017321
53.05,10,99.017321
53.05,10,99.017321
53.05,10,99.113619
53.05,10,99.115626
53.05,10,99.119639
53.05,10,99.121645
53.05,10,99.12516
53.05,10,99.129174
53.05,10,99.131181
53.05,10,99.135194
53.05,10,99.1372
53.05,10,99.140954
53.05,10,99.144967
53.05,10,99.146974
53.05,10,99.150987
53.05,10,99.152993
53.05,10,99.156748
53.05,10,99.158754
53.05,10,99.162767
53.05,10,99.16678
53.05,10,99.168786
53.05,10,99.17254
53.05,10,99.175928
53.05,10,99.178533
53.05,10,99.181641
53.05,10,99.184645
53.05,10,99.186643
53.05,10,99.190808
53.05,10,99.190808
53.05,10,99.190808
53.05,10,99.190808
53.05,10,99.190808
53.05,10,99.190808
53.05,10,99.208136
53.05,10,99.211128
53.05,10,99.214141
53.05,10,99.217139
53.05,10,99.219131
53.05,10,99.222132
53.05,10,99.225021
53.05,10,99.228322
53.05,10,99.232198
53.05,10,99.235195
53.05,10,99.237192
53.05,10,99.240086
53.05,10,99.241089
53.05,10,99.241089
53.05,10,99.241089
53.05,10,99.241089
53.05,10,99.241089
53.05,10,99.256833
53.05,10,99.256833
53.05,10,99.256833
53.05,10,99.256833
53.05,10,99.256833
53.05,10,99.256833
53.05,10,99.274365
53.05,10,99.276378
53.05,10,99.280114
53.05,10,99.283237
53.05,10,99.286238
53.05,10,99.288238
53.05,10,99.291542
53.05,10,99.294551
53.05,10,99.297543
53.05,10,99.297543
53.05,10,99.297543
53.05,10,99.297543
53.05,10,99.297543
53.05,10,99.297543
53.05,10,99.313312
53.05,10,99.313312
53.05,10,99.313312
53.05,10,99.313312
53.05,10,99.313312
53.05,10,99.313312
53.05,10,99.329471
53.05,10,99.329471
53.05,10,99.329471
53.05,10,99.329471
53.05,10,99.329471
53.05,10,99.345521
53.05,10,99.345521
53.05,10,99.345521
53.05,10,99.345521
53.05,10,99.345521
53.05,10,99.345521
53.05,10,99.361693
53.05,10,99.361693
53.05,10,99.361693
53.05,10,99.361693
53.05,10,99.361693
53.05,10,99.377682
53.05,10,99.378546
53.05,10,99.381453
53.05,10,99.381453
53.05,10,99.390001
53.05,10,99.392178
53.05,10,99.395194
53.05,10,99.398196
53.05,10,99.401187
53.05,10,99.404189
53.05,10,99.407082
53.05,10,99.411117
53.05,10,99.501659
53.05,10,99.505664
53.05,10,99.508663
53.05,10,99.511668
53.05,10,99.514663
53.05,10,99.515663
53.05,10,99.519297
53.05,10,99.523307
53.05,10,99.526247
53.05,10,99.526247
53.05,10,99.531557
53.05,10,99.531557
53.05,10,99.531557
53.05,10,99.531557
53.05,10,99.531557
53.05,10,99.531557
53.05,10,99.547666
53.05,10,99.547666
53.05,10,99.547666
53.05,10,99.547666
53.05,10,99.547666
53.05,10,99.563888
53.05,10,99.563888
53.05,10,99.563888
53.05,10,99.563888
53.05,10,99.563888
53.05,10,99.580028
53.05,10,99.580028
53.05,10,99.580028
53.05,10,99.580028
53.05,10,99.580028
53.05,10,99.580028
53.05,10,99.595825
53.05,10,99.595825
53.05,10,99.595825
53.05,10,99.595825
53.05,10,99.595825
53.05,10,99.611995
53.05,10,99.616016
53.05,10,99.618016
53.05,10,99.621016
53.05,10,99.624016
53.05,10,99.625016
53.05,10,99.625016
53.05,10,99.625016
53.05,10,99.625016
53.05,10,99.625016
53.05,10,99.640876
53.05,10,99.640876
53.05,10,99.640876
53.05,10,99.640876
53.05,10,99.640876
53.05,10,99.640876
53.05,10,99.656808
53.05,10,99.656808
53.05,10,99.656808
53.05,10,99.656808
53.05,10,99.656808
53.05,10,99.672642
53.05,10,99.674652
53.05,10,99.678755
53.05,10,99.678755
53.05,10,99.678755
53.05,10,99.678755
53.05,10,99.690472
53.05,10,99.693492
53.05,10,99.696476
53.05,10,99.699474
53.05,10,99.701487
53.05,10,99.70587
53.05,10,99.708622
53.05,10,99.711713
53.05,10,99.713814
53.05,10,99.717826
53.05,10,99.72119
53.05,10,99.723323
53.05,10,99.726315
53.05,10,99.729304
53.05,10,99.732323
53.05,10,99.73431
53.05,10,99.737305
53.05,10,99.740222
53.05,10,99.743561
53.05,10,99.745564
53.05,10,99.748573
53.05,10,99.751576
53.05,10,99.754577
53.05,10,99.757567
53.05,10,99.757567
53.05,10,99.757567
53.05,10,99.757567
53.05,10,99.757567
53.05,10,99.757567
53.05,10,99.773341
53.05,10,99.773341
53.05,10,99.77904
53.05,10,99.77904
53.05,10,99.77904
53.05,10,99.789173
53.05,10,99.789173
53.05,10,99.789173
53.05,10,99.789173
53.05,10,99.789173
53.05,10,99.886673
53.05,10,99.888679
53.05,10,99.89258
53.05,10,99.894587
53.05,10,99.898602
53.05,10,99.902616
53.05,10,99.906371
53.05,10,99.909621
53.05,10,99.912609
53.05,10,99.915609
53.05,10,99.918609
53.05,10,99.922966
53.05,10,99.926496
53.05,10,99.929489
53.05,10,99.932489
53.05,10,99.935498
53.05,10,99.939378
53.05,10,99.942378
53.05,10,99.944378
53.05,10,99.947378
53.05,10,99.950378
53.05,10,99.953378
53.05,10,99.956378
53.05,10,99.957378
53.05,10,99.957378
53.05,10,99.957378
53.05,10,99.957378
53.05,10,99.957378
53.05,10,99.973182
53.05,10,99.977197
53.05,10,99.979203
53.05,10,99.98121
53.05,10,99.985222
53.05,10,99.987228
53.05,10,99.990981
53.05,10,99.992988
53.05,10,99.997
53.05,10,99.999007
53.05,10,100.001013
53.05,10,100.004766
53.05,10,100.004766
53.05,10,100.004766
53.05,10,100.004766
53.05,10,100.004766
53.05,10,100.020623
53.05,10,100.020623
53.05,10,100.020623
53.05,10,100.020623
53.05,10,100.020623
53.05,10,100.020623
53.05,10,100.036753
53.05,10,100.040766
53.05,10,100.042772
53.05,10,100.044778
53.05,10,100.04879
53.05,10,100.050796
53.05,10,100.054863
53.05,10,100.057876
53.05,10,100.06088
53.05,10,100.062875
53.05,10,100.062875
53.05,10,100.062875
53.05,10,100.062875
53.05,10,100.062875
53.05,10,100.062875
53.05,10,100.081235
53.05,10,100.083241
53.05,10,100.085247
53.05,10,100.089259
53.05,10,100.091265
53.05,10,100.094777
53.05,10,100.096783
53.05,10,100.100796
53.05,10,100.102802
53.05,10,100.104807
53.05,10,100.108819
53.05,10,100.110566
53.05,10,100.114579
53.05,10,100.116585
53.05,10,100.118591
53.05,10,100.122602
53.05,10,100.124609
53.05,10,100.128362
53.05,10,100.130369
53.05,10,100.132375
53.05,10,100.137308
53.05,10,100.139314
53.05,10,100.14367
53.05,10,100.146663
53.05,10,100.149657
53.05,10,100.152658
53.05,10,100.155658
53.05,10,100.158784
53.05,10,100.162001
53.05,10,100.165007
53.05,10,100.167006
53.05,10,100.170007
53.05,10,100.172007
53.05,10,100.172007
53.05,10,100.179221
53.05,10,100.179221
53.05,10,100.179221
53.05,10,100.273016
53.05,10,100.276913
53.05,10,100.279422
53.05,10,100.283437
53.05,10,100.287451
53.05,10,100.290965
53.05,10,100.292972
53.05,10,100.296985
53.05,10,100.298992
53.05,10,100.303005
53.05,10,100.30676
53.05,10,100.308767
53.05,10,100.31278
53.05,10,100.314786
53.05,10,100.318799
53.05,10,100.322553
53.05,10,100.324556
53.05,10,100.326299
53.05,10,100.326299
53.05,10,100.326299
53.05,10,100.336648
53.05,10,100.336648
53.05,10,100.336648
53.05,10,100.336648
53.05,10,100.336648
53.05,10,100.336648
53.05,10,100.35263
53.05,10,100.35263
53.05,10,100.35263
53.05,10,100.35263
53.05,10,100.35263
53.05,10,100.35263
53.05,10,100.368433
53.05,10,100.368433
53.05,10,100.368433
53.05,10,100.368433
53.05,10,100.379619
53.05,10,100.379619
53.05,10,100.386796
53.05,10,100.389804
53.05,10,100.391969
53.05,10,100.394969
53.05,10,100.397962
53.05,10,100.400977
53.05,10,100.40397
53.05,10,100.405958
53.05,10,100.409093
53.05,10,100.412108
53.05,10,100.415103
53.05,10,100.417771
53.05,10,100.420772
53.05,10,100.422773
53.05,10,100.422773
53.05,10,100.422773
53.05,10,100.422773
53.05,10,100.422773
53.05,10,100.422773
53.05,10,100.441523
53.05,10,100.444524
53.05,10,100.446523
53.05,10,100.449539
53.05,10,100.452526
53.05,10,100.455521
53.05,10,100.457531
53.05,10,100.460839
53.05,10,100.460839
53.05,10,100.460839
53.05,10,100.460839
53.05,10,100.473659
53.05,10,100.476795
53.05,10,100.479803
53.05,10,100.48254
53.05,10,100.485538
53.05,10,100.488548
53.05,10,100.490148
53.05,10,100.493558
53.05,10,100.49655
53.05,10,100.499565
53.05,10,100.502556
53.05,10,100.505554
53.05,10,100.507445
53.05,10,100.511467
53.05,10,100.511467
53.05,10,100.511467
53.05,10,100.511467
53.05,10,100.511467
53.05,10,100.523476
53.05,10,100.523476
53.05,10,100.523476
53.05,10,100.523476
53.05,10,100.523476
53.05,10,100.541354
53.05,10,100.544352
53.05,10,100.544352
53.05,10,100.547832
53.05,10,100.553792
53.05,10,100.555799
53.05,10,100.555799
53.05,10,100.560171
53.05,10,100.560171
53.05,10,100.560171
53.05,10,100.560171
53.05,10,100.560171
53.05,10,100.662898
53.05,10,100.666912
53.05,10,100.66892
53.05,10,100.672675
53.05,10,100.67669
53.05,10,100.680204
53.05,10,100.682211
53.05,10,100.686954
53.05,10,100.689737
53.05,10,100.692752
53.05,10,100.69575
53.05,10,100.698735
53.05,10,100.70075
53.05,10,100.702751
53.05,10,100.706702
53.05,10,100.708945
53.05,10,100.711944
53.05,10,100.714929
53.05,10,100.717945
53.05,10,100.720944
53.05,10,100.723561
53.05,10,100.726734
53.05,10,100.728733
53.05,10,100.731732
53.05,10,100.734733
53.05,10,100.737732
53.05,10,100.740746
53.05,10,100.740746
53.05,10,100.740746
53.05,10,100.740746
53.05,10,100.740746
53.05,10,100.740746
53.05,10,100.756835
53.05,10,100.760847
53.05,10,100.762591
53.05,10,100.76433
53.05,10,100.76433
53.05,10,100.76433
53.05,10,100.772896
53.05,10,100.772896
53.05,10,100.780449
53.05,10,100.780449
53.05,10,100.780449
53.05,10,100.789432
53.05,10,100.792553
53.05,10,100.795563
53.05,10,100.798718
53.05,10,100.800712
53.05,10,100.803711
53.05,10,100.806709
53.05,10,100.809711
53.05,10,100.812711
53.05,10,100.812711
53.05,10,100.812711
53.05,10,100.812711
53.05,10,100.812711
53.05,10,100.812711
53.05,10,100.828503
53.05,10,100.828503
53.05,10,100.828503
53.05,10,100.828503
53.05,10,100.828503
53.05,10,100.84489
53.05,10,100.846896
53.05,10,100.848904
53.05,10,100.848904
53.05,10,100.848904
53.05,10,100.848904
53.05,10,100.860503
53.05,10,100.860503
53.05,10,100.860503
53.05,10,100.860503
53.05,10,100.860503
53.05,10,100.876661
53.05,10,100.876661
53.05,10,100.880448
53.05,10,100.880448
53.05,10,100.880448
53.05,10,100.880448
53.05,10,100.892871
53.05,10,100.892871
53.05,10,100.892871
53.05,10,100.892871
53.05,10,100.892871
53.05,10,100.909427
53.05,10,100.911566
53.05,10,100.914568
53.05,10,100.917562
53.05,10,100.920556
53.05,10,100.923744
53.05,10,100.926751
53.05,10,100.929758
53.05,10,100.932763
53.05,10,100.934741
53.05,10,100.937752
53.05,10,100.937752
53.05,10,100.937752
53.05,10,100.937752
53.05,10,100.937752
53.05,10,100.937752
53.05,10,100.953629
53.05,10,100.953629
53.05,10,101.047237
53.05,10,101.049243
53.05,10,101.05125
53.05,10,101.055004
53.05,10,101.059019
53.05,10,101.061026
53.05,10,101.06504
53.05,10,101.069053
53.05,10,101.070801
53.05,10,101.074816
53.05,10,101.076822
53.05,10,101.080336
53.05,10,101.084349
53.05,10,101.086356
53.05,10,101.09037
53.05,10,101.092376
53.05,10,101.096393
53.05,10,101.0984
53.05,10,101.102154
53.05,10,101.106168
53.05,10,101.108175
53.05,10,101.112192
53.05,10,101.114199
53.05,10,101.117953
53.05,10,101.117953
53.05,10,101.117953
53.05,10,101.117953
53.05,10,101.117953
53.05,10,101.117953
53.05,10,101.135505
53.05,10,101.138622
53.05,10,101.140625
53.05,10,101.140625
53.05,10,101.140625
53.05,10,101.140625
53.05,10,101.140625
53.05,10,101.140625
53.05,10,101.15641
53.05,10,101.15641
53.05,10,101.15641
53.05,10,101.15641
53.05,10,101.15641
53.05,10,101.15641
53.05,10,101.172429
53.05,10,101.172429
53.05,10,101.172429
53.05,10,101.180635
53.05,10,101.180635
53.05,10,101.188882
53.05,10,101.191498
53.05,10,101.191498
53.05,10,101.198095
53.05,10,101.200101
53.05,10,101.204113
53.05,10,101.206793
53.05,10,101.209799
53.05,10,101.212799
53.05,10,101.215799
53.05,10,101.218799
53.05,10,101.221799
53.05,10,101.224738
53.05,10,101.227804
53.05,10,101.230797
53.05,10,101.232791
53.05,10,101.23579
53.05,10,101.238798
53.05,10,101.241802
53.05,10,101.243783
53.05,10,101.246782
53.05,10,101.249799
53.05,10,101.249799
53.05,10,101.249799
53.05,10,101.249799
53.05,10,101.249799
53.05,10,101.249799
53.05,10,101.265773
53.05,10,101.270029
53.05,10,101.272035
53.05,10,101.274042
53.05,10,101.278054
53.05,10,101.280565
53.05,10,101.283985
53.05,10,101.29201
53.05,10,101.297537
53.05,10,101.301307
53.05,10,101.303314
53.05,10,101.307326
53.05,10,101.309332
53.05,10,101.311338
53.05,10,101.313344
53.05,10,101.313344
53.05,10,101.313344
53.05,10,101.313344
53.05,10,101.313344
53.05,10,101.329222
53.05,10,101.332467
53.05,10,101.335465
53.05,10,101.337466
53.05,10,101.340473
53.05,10,101.343454
53.05,10,101.346471
53.05,10,101.348471
53.05,10,101.42206
53.05,10,101.440053
53.05,10,101.443068
53.05,10,101.446068
53.05,10,101.449068
53.05,10,101.452069
53.05,10,101.454377
53.05,10,101.457404
53.05,10,101.460404
53.05,10,101.462508
53.05,10,101.465496
53.05,10,101.468616
53.05,10,101.468616
53.05,10,101.468616
53.05,10,101.468616
53.05,10,101.468616
53.05,10,101.48101
53.05,10,101.484654
53.05,10,101.484654
53.05,10,101.484654
53.05,10,101.484654
53.05,10,101.484654
53.05,10,101.50046
53.05,10,101.502104
53.05,10,101.507669
53.05,10,101.51067
53.05,10,101.51367
53.05,10,101.51667
53.05,10,101.519795
53.05,10,101.52267
53.05,10,101.525763
53.05,10,101.528763
53.05,10,101.531878
53.05,10,101.533877
53.05,10,101.53686
53.05,10,101.539892
53.05,10,101.539892
53.05,10,101.546012
53.05,10,101.548018
53.05,10,101.550024
53.05,10,101.554036
53.05,10,101.555784
53.05,10,101.560903
53.05,10,101.562913
53.05,10,101.564923
53.05,10,101.568586
53.05,10,101.57166
53.05,10,101.57166
53.05,10,101.57166
53.05,10,101.581115
53.05,10,101.581115
53.05,10,101.581115
53.05,10,101.587671
53.05,10,101.587671
53.05,10,101.587671
53.05,10,101.587671
53.05,10,101.587671
53.05,10,101.603621
53.05,10,101.603621
53.05,10,101.603621
53.05,10,101.603621
53.05,10,101.603621
53.05,10,101.603621
53.05,10,101.619674
53.05,10,101.619674
53.05,10,101.619674
53.05,10,101.619674
53.05,10,101.619674
53.05,10,101.619674
53.05,10,101.635902
53.05,10,101.635902
53.05,10,101.635902
53.05,10,101.635902
53.05,10,101.635902
53.05,10,101.652149
53.05,10,101.652149
53.05,10,101.658193
53.05,10,101.660199
53.05,10,101.664212
53.05,10,101.666218
53.05,10,101.670228
53.05,10,101.672232
53.05,10,101.672232
53.05,10,101.672232
53.05,10,101.681434
53.05,10,101.681434
53.05,10,101.681434
53.05,10,101.689108
53.05,10,101.691615
53.05,10,101.691615
53.05,10,101.691615
53.05,10,101.691615
53.05,10,101.691615
53.05,10,101.706802
53.05,10,101.710042
53.05,10,101.713035
53.05,10,101.716036
53.05,10,101.719059
53.05,10,101.721043
53.05,10,101.725572
53.05,10,101.728571
53.05,10,101.731571
53.05,10,101.733572
53.05,10,101.821109
53.05,10,101.823116
53.05,10,101.82713
53.05,10,101.828879
53.05,10,101.828879
53.05,10,101.828879
53.05,10,101.828879
53.05,10,101.828879
53.05,10,101.844758
53.05,10,101.844758
53.05,10,101.844758
53.05,10,101.844758
53.05,10,101.844758
53.05,10,101.844758
53.05,10,101.861946
53.05,10,101.864945
53.05,10,101.867951
53.05,10,101.870964
53.05,10,101.873964
53.05,10,101.876966
53.05,10,101.879961
53.05,10,101.882509
53.05,10,101.885492
53.05,10,101.888507
53.05,10,101.891508
53.05,10,101.894855
53.05,10,101.897855
53.05,10,101.900854
53.05,10,101.902854
53.05,10,101.905855
53.05,10,101.908856
53.05,10,101.911867
53.05,10,101.914855
53.05,10,101.917855
53.05,10,101.920855
53.05,10,101.923981
53.05,10,101.927009
53.05,10,101.930008
53.05,10,101.933008
53.05,10,101.935008
53.05,10,101.938008
53.05,10,101.943001
53.05,10,101.946996
53.05,10,101.949995
53.05,10,101.952995
53.05,10,101.956268
53.05,10,101.959183
53.05,10,101.961189
53.05,10,101.964195
53.05,10,101.967291
53.05,10,101.970303
53.05,10,101.972453
53.05,10,101.975447
53.05,10,101.978431
53.05,10,101.981442
53.05,10,101.9842
53.05,10,101.987284
53.05,10,101.99034
53.05,10,101.993347
53.05,10,101.995346
53.05,10,101.998338
53.05,10,102.000338
53.05,10,102.000338
53.05,10,102.000338
53.05,10,102.000338
53.05,10,102.000338
53.05,10,102.000338
53.05,10,102.016217
53.05,10,102.022243
53.05,10,102.022243
53.05,10,102.022243
53.05,10,102.03232
53.05,10,102.033966
53.05,10,102.033966
53.05,10,102.042242
53.05,10,102.045237
53.05,10,102.048241
53.05,10,102.05125
53.05,10,102.05424
53.05,10,102.056884
53.05,10,102.060039
53.05,10,102.063035
53.05,10,102.066027
53.05,10,102.069144
53.05,10,102.072145
53.05,10,102.074145
53.05,10,102.074145
53.05,10,102.081437
53.05,10,102.081437
53.05,10,102.081437
53.05,10,102.08996
53.05,10,102.08996
53.05,10,102.08996
53.05,10,102.08996
53.05,10,102.08996
53.05,10,102.08996
53.05,10,102.105918
53.05,10,102.105918
53.05,10,102.105918
53.05,10,102.105918
53.05,10,102.105918
53.05,10,102.122098
53.05,10,102.209186
53.05,10,102.212185
53.05,10,102.216186
53.05,10,102.219186
53.05,10,102.222198
53.05,10,102.224198
53.05,10,102.224198
53.05,10,102.224198
53.05,10,102.224198
53.05,10,102.224198
53.05,10,102.224198
53.05,10,102.240114
53.05,10,102.240114
53.05,10,102.240114
53.05,10,102.240114
53.05,10,102.240114
53.05,10,102.255992
53.05,10,102.255992
53.05,10,102.255992
53.05,10,102.255992
53.05,10,102.255992
53.05,10,102.255992
53.05,10,102.272056
53.05,10,102.272056
53.05,10,102.272056
53.05,10,102.281513
53.05,10,102.281513
53.05,10,102.287874
53.05,10,102.287874
53.05,10,102.287874
53.05,10,102.287874
53.05,10,102.287874
53.05,10,102.287874
53.05,10,102.30387
53.05,10,102.30387
53.05,10,102.30387
53.05,10,102.30387
53.05,10,102.30387
53.05,10,102.320064
53.05,10,102.320064
53.05,10,102.320064
53.05,10,102.320064
53.05,10,102.320064
53.05,10,102.320064
53.05,10,102.336118
53.05,10,102.336118
53.05,10,102.336118
53.05,10,102.336118
53.05,10,102.336118
53.05,10,102.352287
53.05,10,102.352287
53.05,10,102.352287
53.05,10,102.352287
53.05,10,102.352287
53.05,10,102.352287
53.05,10,102.368268
53.05,10,102.368268
53.05,10,102.368268
53.05,10,102.368268
53.05,10,102.368268
53.05,10,102.384152
53.05,10,102.384152
53.05,10,102.384152
53.05,10,102.384152
53.05,10,102.384152
53.05,10,102.384152
53.05,10,102.39991
53.05,10,102.39991
53.05,10,102.39991
53.05,10,102.39991
53.05,10,102.39991
53.05,10,102.416164
53.05,10,102.419272
53.05,10,102.42228
53.05,10,102.424458
53.05,10,102.427467
53.05,10,102.430452
53.05,10,102.433451
53.05,10,102.436466
53.05,10,102.439463
53.05,10,102.442467
53.05,10,102.445456
53.05,10,102.448354
53.05,10,102.451352
53.05,10,102.453351
53.05,10,102.453351
53.05,10,102.453351
53.05,10,102.453351
53.05,10,102.453351
53.05,10,102.453351
53.05,10,102.469216
53.05,10,102.469216
53.05,10,102.469216
53.05,10,102.469216
53.05,10,102.481729
53.05,10,102.485357
53.05,10,102.485357
53.05,10,102.485357
53.05,10,102.485357
53.05,10,102.485357
53.05,10,102.485357
53.05,10,102.501252
53.05,10,102.501252
53.05,10,102.594993
53.05,10,102.597994
53.05,10,102.600994
53.05,10,102.604994
53.05,10,102.607019
53.05,10,102.611822
53.05,10,102.613829
53.05,10,102.617841
53.05,10,102.619848
53.05,10,102.62286
53.05,10,102.626874
53.05,10,102.62888
53.05,10,102.632896
53.05,10,102.634903
53.05,10,102.638658
53.05,10,102.648443
53.05,10,102.65433
53.05,10,102.656336
53.05,10,102.660348
53.05,10,102.662359
53.05,10,102.666373
53.05,10,102.66838
53.05,10,102.670129
53.05,10,102.670129
53.05,10,102.670129
53.05,10,102.681733
53.05,10,102.685786
53.05,10,102.68784
53.05,10,102.691943
53.05,10,102.693943
53.05,10,102.696942
53.05,10,102.699946
53.05,10,102.702942
53.05,10,102.705943
53.05,10,102.708836
53.05,10,102.711851
53.05,10,102.71385
53.05,10,102.71685
53.05,10,102.71985
53.05,10,102.722962
53.05,10,102.725961
53.05,10,102.728946
53.05,10,102.730962
53.05,10,102.733961
53.05,10,102.737147
53.05,10,102.740152
53.05,10,102.743147
53.05,10,102.746147
53.05,10,102.748147
53.05,10,102.750131
53.05,10,102.750131
53.05,10,102.750131
53.05,10,102.750131
53.05,10,102.750131
53.05,10,102.765997
53.05,10,102.765997
53.05,10,102.765997
53.05,10,102.765997
53.05,10,102.765997
53.05,10,102.765997
53.05,10,102.78197
53.05,10,102.78197
53.05,10,102.78197
53.05,10,102.78197
53.05,10,102.78197
53.05,10,102.78197
53.05,10,102.798153
53.05,10,102.798153
53.05,10,102.798153
53.05,10,102.798153
53.05,10,102.798153
53.05,10,102.814365
53.05,10,102.814365
53.05,10,102.814365
53.05,10,102.814365
53.05,10,102.814365
53.05,10,102.814365
53.05,10,102.830514
53.05,10,102.830514
53.05,10,102.830514
53.05,10,102.830514
53.05,10,102.830514
53.05,10,102.846669
53.05,10,102.8492
53.05,10,102.852205
53.05,10,102.855211
53.05,10,102.858205
53.05,10,102.859197
53.05,10,102.859197
53.05,10,102.859197
53.05,10,102.859197
53.05,10,102.859197
53.05,10,102.874975
53.05,10,102.878322
53.05,10,102.880331
53.05,10,102.881944
53.05,10,102.881944
53.05,10,102.881944
53.05,10,102.890854
53.05,10,102.890854
53.05,10,102.890854
53.05,10,102.890854
53.05,10,102.988711
53.05,10,102.990717
53.05,10,102.992723
53.05,10,102.996736
53.05,10,103.000491
53.05,10,103.002497
53.05,10,103.00651
53.05,10,103.010523
53.05,10,103.012529
53.05,10,103.016283
53.05,10,103.016283
53.05,10,103.016283
53.05,10,103.016283
53.05,10,103.016283
53.05,10,103.016283
53.05,10,103.032131
53.05,10,103.032131
53.05,10,103.032131
53.05,10,103.032131
53.05,10,103.032131
53.05,10,103.048139
53.05,10,103.048139
53.05,10,103.048139
53.05,10,103.048139
53.05,10,103.048139
53.05,10,103.048139
53.05,10,103.065208
53.05,10,103.068313
53.05,10,103.070316
53.05,10,103.073323
53.05,10,103.076306
53.05,10,103.078317
53.05,10,103.08247
53.05,10,103.084095
53.05,10,103.087967
53.05,10,103.093097
53.05,10,103.095096
53.05,10,103.098096
53.05,10,103.102205
53.05,10,103.104193
53.05,10,103.106775
53.05,10,103.111017
53.05,10,103.114017
53.05,10,103.116016
53.05,10,103.119017
53.05,10,103.122017
53.05,10,103.124254
53.05,10,103.124254
53.05,10,103.124254
53.05,10,103.124254
53.05,10,103.124254
53.05,10,103.140115
53.05,10,103.140115
53.05,10,103.140115
53.05,10,103.140115
53.05,10,103.140115
53.05,10,103.140115
53.05,10,103.156274
53.05,10,103.156274
53.05,10,103.156274
53.05,10,103.156274
53.05,10,103.156274
53.05,10,103.156274
53.05,10,103.172143
53.05,10,103.175653
53.05,10,103.178647
53.05,10,103.181642
53.05,10,103.184365
53.05,10,103.187373
53.05,10,103.190566
53.05,10,103.193984
53.05,10,103.195992
53.05,10,103.197998
53.05,10,103.20201
53.05,10,103.204016
53.05,10,103.207884
53.05,10,103.210949
53.05,10,103.213952
53.05,10,103.216954
53.05,10,103.218958
53.05,10,103.221941
53.05,10,103.225589
53.05,10,103.227587
53.05,10,103.230694
53.05,10,103.2337
53.05,10,103.236704
53.05,10,103.238695
53.05,10,103.240701
53.05,10,103.240701
53.05,10,103.240701
53.05,10,103.240701
53.05,10,103.240701
53.05,10,103.240701
53.05,10,103.256617
53.05,10,103.256617
53.05,10,103.256617
53.05,10,103.256617
53.05,10,103.256617
53.05,10,103.273824
53.05,10,103.275832
53.05,10,103.277839
53.05,10,103.281852
53.05,10,103.352084
53.05,10,103.369768
53.05,10,103.371774
53.05,10,103.37378
53.05,10,103.377794
53.05,10,103.3798
53.05,10,103.385043
53.05,10,103.388151
53.05,10,103.390149
53.05,10,103.391151
53.05,10,103.391151
53.05,10,103.391151
53.05,10,103.391151
53.05,10,103.391151
53.05,10,103.407127
53.05,10,103.407127
53.05,10,103.407127
53.05,10,103.407127
53.05,10,103.407127
53.05,10,103.407127
53.05,10,103.423108
53.05,10,103.423108
53.05,10,103.423108
53.05,10,103.423108
53.05,10,103.423108
53.05,10,103.423108
53.05,10,103.44076
53.05,10,103.443697
53.05,10,103.446694
53.05,10,103.449701
53.05,10,103.452696
53.05,10,103.4551
53.05,10,103.458256
53.05,10,103.461249
53.05,10,103.46426
53.05,10,103.467262
53.05,10,103.469377
53.05,10,103.473265
53.05,10,103.475368
53.05,10,103.478364
53.05,10,103.481383
53.05,10,103.48413
53.05,10,103.487283
53.05,10,103.490275
53.05,10,103.493269
53.05,10,103.495274
53.05,10,103.498283
53.05,10,103.50028
53.05,10,103.50028
53.05,10,103.50028
53.05,10,103.50028
53.05,10,103.50028
53.05,10,103.516085
53.05,10,103.516085
53.05,10,103.516085
53.05,10,103.516085
53.05,10,103.516085
53.05,10,103.516085
53.05,10,103.532245
53.05,10,103.532245
53.05,10,103.532245
53.05,10,103.532245
53.05,10,103.532245
53.05,10,103.532245
53.05,10,103.54824
53.05,10,103.54824
53.05,10,103.54824
53.05,10,103.54824
53.05,10,103.54824
53.05,10,103.564027
53.05,10,103.568224
53.05,10,103.570229
53.05,10,103.570229
53.05,10,103.570229
53.05,10,103.570229
53.05,10,103.580174
53.05,10,103.583035
53.05,10,103.583035
53.05,10,103.583035
53.05,10,103.583035
53.05,10,103.596179
53.05,10,103.599622
53.05,10,103.602616
53.05,10,103.605619
53.05,10,103.608618
53.05,10,103.609625
53.05,10,103.609625
53.05,10,103.609625
53.05,10,103.609625
53.05,10,103.609625
53.05,10,103.625624
53.05,10,103.626737
53.05,10,103.626737
53.05,10,103.626737
53.05,10,103.626737
53.05,10,103.640116
53.05,10,103.643495
53.05,10,103.646501
53.05,10,103.648491
53.05,10,103.651485
53.05,10,103.654484
53.05,10,103.658163
53.05,10,103.662141
53.05,10,103.753278
53.05,10,103.756278
53.05,10,103.757278
53.05,10,103.757278
53.05,10,103.757278
53.05,10,103.757278
53.05,10,103.757278
53.05,10,103.773241
53.05,10,103.773241
53.05,10,103.773241
53.05,10,103.773241
53.05,10,103.783168
53.05,10,103.783168
53.05,10,103.789314
53.05,10,103.789314
53.05,10,103.789314
53.05,10,103.789314
53.05,10,103.789314
53.05,10,103.805144
53.05,10,103.805144
53.05,10,103.805144
53.05,10,103.805144
53.05,10,103.805144
53.05,10,103.805144
53.05,10,103.821032
53.05,10,103.821032
53.05,10,103.821032
53.05,10,103.821032
53.05,10,103.821032
53.05,10,103.837166
53.05,10,103.837166
53.05,10,103.837166
53.05,10,103.837166
53.05,10,103.837166
53.05,10,103.837166
53.05,10,103.853401
53.05,10,103.853401
53.05,10,103.853401
53.05,10,103.853401
53.05,10,103.853401
53.05,10,103.853401
53.05,10,103.869499
53.05,10,103.869499
53.05,10,103.869499
53.05,10,103.869499
53.05,10,103.883233
53.05,10,103.885239
53.05,10,103.888369
53.05,10,103.888369
53.05,10,103.888369
53.05,10,103.888369
53.05,10,103.901262
53.05,10,103.901262
53.05,10,103.901262
53.05,10,103.901262
53.05,10,103.901262
53.05,10,103.901262
53.05,10,103.918759
53.05,10,103.921765
53.05,10,103.923949
53.05,10,103.926947
53.05,10,103.929944
53.05,10,103.932941
53.05,10,103.936347
53.05,10,103.938355
53.05,10,103.941486
53.05,10,103.944493
53.05,10,103.947507
53.05,10,103.9505
53.05,10,103.953486
53.05,10,103.956637
53.05,10,103.959635
53.05,10,103.962637
53.05,10,103.965645
53.05,10,103.967648
53.05,10,103.968768
53.05,10,103.968768
53.05,10,103.968768
53.05,10,103.968768
53.05,10,103.968768
53.05,10,103.984577
53.05,10,103.984577
53.05,10,103.984577
53.05,10,103.984577
53.05,10,103.984577
53.05,10,104.000378
53.05,10,104.002382
53.05,10,104.006129
53.05,10,104.007872
53.05,10,104.007872
53.05,10,104.007872
53.05,10,104.018859
53.05,10,104.029941
53.05,10,104.030941
53.05,10,104.030941
53.05,10,104.030941
53.05,10,104.030941
53.05,10,104.030941
53.05,10,104.046785
53.05,10,104.046785
53.05,10,104.046785
53.05,10,104.046785
53.05,10,104.141644
53.05,10,104.141644
53.05,10,104.141644
53.05,10,104.141644
53.05,10,104.141644
53.05,10,104.157668
53.05,10,104.160657
53.05,10,104.163657
53.05,10,104.16676
53.05,10,104.169868
53.05,10,104.172812
53.05,10,104.175866
53.05,10,104.178881
53.05,10,104.181855
53.05,10,104.184483
53.05,10,104.187588
53.05,10,104.190331
53.05,10,104.192665
53.05,10,104.192665
53.05,10,104.192665
53.05,10,104.192665
53.05,10,104.192665
53.05,10,104.208754
53.05,10,104.211749
53.05,10,104.214737
53.05,10,104.217745
53.05,10,104.21974
53.05,10,104.223419
53.05,10,104.226475
53.05,10,104.229474
53.05,10,104.232571
53.05,10,104.235588
53.05,10,104.238586
53.05,10,104.241587
53.05,10,104.244592
53.05,10,104.247586
53.05,10,104.249587
53.05,10,104.249587
53.05,10,104.249587
53.05,10,104.249587
53.05,10,104.249587
53.05,10,104.249587
53.05,10,104.265395
53.05,10,104.265395
53.05,10,104.265395
53.05,10,104.265395
53.05,10,104.265395
53.05,10,104.283691
53.05,10,104.287154
53.05,10,104.28916
53.05,10,104.291166
53.05,10,104.295179
53.05,10,104.296926
53.05,10,104.296926
53.05,10,104.296926
53.05,10,104.296926
53.05,10,104.296926
53.05,10,104.313042
53.05,10,104.313042
53.05,10,104.313042
53.05,10,104.313042
53.05,10,104.313042
53.05,10,104.313042
53.05,10,104.329157
53.05,10,104.329157
53.05,10,104.329157
53.05,10,104.329157
53.05,10,104.329157
53.05,10,104.329157
53.05,10,104.347407
53.05,10,104.350406
53.05,10,104.353419
53.05,10,104.356408
53.05,10,104.359418
53.05,10,104.359418
53.05,10,104.359418
53.05,10,104.359418
53.05,10,104.359418
53.05,10,104.359418
53.05,10,104.375238
53.05,10,104.375238
53.05,10,104.375238
53.05,10,104.383809
53.05,10,104.383809
53.05,10,104.391039
53.05,10,104.391039
53.05,10,104.391039
53.05,10,104.391039
53.05,10,104.391039
53.05,10,104.391039
53.05,10,104.407199
53.05,10,104.407199
53.05,10,104.407199
53.05,10,104.407199
53.05,10,104.407199
53.05,10,104.423138
53.05,10,104.423138
53.05,10,104.423138
53.05,10,104.423138
53.05,10,104.423138
53.05,10,104.423138
53.05,10,104.43926
53.05,10,104.43926
53.05,10,104.517011
53.05,10,104.532771
53.05,10,104.532771
53.05,10,104.532771
53.05,10,104.532771
53.05,10,104.532771
53.05,10,104.549207
53.05,10,104.55235
53.05,10,104.555344
53.05,10,104.558342
53.05,10,104.56134
53.05,10,104.564333
53.05,10,104.567246
53.05,10,104.570259
53.05,10,104.572259
53.05,10,104.575271
53.05,10,104.578271
53.05,10,104.578271
53.05,10,104.583948
53.05,10,104.587644
53.05,10,104.589648
53.05,10,104.589648
53.05,10,104.594034
53.05,10,104.594034
53.05,10,104.594034
53.05,10,104.594034
53.05,10,104.594034
53.05,10,104.609834
53.05,10,104.609834
53.05,10,104.609834
53.05,10,104.609834
53.05,10,104.609834
53.05,10,104.609834
53.05,10,104.626064
53.05,10,104.626064
53.05,10,104.626064
53.05,10,104.626064
53.05,10,104.626064
53.05,10,104.642252
53.05,10,104.642252
53.05,10,104.642252
53.05,10,104.642252
53.05,10,104.642252
53.05,10,104.642252
53.05,10,104.658261
53.05,10,104.658261
53.05,10,104.658261
53.05,10,104.658261
53.05,10,104.658261
53.05,10,104.674192
53.05,10,104.677992
53.05,10,104.680995
53.05,10,104.684725
53.05,10,104.686836
53.05,10,104.689842
53.05,10,104.692547
53.05,10,104.692547
53.05,10,104.692547
53.05,10,104.692547
53.05,10,104.692547
53.05,10,104.707958
53.05,10,104.711033
53.05,10,104.714037
53.05,10,104.717023
53.05,10,104.720026
53.05,10,104.722916
53.05,10,104.726377
53.05,10,104.728725
53.05,10,104.731594
53.05,10,104.734719
53.05,10,104.737703
53.05,10,104.740712
53.05,10,104.740712
53.05,10,104.740712
53.05,10,104.740712
53.05,10,104.740712
53.05,10,104.740712
53.05,10,104.756605
53.05,10,104.756605
53.05,10,104.756605
53.05,10,104.756605
53.05,10,104.756605
53.05,10,104.772546
53.05,10,104.772546
53.05,10,104.772546
53.05,10,104.772546
53.05,10,104.784255
53.05,10,104.784255
53.05,10,104.790771
53.05,10,104.793782
53.05,10,104.796774
53.05,10,104.796774
53.05,10,104.796774
53.05,10,104.796774
53.05,10,104.796774
53.05,10,104.796774
53.05,10,104.812588
53.05,10,104.812588
53.05,10,104.812588
53.05,10,104.812588
53.05,10,104.812588
53.05,10,104.828501
53.05,10,104.91797
53.05,10,104.919976
53.05,10,104.922988
53.05,10,104.924994
53.05,10,104.929007
53.05,10,104.931014
53.05,10,104.935027
53.05,10,104.937033
53.05,10,104.938781
53.05,10,104.938781
53.05,10,104.938781
53.05,10,104.938781
53.05,10,104.938781
53.05,10,104.954608
53.05,10,104.954608
53.05,10,104.954608
53.05,10,104.954608
53.05,10,104.954608
53.05,10,104.954608
53.05,10,104.972112
53.05,10,104.975231
53.05,10,104.97722
53.05,10,104.98023
53.05,10,104.983219
53.05,10,104.985949
53.05,10,104.988963
53.05,10,104.991963
53.05,10,104.994951
53.05,10,104.99795
53.05,10,104.999951
53.05,10,105.003106
53.05,10,105.0061
53.05,10,105.009104
53.05,10,105.012105
53.05,10,105.015099
53.05,10,105.016111
53.05,10,105.016111
53.05,10,105.016111
53.05,10,105.016111
53.05,10,105.016111
53.05,10,105.031885
53.05,10,105.031885
53.05,10,105.031885
53.05,10,105.031885
53.05,10,105.031885
53.05,10,105.031885
53.05,10,105.04785
53.05,10,105.04785
53.05,10,105.04785
53.05,10,105.04785
53.05,10,105.04785
53.05,10,105.064008
53.05,10,105.064008
53.05,10,105.064008
53.05,10,105.064008
53.05,10,105.064008
53.05,10,105.064008
53.05,10,105.080223
53.05,10,105.084462
53.05,10,105.084462
53.05,10,105.084462
53.05,10,105.084462
53.05,10,105.096096
53.05,10,105.096096
53.05,10,105.101916
53.05,10,105.10392
53.05,10,105.10392
53.05,10,105.10392
53.05,10,105.113569
53.05,10,105.116572
53.05,10,105.11957
53.05,10,105.122571
53.05,10,105.12456
53.05,10,105.12456
53.05,10,105.12456
53.05,10,105.12456
53.05,10,105.12456
53.05,10,105.12456
53.05,10,105.141982
53.05,10,105.141982
53.05,10,105.141982
53.05,10,105.141982
53.05,10,105.141982
53.05,10,105.156352
53.05,10,105.156352
53.05,10,105.156352
53.05,10,105.156352
53.05,10,105.156352
53.05,10,105.156352
53.05,10,105.172581
53.05,10,105.172581
53.05,10,105.172581
53.05,10,105.172581
53.05,10,105.184888
53.05,10,105.18853
53.05,10,105.191251
53.05,10,105.194363
53.05,10,105.197355
53.05,10,105.200351
53.05,10,105.203362
53.05,10,105.206367
53.05,10,105.210253
53.05,10,105.28965
53.05,10,105.28965
53.05,10,105.28965
53.05,10,105.305802
53.05,10,105.305802
53.05,10,105.305802
53.05,10,105.305802
53.05,10,105.305802
53.05,10,105.321577
53.05,10,105.321577
53.05,10,105.321577
53.05,10,105.321577
53.05,10,105.321577
53.05,10,105.321577
53.05,10,105.33772
53.05,10,105.33772
53.05,10,105.33772
53.05,10,105.33772
53.05,10,105.33772
53.05,10,105.353772
53.05,10,105.353772
53.05,10,105.353772
53.05,10,105.353772
53.05,10,105.353772
53.05,10,105.353772
53.05,10,105.371389
53.05,10,105.382847
53.05,10,105.385858
53.05,10,105.385858
53.05,10,105.385858
53.05,10,105.385858
53.05,10,105.385858
53.05,10,105.385858
53.05,10,105.402004
53.05,10,105.402004
53.05,10,105.402004
53.05,10,105.402004
53.05,10,105.402004
53.05,10,105.402004
53.05,10,105.419954
53.05,10,105.423699
53.05,10,105.425439
53.05,10,105.425439
53.05,10,105.425439
53.05,10,105.433793
53.05,10,105.433793
53.05,10,105.433793
53.05,10,105.433793
53.05,10,105.433793
53.05,10,105.450036
53.05,10,105.453171
53.05,10,105.456329
53.05,10,105.45933
53.05,10,105.461324
53.05,10,105.464329
53.05,10,105.467317
53.05,10,105.470588
53.05,10,105.473581
53.05,10,105.476583
53.05,10,105.479594
53.05,10,105.482591
53.05,10,105.485182
53.05,10,105.485182
53.05,10,105.485182
53.05,10,105.485182
53.05,10,105.485182
53.05,10,105.485182
53.05,10,105.500978
53.05,10,105.500978
53.05,10,105.500978
53.05,10,105.500978
53.05,10,105.500978
53.05,10,105.51677
53.05,10,105.51677
53.05,10,105.51677
53.05,10,105.51677
53.05,10,105.51677
53.05,10,105.51677
53.05,10,105.5343
53.05,10,105.537422
53.05,10,105.540413
53.05,10,105.54341
53.05,10,105.54641
53.05,10,105.548563
53.05,10,105.552267
53.05,10,105.555264
53.05,10,105.55827
53.05,10,105.56127
53.05,10,105.563274
53.05,10,105.563274
53.05,10,105.563274
53.05,10,105.563274
53.05,10,105.563274
53.05,10,105.563274
53.05,10,105.581562
53.05,10,105.581562
53.05,10,105.585444
53.05,10,105.585444
53.05,10,105.585444
53.05,10,105.5951
53.05,10,105.599187
53.05,10,105.601193
53.05,10,105.605205
53.05,10,105.693623
53.05,10,105.696623
53.05,10,105.699623
53.05,10,105.702624
53.05,10,105.705623
53.05,10,105.709197
53.05,10,105.7122
53.05,10,105.714196
53.05,10,105.717196
53.05,10,105.720181
53.05,10,105.723181
53.05,10,105.724197
53.05,10,105.724197
53.05,10,105.724197
53.05,10,105.724197
53.05,10,105.724197
53.05,10,105.740468
53.05,10,105.740883
53.05,10,105.740883
53.05,10,105.740883
53.05,10,105.740883
53.05,10,105.740883
53.05,10,105.757946
53.05,10,105.760993
53.05,10,105.763999
53.05,10,105.765994
53.05,10,105.768996
53.05,10,105.77212
53.05,10,105.776007
53.05,10,105.778008
53.05,10,105.781008
53.05,10,105.784008
53.05,10,105.786513
53.05,10,105.789633
53.05,10,105.790625
53.05,10,105.790625
53.05,10,105.790625
53.05,10,105.790625
53.05,10,105.790625
53.05,10,105.80649
53.05,10,105.80649
53.05,10,105.80649
53.05,10,105.80649
53.05,10,105.80649
53.05,10,105.80649
53.05,10,105.822328
53.05,10,105.822328
53.05,10,105.822328
53.05,10,105.822328
53.05,10,105.822328
53.05,10,105.838349
53.05,10,105.838349
53.05,10,105.838349
53.05,10,105.838349
53.05,10,105.838349
53.05,10,105.838349
53.05,10,105.854178
53.05,10,105.854178
53.05,10,105.854178
53.05,10,105.854178
53.05,10,105.854178
53.05,10,105.870155
53.05,10,105.873579
53.05,10,105.876729
53.05,10,105.878722
53.05,10,105.881722
53.05,10,105.884722
53.05,10,105.888935
53.05,10,105.89093
53.05,10,105.89093
53.05,10,105.89093
53.05,10,105.89093
53.05,10,105.89093
53.05,10,105.906875
53.05,10,105.906875
53.05,10,105.91064
53.05,10,105.91064
53.05,10,105.91064
53.05,10,105.91064
53.05,10,105.922878
53.05,10,105.922878
53.05,10,105.922878
53.05,10,105.922878
53.05,10,105.922878
53.05,10,105.938684
53.05,10,105.938684
53.05,10,105.938684
53.05,10,105.938684
53.05,10,105.938684
53.05,10,105.938684
53.05,10,105.954505
53.05,10,105.954505
53.05,10,105.954505
53.05,10,105.954505
53.05,10,105.954505
53.05,10,105.970415
53.05,10,105.973952
53.05,10,105.976953
53.05,10,105.979946
53.05,10,105.982951
53.05,10,105.984942
53.05,10,105.988727
53.05,10,106.063455
53.05,10,106.07897
53.05,10,106.081021
53.05,10,106.085034
53.05,10,106.086541
53.05,10,106.090554
53.05,10,106.09256
53.05,10,106.096898
53.05,10,106.099897
53.05,10,106.1029
53.05,10,106.104903
53.05,10,106.107905
53.05,10,106.109902
53.05,10,106.109902
53.05,10,106.109902
53.05,10,106.109902
53.05,10,106.109902
53.05,10,106.109902
53.05,10,106.126139
53.05,10,106.126139
53.05,10,106.126139
53.05,10,106.126139
53.05,10,106.126139
53.05,10,106.142257
53.05,10,106.142257
53.05,10,106.142257
53.05,10,106.142257
53.05,10,106.142257
53.05,10,106.142257
53.05,10,106.158096
53.05,10,106.158096
53.05,10,106.158096
53.05,10,106.158096
53.05,10,106.158096
53.05,10,106.174341
53.05,10,106.174341
53.05,10,106.174341
53.05,10,106.174341
53.05,10,106.174341
53.05,10,106.186865
53.05,10,106.191854
53.05,10,106.19486
53.05,10,106.197875
53.05,10,106.200971
53.05,10,106.203983
53.05,10,106.206861
53.05,10,106.209969
53.05,10,106.212981
53.05,10,106.215972
53.05,10,106.218975
53.05,10,106.220975
53.05,10,106.224919
53.05,10,106.226919
53.05,10,106.229918
53.05,10,106.232911
53.05,10,106.23592
53.05,10,106.238924
53.05,10,106.240918
53.05,10,106.240918
53.05,10,106.240918
53.05,10,106.240918
53.05,10,106.240918
53.05,10,106.256596
53.05,10,106.256596
53.05,10,106.256596
53.05,10,106.256596
53.05,10,106.256596
53.05,10,106.256596
53.05,10,106.273155
53.05,10,106.273155
53.05,10,106.273155
53.05,10,106.273155
53.05,10,106.273155
53.05,10,106.289077
53.05,10,106.292427
53.05,10,106.29443
53.05,10,106.298176
53.05,10,106.299916
53.05,10,106.303665
53.05,10,106.308731
53.05,10,106.31175
53.05,10,106.31475
53.05,10,106.31775
53.05,10,106.31975
53.05,10,106.323486
53.05,10,106.326895
53.05,10,106.32889
53.05,10,106.331898
53.05,10,106.334882
53.05,10,106.337888
53.05,10,106.340892
53.05,10,106.340892
53.05,10,106.340892
53.05,10,106.340892
53.05,10,106.340892
53.05,10,106.340892
53.05,10,106.356679
53.05,10,106.356679
53.05,10,106.356679
53.05,10,106.356679
53.05,10,106.356679
53.05,10,106.372869
53.05,10,106.372869
53.05,10,106.454501
53.05,10,106.454501
53.05,10,106.470228
53.05,10,106.470228
53.05,10,106.470228
53.05,10,106.470228
53.05,10,106.470228
53.05,10,106.486104
53.05,10,106.488566
53.05,10,106.491558
53.05,10,106.494565
53.05,10,106.497574
53.05,10,106.500576
53.05,10,106.503925
53.05,10,106.506917
53.05,10,106.509913
53.05,10,106.512927
53.05,10,106.515925
53.05,10,106.518921
53.05,10,106.521914
53.05,10,106.523916
53.05,10,106.526926
53.05,10,106.529911
53.05,10,106.53092
53.05,10,106.53092
53.05,10,106.53092
53.05,10,106.53092
53.05,10,106.53092
53.05,10,106.547045
53.05,10,106.547045
53.05,10,106.547045
53.05,10,106.547045
53.05,10,106.547045
53.05,10,106.547045
53.05,10,106.563121
53.05,10,106.563121
53.05,10,106.563121
53.05,10,106.563121
53.05,10,106.563121
53.05,10,106.580092
53.05,10,106.582605
53.05,10,106.584615
53.05,10,106.587633
53.05,10,106.591653
53.05,10,106.593663
53.05,10,106.595171
53.05,10,106.595171
53.05,10,106.595171
53.05,10,106.595171
53.05,10,106.595171
53.05,10,106.611194
53.05,10,106.611194
53.05,10,106.611194
53.05,10,106.611194
53.05,10,106.611194
53.05,10,106.627084
53.05,10,106.629568
53.05,10,106.632566
53.05,10,106.635676
53.05,10,106.638677
53.05,10,106.640675
53.05,10,106.640675
53.05,10,106.640675
53.05,10,106.640675
53.05,10,106.640675
53.05,10,106.656454
53.05,10,106.656454
53.05,10,106.656454
53.05,10,106.656454
53.05,10,106.656454
53.05,10,106.656454
53.05,10,106.674434
53.05,10,106.674434
53.05,10,106.674434
53.05,10,106.674434
53.05,10,106.674434
53.05,10,106.687984
53.05,10,106.692281
53.05,10,106.695262
53.05,10,106.697261
53.05,10,106.700264
53.05,10,106.70327
53.05,10,106.70627
53.05,10,106.707265
53.05,10,106.707265
53.05,10,106.707265
53.05,10,106.707265
53.05,10,106.707265
53.05,10,106.724803
53.05,10,106.727695
53.05,10,106.730695
53.05,10,106.733694
53.05,10,106.735694
53.05,10,106.738694
53.05,10,106.751754
53.05,10,106.753754
53.05,10,106.756792
53.05,10,106.757759
53.05,10,106.757759
53.05,10,106.757759
53.05,10,106.757759
53.05,10,106.757759
53.05,10,106.860115
53.05,10,106.860115
53.05,10,106.860115
53.05,10,106.860115
53.05,10,106.860115
53.05,10,106.875839
53.05,10,106.875839
53.05,10,106.875839
53.05,10,106.875839
53.05,10,106.888743
53.05,10,106.891863
53.05,10,106.891863
53.05,10,106.891863
53.05,10,106.891863
53.05,10,106.891863
53.05,10,106.891863
53.05,10,106.908106
53.05,10,106.911234
53.05,10,106.911234
53.05,10,106.911234
53.05,10,106.911234
53.05,10,106.923911
53.05,10,106.923911
53.05,10,106.923911
53.05,10,106.923911
53.05,10,106.923911
53.05,10,106.923911
53.05,10,106.943905
53.05,10,106.949941
53.05,10,106.951947
53.05,10,106.956956
53.05,10,106.960071
53.05,10,106.963083
53.05,10,106.965076
53.05,10,106.968082
53.05,10,106.971304
53.05,10,106.974452
53.05,10,106.977458
53.05,10,106.980453
53.05,10,106.982451
53.05,10,106.985635
53.05,10,106.988624
53.05,10,106.991349
53.05,10,106.994338
53.05,10,106.99734
53.05,10,107.000337
53.05,10,107.000337
53.05,10,107.000337
53.05,10,107.000337
53.05,10,107.000337
53.05,10,107.000337
53.05,10,107.016297
53.05,10,107.016297
53.05,10,107.016297
53.05,10,107.016297
53.05,10,107.016297
53.05,10,107.016297
53.05,10,107.032357
53.05,10,107.032357
53.05,10,107.032357
53.05,10,107.032357
53.05,10,107.032357
53.05,10,107.048266
53.05,10,107.048266
53.05,10,107.048266
53.05,10,107.048266
53.05,10,107.048266
53.05,10,107.048266
53.05,10,107.06441
53.05,10,107.068277
53.05,10,107.072024
53.05,10,107.072024
53.05,10,107.072024
53.05,10,107.080202
53.05,10,107.080202
53.05,10,107.080202
53.05,10,107.088757
53.05,10,107.088757
53.05,10,107.088757
53.05,10,107.09638
53.05,10,107.09638
53.05,10,107.09638
53.05,10,107.09638
53.05,10,107.09638
53.05,10,107.112163
53.05,10,107.112163
53.05,10,107.112163
53.05,10,107.112163
53.05,10,107.112163
53.05,10,107.128183
53.05,10,107.128183
53.05,10,107.128183
53.05,10,107.128183
53.05,10,107.128183
53.05,10,107.128183
53.05,10,107.144349
53.05,10,107.144349
53.05,10,107.144349
53.05,10,107.144349
53.05,10,107.144349
53.05,10,107.144349
53.05,10,107.160394
53.05,10,107.251986
53.05,10,107.254987
53.05,10,107.256987
53.05,10,107.256987
53.05,10,107.256987
53.05,10,107.256987
53.05,10,107.256987
53.05,10,107.256987
53.05,10,107.273212
53.05,10,107.273212
53.05,10,107.273212
53.05,10,107.273212
53.05,10,107.273212
53.05,10,107.288867
53.05,10,107.288867
53.05,10,107.288867
53.05,10,107.288867
53.05,10,107.288867
53.05,10,107.304856
53.05,10,107.306887
53.05,10,107.310899
53.05,10,107.31291
53.05,10,107.314916
53.05,10,107.318928
53.05,10,107.322764
53.05,10,107.328046
53.05,10,107.331046
53.05,10,107.333046
53.05,10,107.336046
53.05,10,107.340045
53.05,10,107.342695
53.05,10,107.345682
53.05,10,107.347688
53.05,10,107.350692
53.05,10,107.35368
53.05,10,107.356578
53.05,10,107.356578
53.05,10,107.356578
53.05,10,107.356578
53.05,10,107.356578
53.05,10,107.356578
53.05,10,107.372413
53.05,10,107.372413
53.05,10,107.372413
53.05,10,107.372413
53.05,10,107.372413
53.05,10,107.372413
53.05,10,107.391198
53.05,10,107.391198
53.05,10,107.391198
53.05,10,107.391198
53.05,10,107.391198
53.05,10,107.391198
53.05,10,107.407271
53.05,10,107.407271
53.05,10,107.407271
53.05,10,107.407271
53.05,10,107.407271
53.05,10,107.407271
53.05,10,107.42347
53.05,10,107.42347
53.05,10,107.42347
53.05,10,107.42347
53.05,10,107.42347
53.05,10,107.439257
53.05,10,107.439257
53.05,10,107.439257
53.05,10,107.439257
53.05,10,107.439257
53.05,10,107.439257
53.05,10,107.455402
53.05,10,107.455402
53.05,10,107.455402
53.05,10,107.455402
53.05,10,107.455402
53.05,10,107.471601
53.05,10,107.471601
53.05,10,107.471601
53.05,10,107.471601
53.05,10,107.471601
53.05,10,107.471601
53.05,10,107.48903
53.05,10,107.492141
53.05,10,107.495154
53.05,10,107.498147
53.05,10,107.500154
53.05,10,107.503289
53.05,10,107.506639
53.05,10,107.509628
53.05,10,107.512635
53.05,10,107.515648
53.05,10,107.515648
53.05,10,107.515648
53.05,10,107.515648
53.05,10,107.515648
53.05,10,107.515648
53.05,10,107.531418
53.05,10,107.531418
53.05,10,107.531418
53.05,10,107.531418
53.05,10,107.531418
53.05,10,107.547167
53.05,10,107.547167
53.05,10,107.638925
53.05,10,107.640932
53.05,10,107.640932
53.05,10,107.640932
53.05,10,107.640932
53.05,10,107.640932
53.05,10,107.656805
53.05,10,107.659114
53.05,10,107.661118
53.05,10,107.663123
53.05,10,107.663123
53.05,10,107.663123
53.05,10,107.673005
53.05,10,107.673005
53.05,10,107.673005
53.05,10,107.673005
53.05,10,107.673005
53.05,10,107.68942
53.05,10,107.692847
53.05,10,107.695113
53.05,10,107.69812
53.05,10,107.701117
53.05,10,107.70412
53.05,10,107.707114
53.05,10,107.710115
53.05,10,107.713998
53.05,10,107.715998
53.05,10,107.719014
53.05,10,107.719014
53.05,10,107.724873
53.05,10,107.727896
53.05,10,107.730904
53.05,10,107.733904
53.05,10,107.736904
53.05,10,107.73989
53.05,10,107.743153
53.05,10,107.746152
53.05,10,107.748152
53.05,10,107.752152
53.05,10,107.754153
53.05,10,107.757155
53.05,10,107.757155
53.05,10,107.757155
53.05,10,107.757155
53.05,10,107.757155
53.05,10,107.757155
53.05,10,107.773237
53.05,10,107.779222
53.05,10,107.781578
53.05,10,107.78498
53.05,10,107.786144
53.05,10,107.78974
53.05,10,107.78974
53.05,10,107.78974
53.05,10,107.78974
53.05,10,107.78974
53.05,10,107.805897
53.05,10,107.805897
53.05,10,107.805897
53.05,10,107.805897
53.05,10,107.805897
53.05,10,107.805897
53.05,10,107.821648
53.05,10,107.821648
53.05,10,107.821648
53.05,10,107.821648
53.05,10,107.821648
53.05,10,107.838044
53.05,10,107.840559
53.05,10,107.84257
53.05,10,107.846588
53.05,10,107.848597
53.05,10,107.852616
53.05,10,107.856593
53.05,10,107.858603
53.05,10,107.861713
53.05,10,107.864708
53.05,10,107.867715
53.05,10,107.870708
53.05,10,107.873599
53.05,10,107.87691
53.05,10,107.879906
53.05,10,107.882918
53.05,10,107.885916
53.05,10,107.888919
53.05,10,107.891609
53.05,10,107.891609
53.05,10,107.891609
53.05,10,107.891609
53.05,10,107.891609
53.05,10,107.891609
53.05,10,107.908724
53.05,10,107.911833
53.05,10,107.914837
53.05,10,107.917839
53.05,10,107.920848
53.05,10,107.922976
53.05,10,107.926539
53.05,10,107.929542
53.05,10,107.932541
53.05,10,107.935532
53.05,10,107.938539
53.05,10,108.023699
53.05,10,108.026685
53.05,10,108.029685
53.05,10,108.032816
53.05,10,108.035814
53.05,10,108.0378
53.05,10,108.041814
53.05,10,108.044814
53.05,10,108.046814
53.05,10,108.046814
53.05,10,108.046814
53.05,10,108.046814
53.05,10,108.046814
53.05,10,108.046814
53.05,10,108.062743
53.05,10,108.062743
53.05,10,108.062743
53.05,10,108.062743
53.05,10,108.062743
53.05,10,108.078836
53.05,10,108.078836
53.05,10,108.078836
53.05,10,108.078836
53.05,10,108.090533
53.05,10,108.094586
53.05,10,108.106504
53.05,10,108.110258
53.05,10,108.110258
53.05,10,108.110258
53.05,10,108.110258
53.05,10,108.110258
53.05,10,108.110258
53.05,10,108.126018
53.05,10,108.126018
53.05,10,108.126018
53.05,10,108.126018
53.05,10,108.126018
53.05,10,108.126018
53.05,10,108.144588
53.05,10,108.14659
53.05,10,108.149584
53.05,10,108.152592
53.05,10,108.155581
53.05,10,108.156579
53.05,10,108.156579
53.05,10,108.156579
53.05,10,108.156579
53.05,10,108.156579
53.05,10,108.172362
53.05,10,108.172362
53.05,10,108.172362
53.05,10,108.172362
53.05,10,108.172362
53.05,10,108.172362
53.05,10,108.191
53.05,10,108.194155
53.05,10,108.197144
53.05,10,108.199152
53.05,10,108.202153
53.05,10,108.205159
53.05,10,108.207165
53.05,10,108.211536
53.05,10,108.213279
53.05,10,108.216759
53.05,10,108.220239
53.05,10,108.223469
53.05,10,108.226583
53.05,10,108.228582
53.05,10,108.23158
53.05,10,108.234581
53.05,10,108.23758
53.05,10,108.240304
53.05,10,108.24348
53.05,10,108.246478
53.05,10,108.249472
53.05,10,108.252477
53.05,10,108.255493
53.05,10,108.257481
53.05,10,108.26048
53.05,10,108.263477
53.05,10,108.266472
53.05,10,108.266472
53.05,10,108.266472
53.05,10,108.266472
53.05,10,108.266472
53.05,10,108.266472
53.05,10,108.284439
53.05,10,108.286445
53.05,10,108.288452
53.05,10,108.29297
53.05,10,108.294976
53.05,10,108.298488
53.05,10,108.302277
53.05,10,108.304283
53.05,10,108.306289
53.05,10,108.310302
53.05,10,108.312308
53.05,10,108.314314
53.05,10,108.314314
53.05,10,108.314314
53.05,10,108.314314
53.05,10,108.314314
53.05,10,108.332725
53.05,10,108.420676
53.05,10,108.424365
53.05,10,108.42738
53.05,10,108.42938
53.05,10,108.43238
53.05,10,108.43538
53.05,10,108.43838
53.05,10,108.440381
53.05,10,108.440381
53.05,10,108.440381
53.05,10,108.440381
53.05,10,108.440381
53.05,10,108.440381
53.05,10,108.456265
53.05,10,108.456265
53.05,10,108.456265
53.05,10,108.456265
53.05,10,108.456265
53.05,10,108.472134
53.05,10,108.47541
53.05,10,108.478531
53.05,10,108.481526
53.05,10,108.484522
53.05,10,108.486714
53.05,10,108.489714
53.05,10,108.492444
53.05,10,108.495446
53.05,10,108.498452
53.05,10,108.501922
53.05,10,108.504926
53.05,10,108.507927
53.05,10,108.50993
53.05,10,108.512929
53.05,10,108.515927
53.05,10,108.515927
53.05,10,108.515927
53.05,10,108.515927
53.05,10,108.515927
53.05,10,108.515927
53.05,10,108.531734
53.05,10,108.535736
53.05,10,108.539742
53.05,10,108.539742
53.05,10,108.539742
53.05,10,108.547967
53.05,10,108.547967
53.05,10,108.547967
53.05,10,108.547967
53.05,10,108.547967
53.05,10,108.547967
53.05,10,108.564143
53.05,10,108.564143
53.05,10,108.564143
53.05,10,108.564143
53.05,10,108.564143
53.05,10,108.580263
53.05,10,108.580263
53.05,10,108.580263
53.05,10,108.580263
53.05,10,108.591607
53.05,10,108.591607
53.05,10,108.598539
53.05,10,108.600546
53.05,10,108.602553
53.05,10,108.606566
53.05,10,108.608572
53.05,10,108.612325
53.05,10,108.612325
53.05,10,108.612325
53.05,10,108.612325
53.05,10,108.612325
53.05,10,108.612325
53.05,10,108.629246
53.05,10,108.63125
53.05,10,108.63125
53.05,10,108.63125
53.05,10,108.63125
53.05,10,108.63125
53.05,10,108.6445
53.05,10,108.6445
53.05,10,108.6445
53.05,10,108.6445
53.05,10,108.6445
53.05,10,108.660729
53.05,10,108.660729
53.05,10,108.660729
53.05,10,108.660729
53.05,10,108.660729
53.05,10,108.660729
53.05,10,108.67651
53.05,10,108.678517
53.05,10,108.683664
53.05,10,108.683664
53.05,10,108.683664
53.05,10,108.692176
53.05,10,108.695209
53.05,10,108.698223
53.05,10,108.701223
53.05,10,108.703208
53.05,10,108.707717
53.05,10,108.710715
53.05,10,108.713713
53.05,10,108.79921
53.05,10,108.801217
53.05,10,108.804729
53.05,10,108.806735
53.05,10,108.810748
53.05,10,108.812755
53.05,10,108.816767
53.05,10,108.818774
53.05,10,108.822529
53.05,10,108.824535
53.05,10,108.828548
53.05,10,108.832561
53.05,10,108.834567
53.05,10,108.838322
53.05,10,108.840328
53.05,10,108.844341
53.05,10,108.846347
53.05,10,108.85036
53.05,10,108.852108
53.05,10,108.85612
53.05,10,108.858127
53.05,10,108.862139
53.05,10,108.866152
53.05,10,108.869904
53.05,10,108.871908
53.05,10,108.873912
53.05,10,108.875915
53.05,10,108.875915
53.05,10,108.875915
53.05,10,108.884045
53.05,10,108.884045
53.05,10,108.891734
53.05,10,108.891734
53.05,10,108.891734
53.05,10,108.900696
53.05,10,108.904022
53.05,10,108.906006
53.05,10,108.907021
53.05,10,108.907021
53.05,10,108.907021
53.05,10,108.907021
53.05,10,108.907021
53.05,10,108.924142
53.05,10,108.927659
53.05,10,108.929669
53.05,10,108.929669
53.05,10,108.929669
53.05,10,108.941359
53.05,10,108.943968
53.05,10,108.946968
53.05,10,108.949968
53.05,10,108.952968
53.05,10,108.954968
53.05,10,108.958455
53.05,10,108.96145
53.05,10,108.964445
53.05,10,108.966441
53.05,10,108.969445
53.05,10,108.972442
53.05,10,108.973337
53.05,10,108.973337
53.05,10,108.973337
53.05,10,108.973337
53.05,10,108.973337
53.05,10,108.989126
53.05,10,108.991804
53.05,10,108.995816
53.05,10,108.997822
53.05,10,108.999828
53.05,10,109.00384
53.05,10,109.007166
53.05,10,109.010163
53.05,10,109.012173
53.05,10,109.015172
53.05,10,109.016171
53.05,10,109.016171
53.05,10,109.016171
53.05,10,109.016171
53.05,10,109.016171
53.05,10,109.032122
53.05,10,109.037946
53.05,10,109.039953
53.05,10,109.043965
53.05,10,109.045971
53.05,10,109.047977
53.05,10,109.051989
53.05,10,109.053996
53.05,10,109.058007
53.05,10,109.060013
53.05,10,109.062019
53.05,10,109.065772
53.05,10,109.067778
53.05,10,109.069784
53.05,10,109.073797
53.05,10,109.075802
53.05,10,109.079556
53.05,10,109.081562
53.05,10,109.085574
53.05,10,109.08758
53.05,10,109.089586
53.05,10,109.092093
53.05,10,109.095916
53.05,10,109.172585
53.05,10,109.189817
53.05,10,109.192323
53.05,10,109.192323
53.05,10,109.192323
53.05,10,109.192323
53.05,10,109.192323
53.05,10,109.206626
53.05,10,109.209768
53.05,10,109.212765
53.05,10,109.215863
53.05,10,109.218853
53.05,10,109.221856
53.05,10,109.224857
53.05,10,109.227849
53.05,10,109.230851
53.05,10,109.232856
53.05,10,109.235848
53.05,10,109.238862
53.05,10,109.24086
53.05,10,109.24086
53.05,10,109.24086
53.05,10,109.24086
53.05,10,109.24086
53.05,10,109.256544
53.05,10,109.256544
53.05,10,109.256544
53.05,10,109.256544
53.05,10,109.256544
53.05,10,109.256544
53.05,10,109.272702
53.05,10,109.272702
53.05,10,109.272702
53.05,10,109.272702
53.05,10,109.272702
53.05,10,109.288913
53.05,10,109.288913
53.05,10,109.292558
53.05,10,109.292558
53.05,10,109.292558
53.05,10,109.292558
53.05,10,109.304702
53.05,10,109.304702
53.05,10,109.304702
53.05,10,109.304702
53.05,10,109.304702
53.05,10,109.320509
53.05,10,109.320509
53.05,10,109.320509
53.05,10,109.320509
53.05,10,109.320509
53.05,10,109.320509
53.05,10,109.338662
53.05,10,109.338662
53.05,10,109.338662
53.05,10,109.338662
53.05,10,109.338662
53.05,10,109.352402
53.05,10,109.352402
53.05,10,109.352402
53.05,10,109.352402
53.05,10,109.352402
53.05,10,109.36863
53.05,10,109.36863
53.05,10,109.36863
53.05,10,109.36863
53.05,10,109.36863
53.05,10,109.36863
53.05,10,109.384708
53.05,10,109.384708
53.05,10,109.384708
53.05,10,109.392986
53.05,10,109.392986
53.05,10,109.400619
53.05,10,109.400619
53.05,10,109.400619
53.05,10,109.400619
53.05,10,109.400619
53.05,10,109.400619
53.05,10,109.416474
53.05,10,109.416474
53.05,10,109.416474
53.05,10,109.416474
53.05,10,109.416474
53.05,10,109.433016
53.05,10,109.436215
53.05,10,109.437225
53.05,10,109.437225
53.05,10,109.437225
53.05,10,109.437225
53.05,10,109.437225
53.05,10,109.453071
53.05,10,109.456482
53.05,10,109.468336
53.05,10,109.471335
53.05,10,109.473815
53.05,10,109.476962
53.05,10,109.480086
53.05,10,109.482083
53.05,10,109.485075
53.05,10,109.488092
53.05,10,109.489974
53.05,10,109.493315
53.05,10,109.580188
53.05,10,109.582195
53.05,10,109.586208
53.05,10,109.588215
53.05,10,109.592228
53.05,10,109.594242
53.05,10,109.598256
53.05,10,109.602269
53.05,10,109.604275
53.05,10,109.608288
53.05,10,109.612059
53.05,10,109.614066
53.05,10,109.61808
53.05,10,109.620086
53.05,10,109.6241
53.05,10,109.625848
53.05,10,109.625848
53.05,10,109.625848
53.05,10,109.625848
53.05,10,109.625848
53.05,10,109.625848
53.05,10,109.644057
53.05,10,109.647057
53.05,10,109.650054
53.05,10,109.652057
53.05,10,109.655059
53.05,10,109.656056
53.05,10,109.656056
53.05,10,109.656056
53.05,10,109.656056
53.05,10,109.656056
53.05,10,109.671945
53.05,10,109.671945
53.05,10,109.671945
53.05,10,109.671945
53.05,10,109.671945
53.05,10,109.671945
53.05,10,109.688126
53.05,10,109.691409
53.05,10,109.695812
53.05,10,109.697818
53.05,10,109.70183
53.05,10,109.703836
53.05,10,109.706765
53.05,10,109.710769
53.05,10,109.71277
53.05,10,109.715879
53.05,10,109.718874
53.05,10,109.72088
53.05,10,109.724934
53.05,10,109.726922
53.05,10,109.730032
53.05,10,109.733036
53.05,10,109.736038
53.05,10,109.738039
53.05,10,109.740812
53.05,10,109.743723
53.05,10,109.747089
53.05,10,109.74821
53.05,10,109.74821
53.05,10,109.74821
53.05,10,109.756546
53.05,10,109.756546
53.05,10,109.756546
53.05,10,109.756546
53.05,10,109.756546
53.05,10,109.772656
53.05,10,109.772656
53.05,10,109.772656
53.05,10,109.772656
53.05,10,109.772656
53.05,10,109.772656
53.05,10,109.788817
53.05,10,109.788817
53.05,10,109.793695
53.05,10,109.793695
53.05,10,109.793695
53.05,10,109.793695
53.05,10,109.804873
53.05,10,109.804873
53.05,10,109.804873
53.05,10,109.804873
53.05,10,109.804873
53.05,10,109.820858
53.05,10,109.820858
53.05,10,109.820858
53.05,10,109.820858
53.05,10,109.820858
53.05,10,109.820858
53.05,10,109.837028
53.05,10,109.837028
53.05,10,109.837028
53.05,10,109.837028
53.05,10,109.837028
53.05,10,109.837028
53.05,10,109.855793
53.05,10,109.85779
53.05,10,109.859777
53.05,10,109.859777
53.05,10,109.859777
53.05,10,109.859777
53.05,10,109.859777
53.05,10,109.9652
53.05,10,109.9682
53.05,10,109.971327
53.05,10,109.974317
53.05,10,109.977314
53.05,10,109.979341
53.05,10,109.982325
53.05,10,109.98534
53.05,10,109.988341
53.05,10,109.991324
53.05,10,109.993863
53.05,10,109.996891
53.05,10,109.999891
53.05,10,110.002892
53.05,10,110.005892
53.05,10,110.007892
53.05,10,110.010891
53.05,10,110.013891
53.05,10,110.016876
53.05,10,110.016876
53.05,10,110.016876
53.05,10,110.016876
53.05,10,110.016876
53.05,10,110.016876
53.05,10,110.032626
53.05,10,110.032626
53.05,10,110.032626
53.05,10,110.032626
53.05,10,110.032626
53.05,10,110.048793
53.05,10,110.048793
53.05,10,110.048793
53.05,10,110.048793
53.05,10,110.048793
53.05,10,110.048793
53.05,10,110.064908
53.05,10,110.064908
53.05,10,110.064908
53.05,10,110.064908
53.05,10,110.064908
53.05,10,110.081035
53.05,10,110.081035
53.05,10,110.081035
53.05,10,110.081035
53.05,10,110.081035
53.05,10,110.09394
53.05,10,110.097181
53.05,10,110.097181
53.05,10,110.097181
53.05,10,110.097181
53.05,10,110.097181
53.05,10,110.113307
53.05,10,110.117435
53.05,10,110.119442
53.05,10,110.121448
53.05,10,110.12546
53.05,10,110.127466
53.05,10,110.129213
53.05,10,110.129213
53.05,10,110.129213
53.05,10,110.129213
53.05,10,110.129213
53.05,10,110.145035
53.05,10,110.145035
53.05,10,110.145035
53.05,10,110.145035
53.05,10,110.145035
53.05,10,110.145035
53.05,10,110.161278
53.05,10,110.165148
53.05,10,110.167151
53.05,10,110.168894
53.05,10,110.168894
53.05,10,110.168894
53.05,10,110.179838
53.05,10,110.182845
53.05,10,110.185844
53.05,10,110.187832
53.05,10,110.187832
53.05,10,110.194739
53.05,10,110.196528
53.05,10,110.196528
53.05,10,110.196528
53.05,10,110.206633
53.05,10,110.209852
53.05,10,110.212853
53.05,10,110.215845
53.05,10,110.218834
53.05,10,110.221839
53.05,10,110.225619
53.05,10,110.228613
53.05,10,110.231612
53.05,10,110.234612
53.05,10,110.237612
53.05,10,110.240718
53.05,10,110.240718
53.05,10,110.240718
53.05,10,110.240718
53.05,10,110.240718
53.05,10,110.240718
53.05,10,110.256535
53.05,10,110.256535
53.05,10,110.256535
53.05,10,110.352979
53.05,10,110.356992
53.05,10,110.358998
53.05,10,110.363012
53.05,10,110.365019
53.05,10,110.368774
53.05,10,110.372788
53.05,10,110.374795
53.05,10,110.378808
53.05,10,110.380814
53.05,10,110.385967
53.05,10,110.38893
53.05,10,110.39084
53.05,10,110.394281
53.05,10,110.394281
53.05,10,110.394281
53.05,10,110.394281
53.05,10,110.394281
53.05,10,110.406843
53.05,10,110.406843
53.05,10,110.406843
53.05,10,110.406843
53.05,10,110.406843
53.05,10,110.406843
53.05,10,110.422809
53.05,10,110.422809
53.05,10,110.422809
53.05,10,110.422809
53.05,10,110.422809
53.05,10,110.438747
53.05,10,110.438747
53.05,10,110.438747
53.05,10,110.438747
53.05,10,110.438747
53.05,10,110.438747
53.05,10,110.454768
53.05,10,110.454768
53.05,10,110.454768
53.05,10,110.454768
53.05,10,110.454768
53.05,10,110.454768
53.05,10,110.470669
53.05,10,110.470669
53.05,10,110.470669
53.05,10,110.470669
53.05,10,110.470669
53.05,10,110.486827
53.05,10,110.49029
53.05,10,110.492288
53.05,10,110.495998
53.05,10,110.498008
53.05,10,110.501162
53.05,10,110.504047
53.05,10,110.508048
53.05,10,110.510157
53.05,10,110.513161
53.05,10,110.516165
53.05,10,110.519334
53.05,10,110.522447
53.05,10,110.524813
53.05,10,110.527823
53.05,10,110.530821
53.05,10,110.533818
53.05,10,110.536829
53.05,10,110.539821
53.05,10,110.539821
53.05,10,110.539821
53.05,10,110.539821
53.05,10,110.539821
53.05,10,110.539821
53.05,10,110.555997
53.05,10,110.555997
53.05,10,110.555997
53.05,10,110.555997
53.05,10,110.555997
53.05,10,110.555997
53.05,10,110.572237
53.05,10,110.572237
53.05,10,110.572237
53.05,10,110.572237
53.05,10,110.572237
53.05,10,110.588076
53.05,10,110.591405
53.05,10,110.593424
53.05,10,110.596886
53.05,10,110.599886
53.05,10,110.60289
53.05,10,110.605874
53.05,10,110.608876
53.05,10,110.609887
53.05,10,110.609887
53.05,10,110.609887
53.05,10,110.609887
53.05,10,110.609887
53.05,10,110.625702
53.05,10,110.625702
53.05,10,110.625702
53.05,10,110.625702
53.05,10,110.625702
53.05,10,110.625702
53.05,10,110.641924
53.05,10,110.641924
53.05,10,110.736512
53.05,10,110.740023
53.05,10,110.743086
53.05,10,110.745085
53.05,10,110.748085
53.05,10,110.751086
53.05,10,110.754086
53.05,10,110.757095
53.05,10,110.757095
53.05,10,110.757095
53.05,10,110.757095
53.05,10,110.757095
53.05,10,110.757095
53.05,10,110.772987
53.05,10,110.772987
53.05,10,110.772987
53.05,10,110.772987
53.05,10,110.772987
53.05,10,110.772987
53.05,10,110.789218
53.05,10,110.794984
53.05,10,110.794984
53.05,10,110.794984
53.05,10,110.794984
53.05,10,110.805124
53.05,10,110.805124
53.05,10,110.805124
53.05,10,110.805124
53.05,10,110.805124
53.05,10,110.820934
53.05,10,110.833096
53.05,10,110.83685
53.05,10,110.840696
53.05,10,110.844708
53.05,10,110.846714
53.05,10,110.84872
53.05,10,110.852732
53.05,10,110.852732
53.05,10,110.852732
53.05,10,110.852732
53.05,10,110.852732
53.05,10,110.852732
53.05,10,110.868888
53.05,10,110.868888
53.05,10,110.868888
53.05,10,110.868888
53.05,10,110.868888
53.05,10,110.868888
53.05,10,110.885077
53.05,10,110.885077
53.05,10,110.885077
53.05,10,110.894956
53.05,10,110.894956
53.05,10,110.901093
53.05,10,110.904903
53.05,10,110.906906
53.05,10,110.906906
53.05,10,110.906906
53.05,10,110.906906
53.05,10,110.919698
53.05,10,110.9217
53.05,10,110.9217
53.05,10,110.9217
53.05,10,110.9217
53.05,10,110.9217
53.05,10,110.9217
53.05,10,110.937523
53.05,10,110.937523
53.05,10,110.937523
53.05,10,110.937523
53.05,10,110.937523
53.05,10,110.953391
53.05,10,110.957407
53.05,10,110.959414
53.05,10,110.963428
53.05,10,110.965434
53.05,10,110.969189
53.05,10,110.969189
53.05,10,110.969189
53.05,10,110.969189
53.05,10,110.969189
53.05,10,110.969189
53.05,10,110.984944
53.05,10,110.990758
53.05,10,110.992765
53.05,10,110.996778
53.05,10,110.998784
53.05,10,111.003019
53.05,10,111.006019
53.05,10,111.008019
53.05,10,111.011019
53.05,10,111.014019
53.05,10,111.017514
53.05,10,111.020376
53.05,10,111.023376
53.05,10,111.026376
53.05,10,111.028376
53.05,10,111.032374
53.05,10,111.035158
53.05,10,111.03716
53.05,10,111.041053
53.05,10,111.044055
53.05,10,111.119623
53.05,10,111.127965
53.05,10,111.131979
53.05,10,111.135737
53.05,10,111.139699
53.05,10,111.143714
53.05,10,111.14572
53.05,10,111.149734
53.05,10,111.153488
53.05,10,111.155495
53.05,10,111.159508
53.05,10,111.161514
53.05,10,111.165527
53.05,10,111.167275
53.05,10,111.171289
53.05,10,111.175303
53.05,10,111.177309
53.05,10,111.181323
53.05,10,111.18307
53.05,10,111.187542
53.05,10,111.191554
53.05,10,111.193561
53.05,10,111.197074
53.05,10,111.20174
53.05,10,111.205206
53.05,10,111.208745
53.05,10,111.211745
53.05,10,111.214745
53.05,10,111.217745
53.05,10,111.220745
53.05,10,111.224743
53.05,10,111.226733
53.05,10,111.229733
53.05,10,111.232733
53.05,10,111.235733
53.05,10,111.238733
53.05,10,111.240738
53.05,10,111.240738
53.05,10,111.240738
53.05,10,111.240738
53.05,10,111.240738
53.05,10,111.240738
53.05,10,111.256404
53.05,10,111.256404
53.05,10,111.256404
53.05,10,111.256404
53.05,10,111.256404
53.05,10,111.256404
53.05,10,111.274594
53.05,10,111.2766
53.05,10,111.280612
53.05,10,111.282619
53.05,10,111.284625
53.05,10,111.288378
53.05,10,111.292168
53.05,10,111.295181
53.05,10,111.297187
53.05,10,111.299193
53.05,10,111.303205
53.05,10,111.304212
53.05,10,111.304212
53.05,10,111.304212
53.05,10,111.304212
53.05,10,111.304212
53.05,10,111.320419
53.05,10,111.320419
53.05,10,111.320419
53.05,10,111.320419
53.05,10,111.320419
53.05,10,111.337724
53.05,10,111.339669
53.05,10,111.342656
53.05,10,111.343658
53.05,10,111.343658
53.05,10,111.343658
53.05,10,111.343658
53.05,10,111.343658
53.05,10,111.359506
53.05,10,111.359506
53.05,10,111.359506
53.05,10,111.359506
53.05,10,111.359506
53.05,10,111.359506
53.05,10,111.375638
53.05,10,111.375638
53.05,10,111.375638
53.05,10,111.375638
53.05,10,111.375638
53.05,10,111.375638
53.05,10,111.391678
53.05,10,111.3953
53.05,10,111.3953
53.05,10,111.3953
53.05,10,111.3953
53.05,10,111.407437
53.05,10,111.407437
53.05,10,111.407437
53.05,10,111.407437
53.05,10,111.407437
53.05,10,111.407437
53.05,10,111.423207
53.05,10,111.423207
53.05,10,111.423207
53.05,10,111.519035
53.05,10,111.521035
53.05,10,111.524035
53.05,10,111.528036
53.05,10,111.532035
53.05,10,111.535039
53.05,10,111.539037
53.05,10,111.543038
53.05,10,111.546045
53.05,10,111.550107
53.05,10,111.553107
53.05,10,111.556107
53.05,10,111.55911
53.05,10,111.562109
53.05,10,111.562109
53.05,10,111.562109
53.05,10,111.562109
53.05,10,111.562109
53.05,10,111.562109
53.05,10,111.579452
53.05,10,111.579452
53.05,10,111.579452
53.05,10,111.579452
53.05,10,111.589978
53.05,10,111.593001
53.05,10,111.595614
53.05,10,111.598732
53.05,10,111.601725
53.05,10,111.604732
53.05,10,111.607487
53.05,10,111.610621
53.05,10,111.613629
53.05,10,111.616619
53.05,10,111.61962
53.05,10,111.622624
53.05,10,111.62356
53.05,10,111.62356
53.05,10,111.62356
53.05,10,111.62356
53.05,10,111.62356
53.05,10,111.639349
53.05,10,111.639349
53.05,10,111.639349
53.05,10,111.639349
53.05,10,111.639349
53.05,10,111.639349
53.05,10,111.655519
53.05,10,111.659759
53.05,10,111.661502
53.05,10,111.661502
53.05,10,111.661502
53.05,10,111.671648
53.05,10,111.671648
53.05,10,111.671648
53.05,10,111.671648
53.05,10,111.671648
53.05,10,111.671648
53.05,10,111.688802
53.05,10,111.690947
53.05,10,111.690947
53.05,10,111.696059
53.05,10,111.696059
53.05,10,111.696059
53.05,10,111.70681
53.05,10,111.710038
53.05,10,111.713048
53.05,10,111.71606
53.05,10,111.718042
53.05,10,111.721034
53.05,10,111.724711
53.05,10,111.727822
53.05,10,111.730816
53.05,10,111.732819
53.05,10,111.735822
53.05,10,111.738828
53.05,10,111.740867
53.05,10,111.744631
53.05,10,111.744631
53.05,10,111.744631
53.05,10,111.744631
53.05,10,111.756536
53.05,10,111.758954
53.05,10,111.761947
53.05,10,111.764961
53.05,10,111.768161
53.05,10,111.77117
53.05,10,111.774158
53.05,10,111.777162
53.05,10,111.780151
53.05,10,111.781147
53.05,10,111.781147
53.05,10,111.781147
53.05,10,111.781147
53.05,10,111.781147
53.05,10,111.79635
53.05,10,111.79635
53.05,10,111.79635
53.05,10,111.79635
53.05,10,111.79635
53.05,10,111.79635
53.05,10,111.812538
53.05,10,111.812538
53.05,10,111.896459
53.05,10,111.908349
53.05,10,111.910356
53.05,10,111.91437
53.05,10,111.916377
53.05,10,111.920393
53.05,10,111.924219
53.05,10,111.928233
53.05,10,111.930239
53.05,10,111.934252
53.05,10,111.936258
53.05,10,111.938006
53.05,10,111.943877
53.05,10,111.945884
53.05,10,111.949895
53.05,10,111.951903
53.05,10,111.953651
53.05,10,111.959481
53.05,10,111.961488
53.05,10,111.9655
53.05,10,111.967507
53.05,10,111.972664
53.05,10,111.978693
53.05,10,111.980702
53.05,10,111.984724
53.05,10,111.986788
53.05,10,111.989785
53.05,10,111.992773
53.05,10,111.994786
53.05,10,111.998335
53.05,10,112.000335
53.05,10,112.003523
53.05,10,112.006521
53.05,10,112.009522
53.05,10,112.012521
53.05,10,112.014521
53.05,10,112.01798
53.05,10,112.019979
53.05,10,112.022978
53.05,10,112.025963
53.05,10,112.028978
53.05,10,112.030978
53.05,10,112.030978
53.05,10,112.030978
53.05,10,112.030978
53.05,10,112.030978
53.05,10,112.030978
53.05,10,112.047099
53.05,10,112.047099
53.05,10,112.047099
53.05,10,112.047099
53.05,10,112.047099
53.05,10,112.047099
53.05,10,112.063316
53.05,10,112.063316
53.05,10,112.063316
53.05,10,112.063316
53.05,10,112.063316
53.05,10,112.080287
53.05,10,112.082523
53.05,10,112.085538
53.05,10,112.088522
53.05,10,112.091519
53.05,10,112.094522
53.05,10,112.097487
53.05,10,112.100484
53.05,10,112.102484
53.05,10,112.105484
53.05,10,112.109488
53.05,10,112.112559
53.05,10,112.115487
53.05,10,112.118487
53.05,10,112.121487
53.05,10,112.124559
53.05,10,112.127489
53.05,10,112.130489
53.05,10,112.133489
53.05,10,112.135489
53.05,10,112.138489
53.05,10,112.13991
53.05,10,112.13991
53.05,10,112.13991
53.05,10,112.13991
53.05,10,112.13991
53.05,10,112.155723
53.05,10,112.155723
53.05,10,112.155723
53.05,10,112.155723
53.05,10,112.155723
53.05,10,112.155723
53.05,10,112.1717
53.05,10,112.1717
53.05,10,112.1717
53.05,10,112.1717
53.05,10,112.1717
53.05,10,112.1717
53.05,10,112.18914
53.05,10,112.201039
53.05,10,112.205052
53.05,10,112.207829
53.05,10,112.210936
53.05,10,112.213943
53.05,10,112.215942
53.05,10,112.304228
53.05,10,112.307421
53.05,10,112.309421
53.05,10,112.312422
53.05,10,112.315549
53.05,10,112.318548
53.05,10,112.32155
53.05,10,112.323549
53.05,10,112.326548
53.05,10,112.328648
53.05,10,112.328648
53.05,10,112.328648
53.05,10,112.328648
53.05,10,112.328648
53.05,10,112.344466
53.05,10,112.344466
53.05,10,112.344466
53.05,10,112.344466
53.05,10,112.344466
53.05,10,112.344466
53.05,10,112.3606
53.05,10,112.3606
53.05,10,112.3606
53.05,10,112.3606
53.05,10,112.3606
53.05,10,112.376731
53.05,10,112.376731
53.05,10,112.376731
53.05,10,112.376731
53.05,10,112.376731
53.05,10,112.376731
53.05,10,112.392873
53.05,10,112.397312
53.05,10,112.397312
53.05,10,112.397312
53.05,10,112.397312
53.05,10,112.408937
53.05,10,112.408937
53.05,10,112.408937
53.05,10,112.408937
53.05,10,112.408937
53.05,10,112.408937
53.05,10,112.427114
53.05,10,112.430106
53.05,10,112.43311
53.05,10,112.436105
53.05,10,112.437114
53.05,10,112.437114
53.05,10,112.437114
53.05,10,112.437114
53.05,10,112.437114
53.05,10,112.453223
53.05,10,112.453223
53.05,10,112.453223
53.05,10,112.453223
53.05,10,112.453223
53.05,10,112.453223
53.05,10,112.469371
53.05,10,112.475461
53.05,10,112.477468
53.05,10,112.481479
53.05,10,112.483485
53.05,10,112.485233
53.05,10,112.491024
53.05,10,112.49303
53.05,10,112.495041
53.05,10,112.499553
53.05,10,112.501301
53.05,10,112.505077
53.05,10,112.508824
53.05,10,112.508824
53.05,10,112.508824
53.05,10,112.517289
53.05,10,112.519709
53.05,10,112.522703
53.05,10,112.525708
53.05,10,112.527709
53.05,10,112.530707
53.05,10,112.533855
53.05,10,112.536858
53.05,10,112.538857
53.05,10,112.541853
53.05,10,112.544842
53.05,10,112.546853
53.05,10,112.546853
53.05,10,112.546853
53.05,10,112.546853
53.05,10,112.546853
53.05,10,112.546853
53.05,10,112.56374
53.05,10,112.567762
53.05,10,112.571775
53.05,10,112.573781
53.05,10,112.577793
53.05,10,112.58171
53.05,10,112.583717
53.05,10,112.587729
53.05,10,112.589736
53.05,10,112.593489
53.05,10,112.593489
53.05,10,112.599939
53.05,10,112.601945
53.05,10,112.692533
53.05,10,112.695533
53.05,10,112.69804
53.05,10,112.702048
53.05,10,112.706048
53.05,10,112.707048
53.05,10,112.707048
53.05,10,112.707048
53.05,10,112.707048
53.05,10,112.707048
53.05,10,112.724581
53.05,10,112.726655
53.05,10,112.729643
53.05,10,112.732648
53.05,10,112.735642
53.05,10,112.737647
53.05,10,112.740586
53.05,10,112.743642
53.05,10,112.746651
53.05,10,112.749668
53.05,10,112.75265
53.05,10,112.75554
53.05,10,112.758539
53.05,10,112.760636
53.05,10,112.763644
53.05,10,112.766654
53.05,10,112.766654
53.05,10,112.766654
53.05,10,112.766654
53.05,10,112.766654
53.05,10,112.766654
53.05,10,112.782433
53.05,10,112.78674
53.05,10,112.790753
53.05,10,112.792759
53.05,10,112.796772
53.05,10,112.798277
53.05,10,112.798277
53.05,10,112.798277
53.05,10,112.798277
53.05,10,112.798277
53.05,10,112.814459
53.05,10,112.814459
53.05,10,112.814459
53.05,10,112.814459
53.05,10,112.814459
53.05,10,112.814459
53.05,10,112.830572
53.05,10,112.832578
53.05,10,112.836583
53.05,10,112.838327
53.05,10,112.838327
53.05,10,112.838327
53.05,10,112.84636
53.05,10,112.84636
53.05,10,112.84636
53.05,10,112.84636
53.05,10,112.84636
53.05,10,112.862494
53.05,10,112.865091
53.05,10,112.868099
53.05,10,112.871091
53.05,10,112.874086
53.05,10,112.875093
53.05,10,112.875093
53.05,10,112.875093
53.05,10,112.875093
53.05,10,112.875093
53.05,10,112.89131
53.05,10,112.89131
53.05,10,112.89131
53.05,10,112.898505
53.05,10,112.898505
53.05,10,112.898505
53.05,10,112.907137
53.05,10,112.911539
53.05,10,112.913546
53.05,10,112.917558
53.05,10,112.919564
53.05,10,112.923076
53.05,10,112.925375
53.05,10,112.927378
53.05,10,112.931124
53.05,10,112.932863
53.05,10,112.936343
53.05,10,112.939085
53.05,10,112.939085
53.05,10,112.939085
53.05,10,112.939085
53.05,10,112.939085
53.05,10,112.939085
53.05,10,112.956043
53.05,10,112.958049
53.05,10,112.958049
53.05,10,112.958049
53.05,10,112.958049
53.05,10,112.971424
53.05,10,112.974458
53.05,10,112.977562
53.05,10,112.980571
53.05,10,112.983567
53.05,10,112.985925
53.05,10,113.063004
53.05,10,113.080188
53.05,10,113.083163
53.05,10,113.086169
53.05,10,113.089169
53.05,10,113.09217
53.05,10,113.09417
53.05,10,113.098589
53.05,10,113.098589
53.05,10,113.098589
53.05,10,113.098589
53.05,10,113.110229
53.05,10,113.110229
53.05,10,113.110229
53.05,10,113.110229
53.05,10,113.110229
53.05,10,113.110229
53.05,10,113.126081
53.05,10,113.126081
53.05,10,113.126081
53.05,10,113.126081
53.05,10,113.126081
53.05,10,113.126081
53.05,10,113.142149
53.05,10,113.142149
53.05,10,113.142149
53.05,10,113.142149
53.05,10,113.142149
53.05,10,113.157956
53.05,10,113.159671
53.05,10,113.164124
53.05,10,113.165866
53.05,10,113.169346
53.05,10,113.172826
53.05,10,113.176401
53.05,10,113.179358
53.05,10,113.182358
53.05,10,113.185363
53.05,10,113.187363
53.05,10,113.191481
53.05,10,113.194351
53.05,10,113.197351
53.05,10,113.199863
53.05,10,113.202863
53.05,10,113.204864
53.05,10,113.210261
53.05,10,113.212441
53.05,10,113.215798
53.05,10,113.21692
53.05,10,113.222115
53.05,10,113.224689
53.05,10,113.227802
53.05,10,113.230806
53.05,10,113.233802
53.05,10,113.236802
53.05,10,113.238806
53.05,10,113.242502
53.05,10,113.245491
53.05,10,113.248494
53.05,10,113.250481
53.05,10,113.253487
53.05,10,113.256489
53.05,10,113.257482
53.05,10,113.257482
53.05,10,113.257482
53.05,10,113.257482
53.05,10,113.257482
53.05,10,113.273265
53.05,10,113.277419
53.05,10,113.279425
53.05,10,113.281431
53.05,10,113.285444
53.05,10,113.28745
53.05,10,113.289197
53.05,10,113.289197
53.05,10,113.289197
53.05,10,113.299217
53.05,10,113.299217
53.05,10,113.305431
53.05,10,113.305431
53.05,10,113.305431
53.05,10,113.305431
53.05,10,113.305431
53.05,10,113.305431
53.05,10,113.321541
53.05,10,113.321541
53.05,10,113.321541
53.05,10,113.321541
53.05,10,113.321541
53.05,10,113.321541
53.05,10,113.337697
53.05,10,113.337697
53.05,10,113.337697
53.05,10,113.337697
53.05,10,113.337697
53.05,10,113.337697
53.05,10,113.353928
53.05,10,113.353928
53.05,10,113.353928
53.05,10,113.353928
53.05,10,113.353928
53.05,10,113.369922
53.05,10,113.372586
53.05,10,113.458829
53.05,10,113.460835
53.05,10,113.464849
53.05,10,113.466856
53.05,10,113.47087
53.05,10,113.474884
53.05,10,113.47689
53.05,10,113.480904
53.05,10,113.484658
53.05,10,113.486666
53.05,10,113.49068
53.05,10,113.492687
53.05,10,113.496707
53.05,10,113.49922
53.05,10,113.503155
53.05,10,113.506063
53.05,10,113.509061
53.05,10,113.51206
53.05,10,113.515062
53.05,10,113.51741
53.05,10,113.520406
53.05,10,113.523407
53.05,10,113.525407
53.05,10,113.528407
53.05,10,113.531407
53.05,10,113.531407
53.05,10,113.531407
53.05,10,113.531407
53.05,10,113.531407
53.05,10,113.531407
53.05,10,113.547377
53.05,10,113.56168
53.05,10,113.56342
53.05,10,113.56342
53.05,10,113.56342
53.05,10,113.56342
53.05,10,113.56342
53.05,10,113.579521
53.05,10,113.579521
53.05,10,113.579521
53.05,10,113.579521
53.05,10,113.579521
53.05,10,113.579521
53.05,10,113.595732
53.05,10,113.59813
53.05,10,113.601875
53.05,10,113.604855
53.05,10,113.607867
53.05,10,113.610858
53.05,10,113.613117
53.05,10,113.616219
53.05,10,113.619205
53.05,10,113.622219
53.05,10,113.625209
53.05,10,113.625209
53.05,10,113.625209
53.05,10,113.625209
53.05,10,113.625209
53.05,10,113.625209
53.05,10,113.641164
53.05,10,113.645482
53.05,10,113.647493
53.05,10,113.651507
53.05,10,113.653512
53.05,10,113.657267
53.05,10,113.657267
53.05,10,113.663105
53.05,10,113.665111
53.05,10,113.669124
53.05,10,113.67113
53.05,10,113.673136
53.05,10,113.677172
53.05,10,113.679178
53.05,10,113.68319
53.05,10,113.685196
53.05,10,113.688951
53.05,10,113.690603
53.05,10,113.69529
53.05,10,113.697296
53.05,10,113.701815
53.05,10,113.703821
53.05,10,113.705827
53.05,10,113.711224
53.05,10,113.713231
53.05,10,113.717244
53.05,10,113.71925
53.05,10,113.72552
53.05,10,113.72752
53.05,10,113.73052
53.05,10,113.73352
53.05,10,113.737635
53.05,10,113.740198
53.05,10,113.743385
53.05,10,113.746385
53.05,10,113.749385
53.05,10,113.752385
53.05,10,113.754385
53.05,10,113.757582
53.05,10,113.760375
53.05,10,113.764386
53.05,10,113.766393
53.05,10,113.770406
53.05,10,113.851994
53.05,10,113.862773
53.05,10,113.866788
53.05,10,113.869803
53.05,10,113.873819
53.05,10,113.875826
53.05,10,113.87984
53.05,10,113.883595
53.05,10,113.885602
53.05,10,113.889616
53.05,10,113.891623
53.05,10,113.895638
53.05,10,113.897645
53.05,10,113.903375
53.05,10,113.905382
53.05,10,113.909395
53.05,10,113.911401
53.05,10,113.915415
53.05,10,113.917433
53.05,10,113.921447
53.05,10,113.923454
53.05,10,113.927468
53.05,10,113.931225
53.05,10,113.934868
53.05,10,113.937471
53.05,10,113.940273
53.05,10,113.94132
53.05,10,113.94132
53.05,10,113.94132
53.05,10,113.94132
53.05,10,113.953314
53.05,10,113.956962
53.05,10,113.958971
53.05,10,113.960984
53.05,10,113.965003
53.05,10,113.965003
53.05,10,113.969961
53.05,10,113.971966
53.05,10,113.971966
53.05,10,113.971966
53.05,10,113.971966
53.05,10,113.971966
53.05,10,113.985096
53.05,10,113.985096
53.05,10,113.985096
53.05,10,113.985096
53.05,10,113.985096
53.05,10,114.001121
53.05,10,114.001121
53.05,10,114.001121
53.05,10,114.001121
53.05,10,114.001121
53.05,10,114.001121
53.05,10,114.017056
53.05,10,114.017056
53.05,10,114.017056
53.05,10,114.017056
53.05,10,114.017056
53.05,10,114.017056
53.05,10,114.035631
53.05,10,114.038646
53.05,10,114.040631
53.05,10,114.043641
53.05,10,114.046646
53.05,10,114.046646
53.05,10,114.046646
53.05,10,114.046646
53.05,10,114.046646
53.05,10,114.046646
53.05,10,114.062627
53.05,10,114.062627
53.05,10,114.062627
53.05,10,114.062627
53.05,10,114.062627
53.05,10,114.062627
53.05,10,114.078721
53.05,10,114.078721
53.05,10,114.078721
53.05,10,114.078721
53.05,10,114.078721
53.05,10,114.094946
53.05,10,114.094946
53.05,10,114.100174
53.05,10,114.100174
53.05,10,114.100174
53.05,10,114.100174
53.05,10,114.1108
53.05,10,114.1108
53.05,10,114.1108
53.05,10,114.1108
53.05,10,114.1108
53.05,10,114.127021
53.05,10,114.130367
53.05,10,114.133367
53.05,10,114.135367
53.05,10,114.138367
53.05,10,114.141659
53.05,10,114.144551
53.05,10,114.147552
53.05,10,114.150551
53.05,10,114.15266
53.05,10,114.155668
53.05,10,114.156672
53.05,10,114.266034
53.05,10,114.266034
53.05,10,114.266034
53.05,10,114.281755
53.05,10,114.281755
53.05,10,114.281755
53.05,10,114.281755
53.05,10,114.281755
53.05,10,114.297893
53.05,10,114.300638
53.05,10,114.300638
53.05,10,114.300638
53.05,10,114.300638
53.05,10,114.31377
53.05,10,114.31377
1.52,108,114.349361
53.05,10,114.351367
53.05,10,114.35538
53.05,10,114.357385
53.05,10,114.359391
53.05,10,114.364583
53.05,10,114.368465
53.05,10,114.371448
53.05,10,114.374452
53.05,10,114.375444
53.05,10,114.375444
53.05,10,114.375444
53.05,10,114.375444
53.05,10,114.375444
53.05,10,114.391343
53.05,10,114.391343
53.05,10,114.391343
53.05,10,114.400927
53.05,10,114.400927
53.05,10,114.407447
53.05,10,114.411459
53.05,10,114.413466
53.05,10,114.417478
53.05,10,114.419483
53.05,10,114.421489
53.05,10,114.425243
53.05,10,114.42725
53.05,10,114.431262
53.05,10,114.433268
53.05,10,114.437279
53.05,10,114.439026
53.05,10,114.439026
53.05,10,114.439026
53.05,10,114.439026
53.05,10,114.439026
53.05,10,114.456249
53.05,10,114.459251
53.05,10,114.462255
53.05,10,114.465253
53.05,10,114.468251
53.05,10,114.471135
53.05,10,114.474133
53.05,10,114.477133
53.05,10,114.480134
53.05,10,114.483133
53.05,10,114.484134
53.05,10,114.484134
53.05,10,114.484134
53.05,10,114.484134
53.05,10,114.484134
53.05,10,114.500988
53.05,10,114.502996
53.05,10,114.507009
53.05,10,114.509015
53.05,10,114.511021
53.05,10,114.515033
53.05,10,114.518045
53.05,10,114.520051
53.05,10,114.522058
53.05,10,114.52607
53.05,10,114.528076
53.05,10,114.53183
53.05,10,114.535318
53.05,10,114.538321
53.05,10,114.541313
53.05,10,114.543316
53.05,10,114.546316
53.05,10,114.549375
53.05,10,114.552375
53.05,10,114.555375
53.05,10,114.558374
53.05,10,114.560374
53.05,10,114.564477
53.05,10,114.567476
53.05,10,114.570477
53.05,10,114.573476
53.05,10,114.575475
53.05,10,114.656959
53.05,10,114.667731
53.05,10,114.669737
53.05,10,114.672751
53.05,10,114.676766
53.05,10,114.680784
53.05,10,114.684798
53.05,10,114.686804
53.05,10,114.691922
53.05,10,114.694947
53.05,10,114.697936
53.05,10,114.699936
53.05,10,114.703487
53.05,10,114.705487
53.05,10,114.707487
53.05,10,114.707487
53.05,10,114.707487
53.05,10,114.707487
53.05,10,114.707487
53.05,10,114.707487
53.05,10,114.725669
53.05,10,114.728658
53.05,10,114.730658
53.05,10,114.733658
53.05,10,114.736658
53.05,10,114.739987
53.05,10,114.743251
53.05,10,114.745342
53.05,10,114.748341
53.05,10,114.751346
53.05,10,114.754354
53.05,10,114.756796
53.05,10,114.760302
53.05,10,114.762639
53.05,10,114.765995
53.05,10,114.768987
53.05,10,114.77099
53.05,10,114.773234
53.05,10,114.773234
53.05,10,114.773234
53.05,10,114.773234
53.05,10,114.773234
53.05,10,114.773234
53.05,10,114.791321
53.05,10,114.795068
53.05,10,114.796808
53.05,10,114.796808
53.05,10,114.801585
53.05,10,114.805493
53.05,10,114.809342
53.05,10,114.809342
53.05,10,114.809342
53.05,10,114.809342
53.05,10,114.821665
53.05,10,114.821665
53.05,10,114.821665
53.05,10,114.821665
53.05,10,114.821665
53.05,10,114.821665
53.05,10,114.837826
53.05,10,114.837826
53.05,10,114.837826
53.05,10,114.837826
53.05,10,114.837826
53.05,10,114.837826
53.05,10,114.855585
53.05,10,114.85733
53.05,10,114.859334
53.05,10,114.859334
53.05,10,114.859334
53.05,10,114.869642
53.05,10,114.869642
53.05,10,114.869642
53.05,10,114.869642
53.05,10,114.869642
53.05,10,114.869642
53.05,10,114.885559
53.05,10,114.885559
53.05,10,114.885559
53.05,10,114.885559
53.05,10,114.885559
53.05,10,114.901826
53.05,10,114.904958
53.05,10,114.905953
53.05,10,114.905953
53.05,10,114.905953
53.05,10,114.905953
53.05,10,114.905953
53.05,10,114.921829
53.05,10,114.921829
53.05,10,114.921829
53.05,10,114.921829
53.05,10,114.921829
53.05,10,114.937715
53.05,10,114.937715
53.05,10,114.937715
53.05,10,114.937715
53.05,10,114.937715
53.05,10,114.937715
53.05,10,114.953657
53.05,10,114.953657
53.05,10,114.953657
53.05,10,114.953657
53.05,10,115.051666
53.05,10,115.05568
53.05,10,115.057687
53.05,10,115.0617
53.05,10,115.065457
53.05,10,115.067464
53.05,10,115.071478
53.05,10,115.073486
53.05,10,115.077498
53.05,10,115.082994
53.05,10,115.085
53.05,10,115.089012
53.05,10,115.091018
53.05,10,115.095031
53.05,10,115.095031
53.05,10,115.095031
53.05,10,115.101979
53.05,10,115.101979
53.05,10,115.101979
53.05,10,115.111041
53.05,10,115.111041
53.05,10,115.111041
53.05,10,115.111041
53.05,10,115.111041
53.05,10,115.111041
53.05,10,115.127087
53.05,10,115.127087
53.05,10,115.127087
53.05,10,115.127087
53.05,10,115.127087
53.05,10,115.142936
53.05,10,115.147034
53.05,10,115.14904
53.05,10,115.151047
53.05,10,115.155058
53.05,10,115.157065
53.05,10,115.158812
53.05,10,115.158812
53.05,10,115.158812
53.05,10,115.158812
53.05,10,115.158812
53.05,10,115.175033
53.05,10,115.175033
53.05,10,115.175033
53.05,10,115.175033
53.05,10,115.175033
53.05,10,115.175033
53.05,10,115.191258
53.05,10,115.194224
53.05,10,115.197093
53.05,10,115.199095
53.05,10,115.2021
53.05,10,115.205582
53.05,10,115.209226
53.05,10,115.21134
53.05,10,115.214338
53.05,10,115.217326
53.05,10,115.22035
53.05,10,115.223222
53.05,10,115.226224
53.05,10,115.229223
53.05,10,115.232223
53.05,10,115.235223
53.05,10,115.238223
53.05,10,115.24222
53.05,10,115.24422
53.05,10,115.24422
53.05,10,115.24422
53.05,10,115.24422
53.05,10,115.24422
53.05,10,115.24422
53.05,10,115.260271
53.05,10,115.260271
53.05,10,115.260271
53.05,10,115.260271
53.05,10,115.260271
53.05,10,115.260271
53.05,10,115.277378
53.05,10,115.277378
53.05,10,115.277378
53.05,10,115.277378
53.05,10,115.290179
53.05,10,115.29323
53.05,10,115.295299
53.05,10,115.298298
53.05,10,115.301295
53.05,10,115.304029
53.05,10,115.306911
53.05,10,115.31021
53.05,10,115.312221
53.05,10,115.315223
53.05,10,115.318222
53.05,10,115.321228
53.05,10,115.324227
53.05,10,115.324227
53.05,10,115.324227
53.05,10,115.324227
53.05,10,115.324227
53.05,10,115.324227
53.05,10,115.339981
53.05,10,115.339981
53.05,10,115.339981
53.05,10,115.433567
53.05,10,115.436756
53.05,10,115.43887
53.05,10,115.44187
53.05,10,115.44487
53.05,10,115.447871
53.05,10,115.450871
53.05,10,115.45287
53.05,10,115.45287
53.05,10,115.45287
53.05,10,115.45287
53.05,10,115.45287
53.05,10,115.45287
53.05,10,115.468623
53.05,10,115.468623
53.05,10,115.468623
53.05,10,115.468623
53.05,10,115.468623
53.05,10,115.484606
53.05,10,115.484606
53.05,10,115.484606
53.05,10,115.484606
53.05,10,115.484606
53.05,10,115.484606
53.05,10,115.502791
53.05,10,115.502791
53.05,10,115.502791
53.05,10,115.502791
53.05,10,115.502791
53.05,10,115.516919
53.05,10,115.516919
53.05,10,115.516919
53.05,10,115.516919
53.05,10,115.516919
53.05,10,115.516919
53.05,10,115.536494
53.05,10,115.54249
53.05,10,115.54549
53.05,10,115.548697
53.05,10,115.552587
53.05,10,115.555587
53.05,10,115.558586
53.05,10,115.560586
53.05,10,115.562587
53.05,10,115.562587
53.05,10,115.562587
53.05,10,115.562587
53.05,10,115.562587
53.05,10,115.562587
53.05,10,115.578415
53.05,10,115.578415
53.05,10,115.578415
53.05,10,115.578415
53.05,10,115.578415
53.05,10,115.594654
53.05,10,115.597199
53.05,10,115.601532
53.05,10,115.605045
53.05,10,115.607052
53.05,10,115.610564
53.05,10,115.610564
53.05,10,115.610564
53.05,10,115.610564
53.05,10,115.610564
53.05,10,115.610564
53.05,10,115.626619
53.05,10,115.626619
53.05,10,115.626619
53.05,10,115.626619
53.05,10,115.626619
53.05,10,115.626619
53.05,10,115.644133
53.05,10,115.647126
53.05,10,115.650128
53.05,10,115.653124
53.05,10,115.656108
53.05,10,115.658474
53.05,10,115.661356
53.05,10,115.664372
53.05,10,115.667372
53.05,10,115.670372
53.05,10,115.671374
53.05,10,115.671374
53.05,10,115.671374
53.05,10,115.671374
53.05,10,115.671374
53.05,10,115.688335
53.05,10,115.691338
53.05,10,115.694163
53.05,10,115.694163
53.05,10,115.700764
53.05,10,115.703271
53.05,10,115.706922
53.05,10,115.710931
53.05,10,115.714033
53.05,10,115.716034
53.05,10,115.719032
53.05,10,115.722034
53.05,10,115.72499
53.05,10,115.727973
53.05,10,115.730978
53.05,10,115.733982
53.05,10,115.82179
53.05,10,115.824527
53.05,10,115.827526
53.05,10,115.831525
53.05,10,115.834525
53.05,10,115.838526
53.05,10,115.839844
53.05,10,115.839844
53.05,10,115.839844
53.05,10,115.839844
53.05,10,115.839844
53.05,10,115.855357
53.05,10,115.855357
53.05,10,115.855357
53.05,10,115.855357
53.05,10,115.855357
53.05,10,115.873174
53.05,10,115.875182
53.05,10,115.875182
53.05,10,115.875182
53.05,10,115.875182
53.05,10,115.888514
53.05,10,115.888514
53.05,10,115.888514
53.05,10,115.888514
53.05,10,115.888514
53.05,10,115.888514
53.05,10,115.905663
53.05,10,115.905663
53.05,10,115.905663
53.05,10,115.905663
53.05,10,115.905663
53.05,10,115.91981
53.05,10,115.91981
53.05,10,115.91981
53.05,10,115.91981
53.05,10,115.91981
53.05,10,115.91981
53.05,10,115.93565
53.05,10,115.93565
53.05,10,115.93565
53.05,10,115.93565
53.05,10,115.93565
53.05,10,115.93565
53.05,10,115.951433
53.05,10,115.951433
53.05,10,115.951433
53.05,10,115.951433
53.05,10,115.951433
53.05,10,115.9672
53.05,10,115.9672
53.05,10,115.9672
53.05,10,115.9672
53.05,10,115.9672
53.05,10,115.9672
53.05,10,115.987865
53.05,10,115.990972
53.05,10,115.993987
53.05,10,115.99598
53.05,10,115.999975
53.05,10,116.002386
53.05,10,116.005124
53.05,10,116.008123
53.05,10,116.01113
53.05,10,116.014119
53.05,10,116.017129
53.05,10,116.020124
53.05,10,116.023109
53.05,10,116.026116
53.05,10,116.029121
53.05,10,116.032118
53.05,10,116.035521
53.05,10,116.038524
53.05,10,116.041522
53.05,10,116.044527
53.05,10,116.047525
53.05,10,116.050521
53.05,10,116.05353
53.05,10,116.05653
53.05,10,116.059518
53.05,10,116.062531
53.05,10,116.062531
53.05,10,116.062531
53.05,10,116.062531
53.05,10,116.062531
53.05,10,116.062531
53.05,10,116.078582
53.05,10,116.078582
53.05,10,116.078582
53.05,10,116.078582
53.05,10,116.078582
53.05,10,116.09459
53.05,10,116.09459
53.05,10,116.09459
53.05,10,116.104166
53.05,10,116.104166
53.05,10,116.110387
53.05,10,116.110387
53.05,10,116.110387
53.05,10,116.110387
53.05,10,116.110387
53.05,10,116.110387
53.05,10,116.126197
53.05,10,116.218961
53.05,10,116.218961
53.05,10,116.22441
53.05,10,116.227393
53.05,10,116.230393
53.05,10,116.233393
53.05,10,116.235393
53.05,10,116.238392
53.05,10,116.242239
53.05,10,116.245239
53.05,10,116.248238
53.05,10,116.251238
53.05,10,116.254239
53.05,10,116.257239
53.05,10,116.257239
53.05,10,116.257239
53.05,10,116.257239
53.05,10,116.257239
53.05,10,116.257239
53.05,10,116.274396
53.05,10,116.282872
53.05,10,116.282872
53.05,10,116.289048
53.05,10,116.289048
53.05,10,116.289048
53.05,10,116.289048
53.05,10,116.289048
53.05,10,116.304348
53.05,10,116.304348
53.05,10,116.304348
53.05,10,116.304348
53.05,10,116.304348
53.05,10,116.304348
53.05,10,116.320487
53.05,10,116.320487
53.05,10,116.320487
53.05,10,116.320487
53.05,10,116.320487
53.05,10,116.336459
53.05,10,116.339042
53.05,10,116.34268
53.05,10,116.344683
53.05,10,116.348166
53.05,10,116.350168
53.05,10,116.353651
53.05,10,116.357183
53.05,10,116.360302
53.05,10,116.363304
53.05,10,116.366301
53.05,10,116.369307
53.05,10,116.371307
53.05,10,116.374607
53.05,10,116.377738
53.05,10,116.380747
53.05,10,116.383727
53.05,10,116.38674
53.05,10,116.388726
53.05,10,116.390841
53.05,10,116.390841
53.05,10,116.390841
53.05,10,116.390841
53.05,10,116.390841
53.05,10,116.40783
53.05,10,116.40983
53.05,10,116.41283
53.05,10,116.41583
53.05,10,116.41883
53.05,10,116.422188
53.05,10,116.422188
53.05,10,116.422188
53.05,10,116.422188
53.05,10,116.422188
53.05,10,116.422188
53.05,10,116.437984
53.05,10,116.437984
53.05,10,116.437984
53.05,10,116.437984
53.05,10,116.437984
53.05,10,116.437984
53.05,10,116.454065
53.05,10,116.454065
53.05,10,116.454065
53.05,10,116.454065
53.05,10,116.454065
53.05,10,116.470145
53.05,10,116.470145
53.05,10,116.470145
53.05,10,116.470145
53.05,10,116.470145
53.05,10,116.470145
53.05,10,116.48591
53.05,10,116.48591
53.05,10,116.48591
53.05,10,116.48591
53.05,10,116.48591
53.05,10,116.501752
53.05,10,116.504611
53.05,10,116.504611
53.05,10,116.504611
53.05,10,116.504611
53.05,10,116.504611
53.05,10,116.517807
53.05,10,116.604846
53.05,10,116.60886
53.05,10,116.609866
53.05,10,116.613878
53.05,10,116.615885
53.05,10,116.619899
53.05,10,116.621904
53.05,10,116.626886
53.05,10,116.629987
53.05,10,116.632992
53.05,10,116.635998
53.05,10,116.637994
53.05,10,116.640989
53.05,10,116.640989
53.05,10,116.640989
53.05,10,116.640989
53.05,10,116.640989
53.05,10,116.640989
53.05,10,116.656997
53.05,10,116.656997
53.05,10,116.656997
53.05,10,116.656997
53.05,10,116.656997
53.05,10,116.672959
53.05,10,116.672959
53.05,10,116.672959
53.05,10,116.672959
53.05,10,116.672959
53.05,10,116.672959
53.05,10,116.690755
53.05,10,116.693654
53.05,10,116.69666
53.05,10,116.699658
53.05,10,116.702654
53.05,10,116.705164
53.05,10,116.707174
53.05,10,116.707174
53.05,10,116.707174
53.05,10,116.707174
53.05,10,116.707174
53.05,10,116.723446
53.05,10,116.725681
53.05,10,116.728665
53.05,10,116.731765
53.05,10,116.734766
53.05,10,116.737772
53.05,10,116.740713
53.05,10,116.743789
53.05,10,116.746777
53.05,10,116.748767
53.05,10,116.75178
53.05,10,116.75473
53.05,10,116.757766
53.05,10,116.757766
53.05,10,116.757766
53.05,10,116.757766
53.05,10,116.757766
53.05,10,116.757766
53.05,10,116.77343
53.05,10,116.77343
53.05,10,116.77343
53.05,10,116.77343
53.05,10,116.77343
53.05,10,116.789578
53.05,10,116.789578
53.05,10,116.789578
53.05,10,116.789578
53.05,10,116.789578
53.05,10,116.789578
53.05,10,116.805247
53.05,10,116.805247
53.05,10,116.805247
53.05,10,116.805247
53.05,10,116.805247
53.05,10,116.821224
53.05,10,116.821224
53.05,10,116.821224
53.05,10,116.821224
53.05,10,116.821224
53.05,10,116.821224
53.05,10,116.837218
53.05,10,116.837218
53.05,10,116.837218
53.05,10,116.837218
53.05,10,116.837218
53.05,10,116.853022
53.05,10,116.853022
53.05,10,116.853022
53.05,10,116.853022
53.05,10,116.853022
53.05,10,116.853022
53.05,10,116.870173
53.05,10,116.87479
53.05,10,116.876794
53.05,10,116.879795
53.05,10,116.882809
53.05,10,116.885802
53.05,10,116.888684
53.05,10,116.892066
53.05,10,116.895122
53.05,10,116.898123
53.05,10,116.900234
53.05,10,116.903236
53.05,10,116.986741
53.05,10,116.986741
53.05,10,116.986741
53.05,10,116.986741
53.05,10,116.986741
53.05,10,117.000492
53.05,10,117.005323
53.05,10,117.005323
53.05,10,117.005323
53.05,10,117.005323
53.05,10,117.016619
53.05,10,117.016619
53.05,10,117.016619
53.05,10,117.016619
53.05,10,117.016619
53.05,10,117.016619
53.05,10,117.03248
53.05,10,117.03248
53.05,10,117.03248
53.05,10,117.03248
53.05,10,117.03248
53.05,10,117.049494
53.05,10,117.052613
53.05,10,117.055611
53.05,10,117.058609
53.05,10,117.061603
53.05,10,117.062604
53.05,10,117.062604
53.05,10,117.062604
53.05,10,117.062604
53.05,10,117.062604
53.05,10,117.078402
53.05,10,117.078402
53.05,10,117.078402
53.05,10,117.078402
53.05,10,117.078402
53.05,10,117.078402
53.05,10,117.094367
53.05,10,117.094367
53.05,10,117.094367
53.05,10,117.094367
53.05,10,117.105674
53.05,10,117.111643
53.05,10,117.113646
53.05,10,117.11565
53.05,10,117.118756
53.05,10,117.118756
53.05,10,117.118756
53.05,10,117.126538
53.05,10,117.126538
53.05,10,117.126538
53.05,10,117.126538
53.05,10,117.126538
53.05,10,117.142425
53.05,10,117.142425
53.05,10,117.142425
53.05,10,117.142425
53.05,10,117.142425
53.05,10,117.158265
53.05,10,117.16168
53.05,10,117.164679
53.05,10,117.167672
53.05,10,117.170587
53.05,10,117.171585
53.05,10,117.171585
53.05,10,117.171585
53.05,10,117.171585
53.05,10,117.171585
53.05,10,117.187524
53.05,10,117.19106
53.05,10,117.193758
53.05,10,117.195765
53.05,10,117.199778
53.05,10,117.201784
53.05,10,117.205797
53.05,10,117.208749
53.05,10,117.211715
53.05,10,117.214714
53.05,10,117.217713
53.05,10,117.220714
53.05,10,117.222713
53.05,10,117.22566
53.05,10,117.228648
53.05,10,117.231649
53.05,10,117.234649
53.05,10,117.237634
53.05,10,117.240634
53.05,10,117.240634
53.05,10,117.240634
53.05,10,117.240634
53.05,10,117.240634
53.05,10,117.240634
53.05,10,117.256309
53.05,10,117.256309
53.05,10,117.256309
53.05,10,117.256309
53.05,10,117.256309
53.05,10,117.272333
53.05,10,117.272333
53.05,10,117.272333
53.05,10,117.272333
53.05,10,117.272333
53.05,10,117.367688
53.05,10,117.370717
53.05,10,117.373716
53.05,10,117.374717
53.05,10,117.374717
53.05,10,117.374717
53.05,10,117.374717
53.05,10,117.374717
53.05,10,117.390944
53.05,10,117.392091
53.05,10,117.392091
53.05,10,117.392091
53.05,10,117.392091
53.05,10,117.405779
53.05,10,117.408912
53.05,10,117.411911
53.05,10,117.414911
53.05,10,117.417911
53.05,10,117.420911
53.05,10,117.424543
53.05,10,117.427542
53.05,10,117.430554
53.05,10,117.432554
53.05,10,117.435554
53.05,10,117.438554
53.05,10,117.440671
53.05,10,117.440671
53.05,10,117.440671
53.05,10,117.440671
53.05,10,117.440671
53.05,10,117.456382
53.05,10,117.456382
53.05,10,117.456382
53.05,10,117.456382
53.05,10,117.456382
53.05,10,117.456382
53.05,10,117.47377
53.05,10,117.476881
53.05,10,117.479887
53.05,10,117.482895
53.05,10,117.484888
53.05,10,117.484888
53.05,10,117.484888
53.05,10,117.484888
53.05,10,117.484888
53.05,10,117.500668
53.05,10,117.500668
53.05,10,117.505868
53.05,10,117.505868
53.05,10,117.505868
53.05,10,117.505868
53.05,10,117.516524
53.05,10,117.516524
53.05,10,117.516524
53.05,10,117.516524
53.05,10,117.516524
53.05,10,117.532421
53.05,10,117.532421
53.05,10,117.532421
53.05,10,117.532421
53.05,10,117.532421
53.05,10,117.532421
53.05,10,117.550571
53.05,10,117.553573
53.05,10,117.556575
53.05,10,117.559585
53.05,10,117.562582
53.05,10,117.564727
53.05,10,117.567727
53.05,10,117.570728
53.05,10,117.573722
53.05,10,117.576724
53.05,10,117.579889
53.05,10,117.582896
53.05,10,117.585887
53.05,10,117.58788
53.05,10,117.590882
53.05,10,117.594
53.05,10,117.594
53.05,10,117.594
53.05,10,117.594
53.05,10,117.60619
53.05,10,117.60619
53.05,10,117.609925
53.05,10,117.609925
53.05,10,117.609925
53.05,10,117.609925
53.05,10,117.609925
53.05,10,117.625701
53.05,10,117.625701
53.05,10,117.625701
53.05,10,117.625701
53.05,10,117.625701
53.05,10,117.625701
53.05,10,117.643153
53.05,10,117.652679
53.05,10,117.657852
53.05,10,117.657852
53.05,10,117.657852
53.05,10,117.657852
53.05,10,117.657852
53.05,10,117.657852
53.05,10,117.757733
53.05,10,117.757733
53.05,10,117.757733
53.05,10,117.757733
53.05,10,117.757733
53.05,10,117.773751
53.05,10,117.773751
53.05,10,117.773751
53.05,10,117.773751
53.05,10,117.773751
53.05,10,117.7895
53.05,10,117.7895
53.05,10,117.7895
53.05,10,117.7895
53.05,10,117.7895
53.05,10,117.80526
53.05,10,117.806747
53.05,10,117.806747
53.05,10,117.806747
53.05,10,117.806747
53.05,10,117.806747
53.05,10,117.82138
53.05,10,117.82138
53.05,10,117.82138
53.05,10,117.82138
53.05,10,117.82138
53.05,10,117.837334
53.05,10,117.837334
53.05,10,117.837334
53.05,10,117.837334
53.05,10,117.837334
53.05,10,117.853364
53.05,10,117.853364
53.05,10,117.853364
53.05,10,117.853364
53.05,10,117.853364
53.05,10,117.853364
53.05,10,117.871257
53.05,10,117.875003
53.05,10,117.875003
53.05,10,117.875003
53.05,10,117.885074
53.05,10,117.885074
53.05,10,117.885074
53.05,10,117.885074
53.05,10,117.885074
53.05,10,117.900862
53.05,10,117.903288
53.05,10,117.906908
53.05,10,117.906908
53.05,10,117.906908
53.05,10,117.906908
53.05,10,117.906908
53.05,10,117.906908
53.05,10,117.923836
53.05,10,117.928089
53.05,10,117.930094
53.05,10,117.930094
53.05,10,117.930094
53.05,10,117.939995
53.05,10,117.943117
53.05,10,117.946114
53.05,10,117.949114
53.05,10,117.952113
53.05,10,117.955014
53.05,10,117.957947
53.05,10,117.960942
53.05,10,117.963943
53.05,10,117.966943
53.05,10,117.969943
53.05,10,117.973104
53.05,10,117.974126
53.05,10,117.974126
53.05,10,117.974126
53.05,10,117.974126
53.05,10,117.974126
53.05,10,117.989941
53.05,10,117.991952
53.05,10,117.993959
53.05,10,117.993959
53.05,10,117.993959
53.05,10,117.993959
53.05,10,118.007227
53.05,10,118.010351
53.05,10,118.013354
53.05,10,118.015357
53.05,10,118.018695
53.05,10,118.021617
53.05,10,118.024707
53.05,10,118.027702
53.05,10,118.030691
53.05,10,118.0337
53.05,10,118.036605
53.05,10,118.038606
53.05,10,118.041606
53.05,10,118.044605
53.05,10,118.047675
53.05,10,118.050672
53.05,10,118.053923
53.05,10,118.056921
53.05,10,118.058921
53.05,10,118.06192
53.05,10,118.062922
53.05,10,118.141476
53.05,10,118.141476
53.05,10,118.157268
53.05,10,118.157268
53.05,10,118.157268
53.05,10,118.157268
53.05,10,118.157268
53.05,10,118.157268
53.05,10,118.173237
53.05,10,118.173237
53.05,10,118.173237
53.05,10,118.173237
53.05,10,118.173237
53.05,10,118.189877
53.05,10,118.191073
53.05,10,118.191073
53.05,10,118.191073
53.05,10,118.191073
53.05,10,118.191073
53.05,10,118.207309
53.05,10,118.207309
53.05,10,118.207309
53.05,10,118.207309
53.05,10,118.207309
53.05,10,118.222725
53.05,10,118.22506
53.05,10,118.228058
53.05,10,118.231964
53.05,10,118.233965
53.05,10,118.236952
53.05,10,118.240343
53.05,10,118.243384
53.05,10,118.246371
53.05,10,118.249384
53.05,10,118.252383
53.05,10,118.255385
53.05,10,118.257384
53.05,10,118.257384
53.05,10,118.257384
53.05,10,118.257384
53.05,10,118.257384
53.05,10,118.257384
53.05,10,118.273075
53.05,10,118.277859
53.05,10,118.281872
53.05,10,118.283878
53.05,10,118.28789
53.05,10,118.290902
53.05,10,118.292908
53.05,10,118.294914
53.05,10,118.298926
53.05,10,118.300933
53.05,10,118.304686
53.05,10,118.307501
53.05,10,118.307501
53.05,10,118.307501
53.05,10,118.307501
53.05,10,118.307501
53.05,10,118.320656
53.05,10,118.320656
53.05,10,118.320656
53.05,10,118.320656
53.05,10,118.320656
53.05,10,118.336653
53.05,10,118.336653
53.05,10,118.336653
53.05,10,118.336653
53.05,10,118.336653
53.05,10,118.336653
53.05,10,118.352793
53.05,10,118.352793
53.05,10,118.352793
53.05,10,118.352793
53.05,10,118.352793
53.05,10,118.352793
53.05,10,118.368858
53.05,10,118.368858
53.05,10,118.368858
53.05,10,118.368858
53.05,10,118.368858
53.05,10,118.368858
53.05,10,118.385046
53.05,10,118.385046
53.05,10,118.385046
53.05,10,118.385046
53.05,10,118.385046
53.05,10,118.400845
53.05,10,118.400845
53.05,10,118.400845
53.05,10,118.407809
53.05,10,118.407809
53.05,10,118.407809
53.05,10,118.41694
53.05,10,118.41694
53.05,10,118.41694
53.05,10,118.41694
53.05,10,118.41694
53.05,10,118.433095
53.05,10,118.436381
53.05,10,118.43738
53.05,10,118.43738
53.05,10,118.43738
53.05,10,118.522043
53.05,10,118.53365
53.05,10,118.535656
53.05,10,118.539877
53.05,10,118.542875
53.05,10,118.54488
53.05,10,118.548074
53.05,10,118.55108
53.05,10,118.554175
53.05,10,118.557176
53.05,10,118.559164
53.05,10,118.562166
53.05,10,118.562166
53.05,10,118.562166
53.05,10,118.562166
53.05,10,118.562166
53.05,10,118.562166
53.05,10,118.578148
53.05,10,118.578148
53.05,10,118.578148
53.05,10,118.578148
53.05,10,118.578148
53.05,10,118.594062
53.05,10,118.594062
53.05,10,118.594062
53.05,10,118.594062
53.05,10,118.594062
53.05,10,118.60815
53.05,10,118.610011
53.05,10,118.610011
53.05,10,118.610011
53.05,10,118.610011
53.05,10,118.610011
53.05,10,118.626003
53.05,10,118.62975
53.05,10,118.631491
53.05,10,118.633493
53.05,10,118.633493
53.05,10,118.64188
53.05,10,118.64188
53.05,10,118.64188
53.05,10,118.64188
53.05,10,118.64188
53.05,10,118.64188
53.05,10,118.657887
53.05,10,118.657887
53.05,10,118.657887
53.05,10,118.657887
53.05,10,118.657887
53.05,10,118.657887
53.05,10,118.67405
53.05,10,118.67405
53.05,10,118.67405
53.05,10,118.67405
53.05,10,118.67405
53.05,10,118.691794
53.05,10,118.694773
53.05,10,118.696795
53.05,10,118.696795
53.05,10,118.696795
53.05,10,118.706725
53.05,10,118.709571
53.05,10,118.712587
53.05,10,118.715578
53.05,10,118.718572
53.05,10,118.721588
53.05,10,118.724977
53.05,10,118.726972
53.05,10,118.729969
53.05,10,118.73296
53.05,10,118.735961
53.05,10,118.738974
53.05,10,118.740978
53.05,10,118.740978
53.05,10,118.740978
53.05,10,118.740978
53.05,10,118.740978
53.05,10,118.756641
53.05,10,118.756641
53.05,10,118.756641
53.05,10,118.756641
53.05,10,118.756641
53.05,10,118.756641
53.05,10,118.772864
53.05,10,118.772864
53.05,10,118.772864
53.05,10,118.772864
53.05,10,118.772864
53.05,10,118.772864
53.05,10,118.78906
53.05,10,118.78906
53.05,10,118.78906
53.05,10,118.78906
53.05,10,118.78906
53.05,10,118.805272
53.05,10,118.805272
53.05,10,118.808892
53.05,10,118.808892
53.05,10,118.808892
53.05,10,118.808892
53.05,10,118.821024
53.05,10,118.821024
53.05,10,118.821024
53.05,10,118.908768
53.05,10,118.908768
53.05,10,118.908768
53.05,10,118.923843
53.05,10,118.923843
53.05,10,118.923843
53.05,10,118.923843
53.05,10,118.923843
53.05,10,118.923843
53.05,10,118.939587
53.05,10,118.945285
53.05,10,118.945285
53.05,10,118.945285
53.05,10,118.945285
53.05,10,118.95666
53.05,10,118.959774
53.05,10,118.962785
53.05,10,118.96578
53.05,10,118.968769
53.05,10,118.968769
53.05,10,118.968769
53.05,10,118.968769
53.05,10,118.968769
53.05,10,118.968769
53.05,10,118.986245
53.05,10,118.988782
53.05,10,118.992167
53.05,10,118.995396
53.05,10,118.9984
53.05,10,119.000387
53.05,10,119.003399
53.05,10,119.007705
53.05,10,119.017573
53.05,10,119.020578
53.05,10,119.023561
53.05,10,119.024574
53.05,10,119.024574
53.05,10,119.024574
53.05,10,119.024574
53.05,10,119.024574
53.05,10,119.040745
53.05,10,119.040745
53.05,10,119.040745
53.05,10,119.040745
53.05,10,119.040745
53.05,10,119.040745
53.05,10,119.058096
53.05,10,119.06121
53.05,10,119.063393
53.05,10,119.066401
53.05,10,119.069407
53.05,10,119.072399
53.05,10,119.075392
53.05,10,119.078393
53.05,10,119.078393
53.05,10,119.078393
53.05,10,119.078393
53.05,10,119.078393
53.05,10,119.078393
53.05,10,119.094177
53.05,10,119.094177
53.05,10,119.094177
53.05,10,119.094177
53.05,10,119.094177
53.05,10,119.109457
53.05,10,119.109457
53.05,10,119.109457
53.05,10,119.109457
53.05,10,119.109457
53.05,10,119.109457
53.05,10,119.125326
53.05,10,119.125326
53.05,10,119.125326
53.05,10,119.125326
53.05,10,119.125326
53.05,10,119.141459
53.05,10,119.141459
53.05,10,119.141459
53.05,10,119.141459
53.05,10,119.141459
53.05,10,119.141459
53.05,10,119.159785
53.05,10,119.162782
53.05,10,119.165783
53.05,10,119.168895
53.05,10,119.171905
53.05,10,119.175091
53.05,10,119.178081
53.05,10,119.181088
53.05,10,119.183986
53.05,10,119.187094
53.05,10,119.187094
53.05,10,119.187094
53.05,10,119.187094
53.05,10,119.187094
53.05,10,119.187094
53.05,10,119.204139
53.05,10,119.20659
53.05,10,119.209495
53.05,10,119.209495
53.05,10,119.209495
53.05,10,119.209495
53.05,10,119.305046
53.05,10,119.305046
53.05,10,119.309722
53.05,10,119.309722
53.05,10,119.309722
53.05,10,119.309722
53.05,10,119.320775
53.05,10,119.320775
53.05,10,119.320775
53.05,10,119.320775
53.05,10,119.320775
53.05,10,119.336654
53.05,10,119.336654
53.05,10,119.336654
53.05,10,119.336654
53.05,10,119.336654
53.05,10,119.336654
53.05,10,119.352752
53.05,10,119.352752
53.05,10,119.352752
53.05,10,119.352752
53.05,10,119.352752
53.05,10,119.368631
53.05,10,119.368631
53.05,10,119.368631
53.05,10,119.368631
53.05,10,119.368631
53.05,10,119.368631
53.05,10,119.384563
53.05,10,119.384563
53.05,10,119.384563
53.05,10,119.384563
53.05,10,119.384563
53.05,10,119.400766
53.05,10,119.400766
53.05,10,119.400766
53.05,10,119.409801
53.05,10,119.409801
53.05,10,119.409801
53.05,10,119.416947
53.05,10,119.416947
53.05,10,119.416947
53.05,10,119.416947
53.05,10,119.416947
53.05,10,119.433093
53.05,10,119.433093
53.05,10,119.433093
53.05,10,119.433093
53.05,10,119.433093
53.05,10,119.433093
53.05,10,119.449988
53.05,10,119.454004
53.05,10,119.45601
53.05,10,119.460021
53.05,10,119.462028
53.05,10,119.465039
53.05,10,119.465039
53.05,10,119.465039
53.05,10,119.465039
53.05,10,119.465039
53.05,10,119.465039
53.05,10,119.481222
53.05,10,119.481222
53.05,10,119.481222
53.05,10,119.481222
53.05,10,119.481222
53.05,10,119.497379
53.05,10,119.49966
53.05,10,119.50281
53.05,10,119.505798
53.05,10,119.508813
53.05,10,119.511536
53.05,10,119.514417
53.05,10,119.517745
53.05,10,119.520792
53.05,10,119.523792
53.05,10,119.526858
53.05,10,119.529855
53.05,10,119.531862
53.05,10,119.534866
53.05,10,119.537857
53.05,10,119.54088
53.05,10,119.543856
53.05,10,119.546853
53.05,10,119.549854
53.05,10,119.552857
53.05,10,119.555854
53.05,10,119.55886
53.05,10,119.561859
53.05,10,119.562848
53.05,10,119.562848
53.05,10,119.562848
53.05,10,119.562848
53.05,10,119.562848
53.05,10,119.578968
53.05,10,119.578968
53.05,10,119.578968
53.05,10,119.578968
53.05,10,119.578968
53.05,10,119.578968
53.05,10,119.594815
53.05,10,119.594815
53.05,10,119.672751
53.05,10,119.69038
53.05,10,119.69038
53.05,10,119.69038
53.05,10,119.69038
53.05,10,119.69038
53.05,10,119.69038
53.05,10,119.708587
53.05,10,119.711154
53.05,10,119.714247
53.05,10,119.717255
53.05,10,119.72025
53.05,10,119.723186
53.05,10,119.726131
53.05,10,119.729249
53.05,10,119.732249
53.05,10,119.735243
53.05,10,119.738245
53.05,10,119.741246
53.05,10,119.741246
53.05,10,119.741246
53.05,10,119.741246
53.05,10,119.741246
53.05,10,119.741246
53.05,10,119.756952
53.05,10,119.756952
53.05,10,119.756952
53.05,10,119.756952
53.05,10,119.756952
53.05,10,119.772797
53.05,10,119.776448
53.05,10,119.778687
53.05,10,119.782083
53.05,10,119.783209
53.05,10,119.783209
53.05,10,119.789319
53.05,10,119.789319
53.05,10,119.789319
53.05,10,119.789319
53.05,10,119.789319
53.05,10,119.804566
53.05,10,119.804566
53.05,10,119.810408
53.05,10,119.810408
53.05,10,119.810408
53.05,10,119.810408
53.05,10,119.820574
53.05,10,119.820574
53.05,10,119.820574
53.05,10,119.820574
53.05,10,119.820574
53.05,10,119.836768
53.05,10,119.836768
53.05,10,119.836768
53.05,10,119.836768
53.05,10,119.836768
53.05,10,119.836768
53.05,10,119.85295
53.05,10,119.85295
53.05,10,119.85295
53.05,10,119.85295
53.05,10,119.85295
53.05,10,119.869011
53.05,10,119.869011
53.05,10,119.869011
53.05,10,119.869011
53.05,10,119.869011
53.05,10,119.869011
53.05,10,119.884888
53.05,10,119.884888
53.05,10,119.884888
53.05,10,119.884888
53.05,10,119.884888
53.05,10,119.901007
53.05,10,119.901007
53.05,10,119.901007
53.05,10,119.901007
53.05,10,119.91069
53.05,10,119.91069
53.05,10,119.916834
53.05,10,119.916834
53.05,10,119.916834
53.05,10,119.916834
53.05,10,119.916834
53.05,10,119.916834
53.05,10,119.935175
53.05,10,119.937175
53.05,10,119.937175
53.05,10,119.937175
53.05,10,119.937175
53.05,10,119.937175
53.05,10,119.937175
53.05,10,119.953001
53.05,10,119.958914
53.05,10,119.960917
53.05,10,119.960917
53.05,10,119.960917
53.05,10,119.968737
53.05,10,119.972654
53.05,10,119.974659
53.05,10,119.974659
53.05,10,119.974659
53.05,10,119.984694
53.05,10,120.073363
53.05,10,120.076442
53.05,10,120.079442
53.05,10,120.081444
53.05,10,120.084442
53.05,10,120.087442
53.05,10,120.090458
53.05,10,120.090458
53.05,10,120.090458
53.05,10,120.090458
53.05,10,120.090458
53.05,10,120.090458
53.05,10,120.10652
53.05,10,120.110637
53.05,10,120.110637
53.05,10,120.110637
53.05,10,120.110637
53.05,10,120.122293
53.05,10,120.122293
53.05,10,120.122293
53.05,10,120.122293
53.05,10,120.122293
53.05,10,120.122293
53.05,10,120.141113
53.05,10,120.144295
53.05,10,120.147277
53.05,10,120.149295
53.05,10,120.152288
53.05,10,120.156177
53.05,10,120.156177
53.05,10,120.156177
53.05,10,120.156177
53.05,10,120.156177
53.05,10,120.156177
53.05,10,120.172011
53.05,10,120.175942
53.05,10,120.17969
53.05,10,120.17969
53.05,10,120.17969
53.05,10,120.188567
53.05,10,120.191314
53.05,10,120.19385
53.05,10,120.197863
53.05,10,120.19987
53.05,10,120.203884
53.05,10,120.20589
53.05,10,120.209053
53.05,10,120.212584
53.05,10,120.215587
53.05,10,120.218598
53.05,10,120.221599
53.05,10,120.224629
53.05,10,120.227641
53.05,10,120.23064
53.05,10,120.23264
53.05,10,120.23564
53.05,10,120.23864
53.05,10,120.240642
53.05,10,120.240642
53.05,10,120.240642
53.05,10,120.240642
53.05,10,120.240642
53.05,10,120.256647
53.05,10,120.256647
53.05,10,120.256647
53.05,10,120.256647
53.05,10,120.256647
53.05,10,120.256647
53.05,10,120.27286
53.05,10,120.27286
53.05,10,120.27286
53.05,10,120.27286
53.05,10,120.27286
53.05,10,120.288694
53.05,10,120.288694
53.05,10,120.288694
53.05,10,120.288694
53.05,10,120.288694
53.05,10,120.304519
53.05,10,120.306918
53.05,10,120.311009
53.05,10,120.311009
53.05,10,120.311009
53.05,10,120.320639
53.05,10,120.320639
53.05,10,120.320639
53.05,10,120.320639
53.05,10,120.320639
53.05,10,120.336659
53.05,10,120.336659
53.05,10,120.336659
53.05,10,120.336659
53.05,10,120.336659
53.05,10,120.353266
53.05,10,120.356272
53.05,10,120.359272
53.05,10,120.362772
53.05,10,120.365398
53.05,10,120.367498
53.05,10,120.370229
53.05,10,120.372235
53.05,10,120.375247
