#{"t_start": 1764686987.0804474, "env_id": "None"}
r,l,t
52.91,38,0.081943
52.91,38,0.1401
52.91,38,0.187724
52.91,38,0.235306
52.91,38,0.266959
52.91,38,0.314506
52.91,38,0.361907
52.91,38,0.409373
52.91,38,0.456927
52.91,38,0.504499
52.91,38,0.552073
52.91,38,0.615812
52.91,38,0.647509
52.91,38,0.701695
52.91,38,0.742471
52.91,38,0.774083
52.91,38,0.821525
52.91,38,0.869128
52.91,38,0.948943
52.91,38,1.012698
52.91,38,1.060529
52.91,38,1.123912
52.91,38,1.21825
52.91,38,1.249933
52.91,38,1.302843
52.91,38,1.313068
52.91,38,1.693619
52.91,38,1.741059
52.91,38,1.788518
52.91,38,1.820065
52.91,38,1.867615
52.91,38,1.904395
52.91,38,1.94666
52.91,38,2.004706
52.91,38,2.042001
52.91,38,2.08953
52.91,38,2.121078
52.91,38,2.1687
52.91,38,2.216214
52.91,38,2.263749
52.91,38,2.306099
52.91,38,2.342898
52.91,38,2.374498
52.91,38,2.421947
52.91,38,2.453546
52.91,38,2.506381
52.91,38,2.548631
52.91,38,2.580254
52.91,38,2.611866
52.91,38,2.643604
52.91,38,2.675179
52.91,38,2.722701
52.91,38,2.754336
52.91,38,3.108184
52.91,38,3.150571
52.91,38,3.182173
52.91,38,3.229814
52.91,38,3.277552
52.91,38,3.340688
52.91,38,3.356872
52.91,38,3.388542
52.91,38,3.420303
52.91,38,3.46795
52.91,38,3.515479
52.91,38,3.547169
52.91,38,3.594658
52.91,38,3.642069
52.91,38,3.689506
52.91,38,3.722119
52.91,38,3.769979
52.91,38,3.809506
52.91,38,3.849283
52.91,38,3.8967
52.91,38,3.928303
52.91,38,3.975695
52.91,38,4.010044
52.91,38,4.05501
52.91,38,4.110239
52.91,38,4.149987
52.91,38,4.197424
52.91,38,4.561558
52.91,38,4.611779
52.91,38,4.656589
52.91,38,4.704089
52.91,38,4.735721
52.91,38,4.7832
52.91,38,4.830822
52.91,38,4.862466
52.91,38,4.912093
52.91,38,4.957998
52.905,39,4.989674
52.91,38,5.037177
52.91,38,5.068782
52.91,38,5.132618
52.91,38,5.18011
52.91,38,5.212849
52.91,38,5.25918
52.91,38,5.322855
52.91,38,5.386674
52.91,38,5.450242
52.91,38,5.514217
52.91,38,5.561708
52.91,38,5.625421
52.91,38,5.704839
52.91,38,5.76846
52.91,38,5.831972
52.91,38,5.895401
52.91,38,6.324496
52.91,38,6.356084
52.91,38,6.387735
52.91,38,6.419349
52.91,38,6.482922
52.91,38,6.530411
52.91,38,6.593971
52.91,38,6.641857
52.91,38,6.70528
52.91,38,6.768664
52.91,38,6.817352
52.91,38,6.879588
52.91,38,6.942925
52.91,38,6.990524
52.91,38,7.053905
52.91,38,7.125601
52.91,38,7.180762
52.91,38,7.244251
52.91,38,7.307762
52.91,38,7.371114
52.91,38,7.434835
52.91,38,7.498258
52.91,38,7.561768
52.91,38,7.625191
52.91,38,7.70447
52.91,38,7.767553
52.91,38,7.831007
52.91,38,8.258212
52.91,38,8.305728
52.91,38,8.384391
52.91,38,8.447742
52.91,38,8.495714
52.91,38,8.543334
52.91,38,8.621802
52.91,38,8.685337
52.91,38,8.73297
52.91,38,8.7964
52.91,38,8.855142
52.91,38,8.90318
52.91,38,8.958611
52.91,38,9.0046
52.91,38,9.038312
52.91,38,9.069953
52.91,38,9.117381
52.91,38,9.148999
52.91,38,9.196802
52.91,38,9.230989
52.91,38,9.283411
52.91,38,9.343259
52.91,38,9.387042
52.91,38,9.420978
52.91,38,9.446252
52.91,38,9.472185
52.91,38,9.52161
52.91,38,9.862984
52.905,39,9.943107
52.91,38,9.98647
52.9,40,10.024613
52.905,39,10.062102
52.91,38,10.109298
52.905,39,10.159918
52.91,38,10.203422
52.9,40,10.265909
52.905,39,10.323249
52.905,39,10.367758
52.91,38,10.406806
52.905,39,10.45883
52.905,39,10.511064
52.91,38,10.562986
52.905,39,10.614183
52.91,38,10.667805
52.91,38,10.716219
52.9,40,10.764042
52.91,38,10.816039
52.91,38,10.865054
52.91,38,10.90902
52.91,38,10.950735
52.905,39,10.981848
52.905,39,11.019723
52.91,38,11.079075
52.905,39,11.130613
52.91,38,11.469225
52.895,41,11.504078
52.91,38,11.525455
52.905,39,11.532677
52.89,42,11.56545
52.9,40,11.584665
52.91,38,11.595418
52.895,41,11.629348
52.91,38,11.641772
52.9,40,11.689393
52.91,38,11.737434
52.91,38,11.785939
52.905,39,11.834435
52.91,38,11.866752
52.91,38,11.914643
52.91,38,11.955538
52.905,39,11.98458
52.9,40,12.01574
52.9,40,12.054588
52.91,38,12.090632
52.91,38,12.123394
52.9,40,12.167121
52.905,39,12.207189
52.89,42,12.241527
52.91,38,12.279337
52.9,40,12.31758
52.91,38,12.700086
52.905,39,12.74788
52.91,38,12.795975
52.91,38,12.836223
52.895,41,12.8763
52.905,39,12.931335
52.91,38,12.988441
52.91,38,13.036407
52.91,38,13.083783
52.91,38,13.132933
52.91,38,13.164092
52.905,39,13.212128
52.91,38,13.244501
52.9,40,13.292973
52.9,40,13.333145
52.91,38,13.38861
52.905,39,13.452733
52.905,39,13.501071
52.91,38,13.549468
52.91,38,13.581734
52.905,39,13.633896
52.905,39,13.678306
52.91,38,13.710137
52.905,39,13.758569
52.895,41,13.807064
52.91,38,13.839041
52.91,38,14.193466
52.91,38,14.233896
52.91,38,14.274233
52.91,38,14.306489
52.895,41,14.354053
52.9,40,14.386407
52.91,38,14.433893
52.905,39,14.482347
52.905,39,14.534165
52.905,39,14.563125
52.91,38,14.611141
52.91,38,14.643468
52.91,38,14.691893
52.905,39,14.73953
52.91,38,14.771737
52.91,38,14.820227
52.91,38,14.852057
52.91,38,14.900535
52.9,40,14.948981
52.9,40,14.98132
52.91,38,15.029805
52.91,38,15.062814
52.91,38,15.110146
52.905,39,15.142474
52.91,38,15.190881
52.91,38,15.223105
52.91,38,15.255042
52.91,38,15.656034
52.91,38,15.704536
52.91,38,15.75255
52.91,38,15.802799
52.91,38,15.839911
52.905,39,15.888389
52.91,38,15.9266
52.905,39,15.959458
52.9,40,15.992658
52.9,40,16.026187
52.91,38,16.075547
52.91,38,16.127211
52.91,38,16.178778
52.91,38,16.226611
52.9,40,16.269584
52.91,38,16.310902
52.91,38,16.341787
52.91,38,16.374257
52.905,39,16.404272
52.91,38,16.443467
52.9,40,16.492477
52.91,38,16.536522
52.905,39,16.587313
52.91,38,16.639432
52.91,38,16.691191
52.9,40,16.762132
52.905,39,17.068705
52.91,38,17.122054
52.91,38,17.180667
52.905,39,17.236212
52.91,38,17.282238
52.91,38,17.329469
52.905,39,17.374039
52.91,38,17.425974
52.91,38,17.470078
52.91,38,17.517868
52.905,39,17.565482
52.91,38,17.638359
52.91,38,17.676896
52.905,39,17.740995
52.91,38,17.804546
52.91,38,17.868605
52.905,39,17.948497
52.91,38,18.017493
52.905,39,18.07671
52.9,40,18.130737
52.91,38,18.16468
52.91,38,18.188195
52.91,38,18.206402
52.905,39,18.220239
52.91,38,18.239333
52.91,38,18.252613
52.91,38,18.268665
52.91,38,18.586861
52.91,38,18.650919
52.91,38,18.719371
52.91,38,18.794486
52.91,38,18.843066
52.91,38,18.917455
52.9,40,18.970694
52.895,41,19.033311
52.91,38,19.089156
52.905,39,19.141407
52.91,38,19.194467
52.91,38,19.24322
52.91,38,19.29243
52.91,38,19.340965
52.91,38,19.399702
52.895,41,19.458904
52.91,38,19.513154
52.91,38,19.557108
52.9,40,19.619382
52.91,38,19.671934
52.91,38,19.723439
52.91,38,19.780498
52.91,38,19.812752
52.91,38,19.842627
52.91,38,19.894114
52.905,39,19.948186
52.905,39,20.006094
52.905,39,20.386816
52.91,38,20.418732
52.91,38,20.476777
52.905,39,20.526551
52.91,38,20.579638
52.91,38,20.627455
52.91,38,20.681563
52.905,39,20.759971
52.91,38,20.816983
52.91,38,20.858157
52.9,40,20.907884
52.905,39,20.953927
52.91,38,20.989798
52.91,38,21.051013
52.905,39,21.091929
52.9,40,21.157989
52.91,38,21.203794
52.91,38,21.251594
52.9,40,21.307113
52.91,38,21.348861
52.9,40,21.390038
52.91,38,21.443929
52.91,38,21.486315
52.905,39,21.541271
52.91,38,21.592149
52.91,38,21.647176
52.9,40,22.058049
52.905,39,22.11371
52.905,39,22.132468
52.91,38,22.165896
52.91,38,22.217368
52.91,38,22.272962
52.91,38,22.320871
52.905,39,22.37094
52.905,39,22.419898
52.91,38,22.458037
52.91,38,22.516912
52.905,39,22.566944
52.91,38,22.613965
52.91,38,22.661538
52.91,38,22.705956
52.91,38,22.76773
52.91,38,22.812053
52.895,41,22.854636
52.905,39,22.897079
52.91,38,22.947813
52.91,38,23.002158
52.91,38,23.044921
52.905,39,23.100251
52.91,38,23.146231
52.905,39,23.206563
52.91,38,23.270162
52.91,38,23.303954
52.91,38,23.7313
52.905,39,23.783548
52.905,39,23.826922
52.905,39,23.917796
52.895,41,23.974324
52.905,39,24.007327
52.9,40,24.055052
52.905,39,24.113937
52.905,39,24.161756
52.905,39,24.217171
52.91,38,24.256034
52.905,39,24.304422
52.9,40,24.352924
52.91,38,24.385268
52.905,39,24.433364
52.905,39,24.4656
52.9,40,24.529797
52.905,39,24.594445
52.91,38,24.64628
52.905,39,24.690945
52.91,38,24.737722
52.91,38,24.77386
52.9,40,24.822103
52.905,39,24.870084
52.91,38,24.902438
52.91,38,24.98282
52.905,39,25.419574
52.91,38,25.467192
52.905,39,25.53177
52.91,38,25.565388
52.905,39,25.597482
52.905,39,25.614197
52.9,40,25.629806
52.895,41,25.657848
52.91,38,25.705314
52.91,38,25.753092
52.9,40,25.801964
52.905,39,25.840017
52.9,40,25.871572
52.905,39,25.920084
52.905,39,25.968073
52.905,39,26.032699
52.905,39,26.080669
52.905,39,26.148892
52.9,40,26.203428
52.905,39,26.248891
52.91,38,26.289224
52.91,38,26.337944
52.89,42,26.374063
52.905,39,26.422561
52.905,39,26.454487
52.91,38,26.502909
52.91,38,26.890845
52.91,38,26.939256
52.91,38,26.97106
52.895,41,27.019585
52.895,41,27.067559
52.9,40,27.115885
52.9,40,27.163732
52.905,39,27.211772
52.91,38,27.250601
52.905,39,27.291457
52.91,38,27.323075
52.91,38,27.373602
52.9,40,27.42326
52.91,38,27.455018
52.905,39,27.502978
52.88,44,27.551184
52.905,39,27.582827
52.89,42,27.630453
52.91,38,27.662713
52.91,38,27.73514
52.9,40,27.786374
52.9,40,27.820913
52.91,38,27.837534
52.91,38,27.860167
52.91,38,27.884609
52.9,40,27.907677
52.895,41,28.240206
52.91,38,28.287608
52.905,39,28.319448
52.88,44,28.367667
52.9,40,28.42893
52.9,40,28.457042
52.89,42,28.504631
52.905,39,28.553242
52.91,38,28.599766
52.9,40,28.647557
52.91,38,28.679293
52.9,40,28.743081
52.905,39,28.790761
52.91,38,28.822567
52.9,40,28.869328
52.91,38,28.922589
52.91,38,28.968055
52.9,40,29.017008
52.905,39,29.054678
52.9,40,29.111794
52.89,42,29.176972
52.9,40,29.231137
52.91,38,29.286371
52.905,39,29.334271
52.91,38,29.376205
52.895,41,29.424643
52.905,39,29.849896
52.9,40,29.889793
52.9,40,29.907881
52.91,38,29.924516
52.91,38,29.939958
52.91,38,29.954327
52.9,40,29.970875
52.91,38,29.989515
52.91,38,30.016902
52.905,39,30.036579
52.905,39,30.051771
52.905,39,30.068603
52.895,41,30.085377
52.91,38,30.10531
52.91,38,30.121207
52.91,38,30.136996
52.91,38,30.154928
52.91,38,30.193504
52.91,38,30.247331
52.9,40,30.300687
52.91,38,30.351308
52.91,38,30.403909
52.905,39,30.456669
52.91,38,30.488852
52.91,38,30.553475
52.91,38,30.588164
52.905,39,30.636463
52.9,40,31.034625
52.91,38,31.06128
52.91,38,31.098319
52.91,38,31.144417
52.9,40,31.208772
52.91,38,31.261777
52.91,38,31.349221
52.91,38,31.401175
52.91,38,31.454254
52.905,39,31.507978
52.9,40,31.561942
52.905,39,31.619827
52.905,39,31.681466
52.9,40,31.737294
52.905,39,31.767783
52.91,38,31.798211
52.91,38,31.843379
52.91,38,31.898149
52.91,38,31.9485
52.91,38,32.002287
52.91,38,32.063969
52.895,41,32.122939
52.9,40,32.18053
52.91,38,32.240042
52.91,38,32.294374
52.91,38,32.352418
52.905,39,32.737567
52.91,38,32.790238
52.91,38,32.842092
52.91,38,32.900939
52.895,41,32.953994
52.91,38,32.995102
52.9,40,33.062556
52.89,42,33.123631
52.905,39,33.181448
52.9,40,33.24232
52.905,39,33.310958
52.91,38,33.378583
52.91,38,33.430632
52.91,38,33.497804
52.91,38,33.556937
52.905,39,33.612858
52.905,39,33.659892
52.91,38,33.729625
52.9,40,33.791228
52.905,39,33.840299
52.91,38,33.907614
52.91,38,33.940622
52.91,38,33.973602
52.905,39,34.00739
52.905,39,34.025304
52.91,38,34.040779
52.91,38,34.060626
52.91,38,34.473506
52.905,39,34.523721
52.91,38,34.590299
52.905,39,34.640606
52.91,38,34.673622
52.91,38,34.723877
52.91,38,34.761977
52.9,40,34.790036
52.91,38,34.840565
52.895,41,34.907707
52.9,40,34.957185
52.91,38,35.007026
52.91,38,35.057033
52.91,38,35.10769
52.91,38,35.162493
52.905,39,35.207121
52.91,38,35.262666
52.905,39,35.32356
52.905,39,35.373963
52.91,38,35.439029
52.9,40,35.490543
52.91,38,35.55684
52.9,40,35.576182
52.91,38,35.594009
52.91,38,35.638485
52.91,38,35.696319
52.91,38,36.081397
52.91,38,36.1377
52.905,39,36.197263
52.91,38,36.246528
52.91,38,36.297189
52.91,38,36.35352
52.905,39,36.432823
52.91,38,36.499999
52.91,38,36.54354
52.91,38,36.559819
52.895,41,36.605975
52.91,38,36.658007
52.91,38,36.708886
52.91,38,36.755179
52.91,38,36.803101
52.905,39,36.847225
52.9,40,36.902249
52.91,38,36.94725
52.91,38,36.991115
52.905,39,37.038357
52.91,38,37.081726
52.91,38,37.123477
52.91,38,37.166149
52.91,38,37.210706
52.91,38,37.258739
52.91,38,37.303275
52.905,39,37.340144
52.905,39,37.790151
52.91,38,37.840203
52.905,39,37.906526
52.91,38,37.989057
52.91,38,38.028892
52.91,38,38.073298
52.91,38,38.127531
52.91,38,38.173425
52.91,38,38.217011
52.9,40,38.284242
52.91,38,38.34085
52.905,39,38.388267
52.91,38,38.455397
52.905,39,38.50518
52.91,38,38.563887
52.89,42,38.621988
52.905,39,38.675674
52.91,38,38.723058
52.91,38,38.774545
52.91,38,38.823539
52.91,38,38.879393
52.91,38,38.932611
52.91,38,38.977702
52.91,38,39.028538
52.91,38,39.083551
52.91,38,39.137663
52.91,38,39.188594
52.89,42,39.738131
52.91,38,39.783635
52.9,40,39.837784
52.905,39,39.891119
52.91,38,39.940218
52.91,38,39.993303
52.91,38,40.046356
52.895,41,40.10794
52.9,40,40.168975
52.91,38,40.217924
52.91,38,40.268787
52.91,38,40.316589
52.91,38,40.363642
52.91,38,40.409538
52.9,40,40.454017
52.91,38,40.508702
52.91,38,40.558947
52.9,40,40.607959
52.91,38,40.665024
52.91,38,40.730833
52.905,39,40.778659
52.91,38,40.832654
52.91,38,40.880494
52.91,38,40.926325
52.91,38,40.971684
52.91,38,41.015013
52.91,38,41.454307
52.91,38,41.512746
52.91,38,41.576478
52.91,38,41.631031
52.91,38,41.682574
52.91,38,41.733632
52.91,38,41.805051
52.9,40,41.863967
52.91,38,41.917599
52.905,39,41.975838
52.91,38,42.024172
52.91,38,42.0742
52.91,38,42.12464
52.91,38,42.169182
52.91,38,42.243238
52.905,39,42.301151
52.9,40,42.360271
52.905,39,42.38708
52.91,38,42.412567
52.905,39,42.433428
52.91,38,42.459831
52.905,39,42.477143
52.91,38,42.493962
52.91,38,42.508942
52.91,38,42.528754
52.91,38,42.540753
52.91,38,42.556561
52.91,38,42.714703
52.91,38,42.731308
52.91,38,42.749031
52.91,38,42.765866
52.91,38,42.782208
52.91,38,42.8001
52.91,38,42.815848
52.91,38,42.832514
52.91,38,42.850086
52.91,38,42.866954
52.91,38,42.884168
52.91,38,42.901148
52.905,39,42.967197
52.91,38,43.021894
52.91,38,43.065025
52.91,38,43.124624
52.91,38,43.173093
52.91,38,43.21668
52.91,38,43.265804
52.91,38,43.308846
52.91,38,43.356658
52.91,38,43.401819
52.91,38,43.454105
52.91,38,43.502069
52.905,39,43.556731
52.91,38,43.603101
52.91,38,43.654152
52.91,38,44.15004
52.91,38,44.191154
52.91,38,44.240156
52.895,41,44.30121
52.91,38,44.360281
52.91,38,44.408034
52.91,38,44.455266
52.91,38,44.502323
52.91,38,44.554066
52.91,38,44.606631
52.91,38,44.651047
52.9,40,44.709867
52.905,39,44.76304
52.91,38,44.813704
52.91,38,44.863747
52.91,38,44.907966
52.91,38,44.957378
52.91,38,44.99623
52.905,39,45.081854
52.905,39,45.136533
52.905,39,45.192144
52.91,38,45.238665
52.91,38,45.291224
52.91,38,45.314767
52.91,38,45.345091
52.91,38,45.392176
52.91,38,45.441273
52.91,38,45.864769
52.91,38,45.910857
52.91,38,45.965575
52.905,39,46.015891
52.91,38,46.069414
52.91,38,46.119003
52.895,41,46.173331
52.9,40,46.228527
52.9,40,46.289933
52.905,39,46.366
52.905,39,46.426059
52.91,38,46.490006
52.895,41,46.540497
52.91,38,46.592205
52.89,42,46.642786
52.91,38,46.67067
52.91,38,46.694694
52.91,38,46.713727
52.91,38,46.741225
52.905,39,46.764791
52.905,39,46.790164
52.91,38,46.816645
52.905,39,46.846133
52.91,38,46.86365
52.895,41,46.897452
52.91,38,46.923613
52.91,38,47.387111
52.91,38,47.416006
52.91,38,47.438738
52.91,38,47.46709
52.91,38,47.494244
52.91,38,47.513755
52.9,40,47.54219
52.91,38,47.563873
52.91,38,47.587471
52.91,38,47.605323
52.91,38,47.622033
52.9,40,47.646024
52.91,38,47.673448
52.91,38,47.699118
52.9,40,47.723479
52.91,38,47.746224
52.9,40,47.764835
52.91,38,47.782329
52.905,39,47.799433
52.91,38,47.817773
52.91,38,47.845133
52.91,38,47.871891
52.91,38,47.902286
52.91,38,47.928411
52.9,40,47.953751
52.91,38,47.982199
52.91,38,48.00844
52.91,38,48.444257
52.91,38,48.502394
52.91,38,48.556832
52.9,40,48.60342
52.905,39,48.656131
52.9,40,48.710784
52.91,38,48.763855
52.905,39,48.809927
52.905,39,48.858968
52.905,39,48.898205
52.905,39,48.923294
52.905,39,48.945074
52.91,38,48.954932
52.91,38,48.9709
52.9,40,48.986688
52.91,38,49.018896
52.905,39,49.035888
52.91,38,49.060326
52.91,38,49.083221
52.91,38,49.098865
52.91,38,49.124919
52.895,41,49.141601
52.9,40,49.162257
52.91,38,49.17818
52.9,40,49.194108
52.885,43,49.210084
52.91,38,49.607056
52.91,38,49.638275
52.91,38,49.692265
52.91,38,49.734428
52.91,38,49.784717
52.9,40,49.814242
52.91,38,49.861792
52.91,38,49.893447
52.91,38,49.954224
52.905,39,49.989527
52.91,38,50.021708
52.91,38,50.070199
52.91,38,50.118332
52.91,38,50.166682
52.91,38,50.198542
52.91,38,50.245955
52.91,38,50.285356
52.9,40,50.326197
52.91,38,50.358092
52.91,38,50.406085
52.905,39,50.464412
52.905,39,50.523032
52.9,40,50.571304
52.905,39,50.618709
52.905,39,50.682466
52.905,39,50.714202
52.91,38,51.086365
52.91,38,51.134484
52.91,38,51.16666
52.905,39,51.214226
52.91,38,51.263535
52.91,38,51.310216
52.91,38,51.358543
52.91,38,51.390516
52.91,38,51.43882
52.91,38,51.513777
52.9,40,51.557019
52.905,39,51.589204
52.9,40,51.637238
52.905,39,51.687343
52.91,38,51.717211
52.905,39,51.781081
52.91,38,51.81322
52.91,38,51.860864
52.91,38,51.909316
52.91,38,51.957527
52.91,38,52.009501
52.91,38,52.051421
52.91,38,52.089343
52.905,39,52.123603
52.91,38,52.172154
52.91,38,52.204511
52.91,38,52.25296
52.91,38,52.666992
52.905,39,52.689158
52.91,38,52.702854
52.91,38,52.734635
52.91,38,52.766516
52.9,40,52.789727
52.895,41,52.814713
52.9,40,52.830729
52.905,39,52.846614
52.91,38,52.862825
52.91,38,52.889971
52.91,38,52.894629
52.91,38,52.910492
52.91,38,52.926456
52.895,41,52.958336
52.9,40,53.021816
52.91,38,53.068108
52.91,38,53.110724
52.91,38,53.155428
52.91,38,53.200788
52.91,38,53.241487
52.91,38,53.281193
52.91,38,53.319589
52.91,38,53.362024
52.905,39,53.438262
52.91,38,53.491206
52.905,39,53.520013
52.91,38,53.94288
52.905,39,53.992091
52.9,40,54.038197
52.91,38,54.069714
52.91,38,54.117643
52.89,42,54.149324
52.9,40,54.206907
52.91,38,54.254424
52.91,38,54.302
52.91,38,54.333705
52.9,40,54.381214
52.91,38,54.428693
52.91,38,54.4603
52.91,38,54.507938
52.91,38,54.555193
52.91,38,54.618732
52.905,39,54.683665
52.91,38,54.721367
52.91,38,54.739397
52.91,38,54.755298
52.91,38,54.771378
52.91,38,54.79428
52.905,39,54.834941
52.905,39,54.882163
52.91,38,54.929373
52.9,40,54.976736
52.905,39,55.339644
52.905,39,55.380057
52.91,38,55.41978
52.91,38,55.46611
52.91,38,55.506321
52.91,38,55.554174
52.91,38,55.596332
52.905,39,55.668996
52.9,40,55.716241
52.895,41,55.76083
52.91,38,55.796385
52.91,38,55.838485
52.91,38,55.885729
52.91,38,55.933006
52.91,38,55.988763
52.905,39,56.027935
52.91,38,56.059637
52.9,40,56.107054
52.905,39,56.138544
52.905,39,56.185752
52.91,38,56.217176
52.91,38,56.264478
52.91,38,56.318495
52.91,38,56.355184
52.91,38,56.402423
52.91,38,56.433906
52.91,38,56.48116
52.905,39,56.888701
52.91,38,56.935928
52.91,38,56.983394
52.91,38,57.023353
52.91,38,57.061977
52.91,38,57.111559
52.905,39,57.15256
52.91,38,57.194661
52.91,38,57.237547
52.91,38,57.284238
52.905,39,57.324338
52.91,38,57.365713
52.905,39,57.401473
52.9,40,57.445117
52.91,38,57.485873
52.905,39,57.533657
52.91,38,57.572708
52.91,38,57.615222
52.91,38,57.644275
52.91,38,57.702629
52.91,38,57.744534
52.91,38,57.802779
52.91,38,57.834158
52.91,38,57.891448
52.91,38,57.924184
52.905,39,57.987205
52.905,39,58.019115
52.895,41,58.407607
52.91,38,58.440658
52.91,38,58.488196
52.91,38,58.520087
52.91,38,58.567311
52.905,39,58.605049
52.91,38,58.646129
52.91,38,58.677971
52.91,38,58.732938
52.91,38,58.788569
52.9,40,58.836456
52.91,38,58.868222
52.91,38,58.884164
52.91,38,58.916076
52.91,38,58.967148
52.91,38,59.014038
52.91,38,59.051813
52.91,38,59.08368
52.91,38,59.130875
52.91,38,59.162513
52.91,38,59.209959
52.91,38,59.257198
52.91,38,59.288699
52.91,38,59.350882
52.905,39,59.391712
52.91,38,59.429561
52.91,38,59.777549
52.91,38,59.82245
52.91,38,59.897798
52.91,38,59.949069
52.91,38,60.01961
52.91,38,60.071418
52.91,38,60.118713
52.905,39,60.150201
52.91,38,60.209131
52.905,39,60.260566
52.91,38,60.309552
52.89,42,60.355605
52.91,38,60.40289
52.91,38,60.447695
52.91,38,60.497226
52.905,39,60.557037
52.91,38,60.628461
52.905,39,60.692094
52.91,38,60.750659
52.905,39,60.819377
52.91,38,60.891164
52.905,39,60.94356
52.9,40,60.992301
52.905,39,61.052755
52.91,38,61.109625
52.905,39,61.175664
52.91,38,61.236149
52.91,38,61.64527
52.91,38,61.701323
52.91,38,61.764964
52.91,38,61.830059
52.9,40,61.897576
52.9,40,61.968481
52.9,40,62.034981
52.91,38,62.09651
52.91,38,62.157301
52.905,39,62.224
52.91,38,62.289538
52.91,38,62.353345
52.91,38,62.416567
52.91,38,62.473776
52.905,39,62.542695
52.91,38,62.602755
52.905,39,62.660349
52.905,39,62.722499
52.91,38,62.768914
52.91,38,62.838772
52.91,38,62.912751
52.905,39,62.971932
52.91,38,63.027128
52.91,38,63.07907
52.91,38,63.129174
52.91,38,63.174173
52.905,39,63.561141
52.91,38,63.621813
52.91,38,63.683119
52.9,40,63.738629
52.91,38,63.772545
52.905,39,63.819778
52.91,38,63.867047
52.9,40,63.898538
52.91,38,63.977467
52.91,38,64.037103
52.905,39,64.088276
52.905,39,64.130938
52.91,38,64.168184
52.91,38,64.20583
52.91,38,64.250933
52.91,38,64.29002
52.91,38,64.327887
52.91,38,64.367757
52.91,38,64.406514
52.91,38,64.446397
52.89,42,64.487433
52.91,38,64.519494
52.905,39,64.555421
52.91,38,64.585499
52.91,38,64.618016
52.91,38,64.660657
52.91,38,64.700129
52.91,38,65.092893
52.91,38,65.14008
52.91,38,65.171649
52.91,38,65.220446
52.91,38,65.258323
52.91,38,65.290352
52.91,38,65.339095
52.91,38,65.372444
52.91,38,65.4208
52.91,38,65.467452
52.905,39,65.498978
52.91,38,65.546692
52.91,38,65.578196
52.905,39,65.625467
52.91,38,65.656946
52.91,38,65.708755
52.9,40,65.762736
52.91,38,65.813555
52.91,38,65.862751
52.91,38,65.918099
52.91,38,65.954955
52.91,38,66.00228
52.91,38,66.049527
52.91,38,66.10323
52.91,38,66.144771
52.91,38,66.176276
52.91,38,66.231056
52.91,38,66.607742
52.905,39,66.653323
52.91,38,66.693138
52.91,38,66.737489
52.91,38,66.774235
52.91,38,66.813725
52.91,38,66.862621
52.91,38,66.9311
52.91,38,66.993398
52.905,39,67.029871
52.91,38,67.05337
52.91,38,67.071362
52.895,41,67.12448
52.91,38,67.163385
52.905,39,67.212688
52.91,38,67.245935
52.91,38,67.30252
52.905,39,67.338186
52.91,38,67.385443
52.91,38,67.436993
52.91,38,67.4725
52.905,39,67.503976
52.91,38,67.551747
52.91,38,67.592144
52.91,38,67.632376
52.91,38,67.671066
52.91,38,67.70257
52.91,38,68.078165
52.905,39,68.128796
52.91,38,68.1655
52.91,38,68.214823
52.91,38,68.253774
52.905,39,68.290142
52.91,38,68.324508
52.91,38,68.358542
52.91,38,68.394603
52.91,38,68.427904
52.91,38,68.469837
52.91,38,68.526888
52.91,38,68.59483
52.91,38,68.65494
52.91,38,68.724682
52.905,39,68.773173
52.91,38,68.821482
52.91,38,68.865223
52.91,38,68.90451
52.91,38,68.961193
52.91,38,69.010721
52.91,38,69.040698
52.91,38,69.092264
52.91,38,69.130928
52.91,38,69.184114
52.91,38,69.216085
52.91,38,69.262968
52.905,39,69.624405
52.9,40,69.667413
52.895,41,69.711344
52.91,38,69.748406
52.905,39,69.789287
52.91,38,69.834285
52.91,38,69.858657
52.9,40,69.874464
52.91,38,69.89033
52.91,38,69.942164
52.905,39,69.979985
52.905,39,70.024151
52.905,39,70.071543
52.905,39,70.11865
52.9,40,70.150633
52.91,38,70.212845
52.91,38,70.257441
52.91,38,70.300869
52.91,38,70.343504
52.91,38,70.377058
52.9,40,70.41993
52.91,38,70.442743
52.91,38,70.489085
52.91,38,70.526342
52.91,38,70.581589
52.91,38,70.609547
52.91,38,70.947962
52.91,38,70.996356
52.91,38,71.058551
52.905,39,71.112362
52.91,38,71.172558
52.91,38,71.237376
52.91,38,71.276603
52.895,41,71.326569
52.905,39,71.364187
52.91,38,71.425272
52.91,38,71.476985
52.91,38,71.551306
52.91,38,71.605429
52.91,38,71.645591
52.91,38,71.687627
52.91,38,71.732712
52.91,38,71.780683
52.91,38,71.828744
52.91,38,71.877858
52.91,38,71.925064
52.91,38,71.973697
52.9,40,72.033948
52.91,38,72.08257
52.9,40,72.135317
52.91,38,72.180801
52.905,39,72.227655
52.91,38,72.280784
52.905,39,72.694308
52.91,38,72.742997
52.905,39,72.791372
52.905,39,72.843196
52.905,39,72.89264
52.9,40,72.978089
52.91,38,73.043842
52.91,38,73.10366
52.91,38,73.159185
52.91,38,73.215663
52.91,38,73.276483
52.91,38,73.326344
52.91,38,73.348851
52.905,39,73.369275
52.905,39,73.383556
52.91,38,73.399481
52.91,38,73.415426
52.91,38,73.436795
52.91,38,73.481593
52.905,39,73.516611
52.905,39,73.563283
52.91,38,73.612589
52.905,39,73.656582
52.91,38,73.703883
52.91,38,73.741089
52.91,38,73.792126
52.91,38,74.194357
52.91,38,74.241354
52.91,38,74.292786
52.91,38,74.343015
52.91,38,74.40558
52.905,39,74.482039
52.91,38,74.544806
52.91,38,74.592554
52.895,41,74.647337
52.91,38,74.694285
52.905,39,74.745352
52.91,38,74.786968
52.91,38,74.851233
52.91,38,74.901735
52.91,38,74.94805
52.905,39,75.009601
52.91,38,75.073153
52.905,39,75.136892
52.905,39,75.200347
52.91,38,75.247695
52.91,38,75.304754
52.91,38,75.373762
52.905,39,75.437305
52.91,38,75.500782
52.91,38,75.564623
52.905,39,75.612306
52.91,38,75.659907
52.91,38,76.008834
52.91,38,76.066477
52.91,38,76.119723
52.905,39,76.189568
52.895,41,76.247055
52.905,39,76.311042
52.91,38,76.379766
52.91,38,76.437684
52.905,39,76.501048
52.91,38,76.555074
52.9,40,76.596077
52.91,38,76.649155
52.91,38,76.702603
52.91,38,76.753126
52.91,38,76.785224
52.91,38,76.80106
52.91,38,76.848532
52.91,38,76.880481
52.91,38,76.912129
52.91,38,76.943605
52.91,38,76.979931
52.91,38,77.019621
52.905,39,77.065179
52.91,38,77.105832
52.905,39,77.160827
52.91,38,77.196846
52.905,39,77.244334
52.91,38,77.565368
52.905,39,77.609026
52.905,39,77.641399
52.905,39,77.657339
52.9,40,77.68912
52.91,38,77.705085
52.91,38,77.721006
52.905,39,77.749099
52.91,38,77.752754
52.91,38,77.784481
52.91,38,77.800322
52.91,38,77.816196
52.91,38,77.832026
52.91,38,77.849125
52.91,38,77.863787
52.91,38,77.879707
52.91,38,77.911467
52.91,38,77.927283
52.91,38,77.943221
52.91,38,77.95919
52.91,38,77.975064
52.91,38,77.996655
52.91,38,78.03868
52.91,38,78.086296
52.91,38,78.118164
52.91,38,78.165822
52.91,38,78.197464
52.91,38,78.54353
52.905,39,78.589449
52.905,39,78.63525
52.91,38,78.673965
52.91,38,78.705427
52.91,38,78.752608
52.9,40,78.800024
52.91,38,78.847288
52.905,39,78.894511
52.905,39,78.941861
52.905,39,78.973407
52.91,38,79.004966
52.905,39,79.052195
52.91,38,79.10196
52.91,38,79.166262
52.91,38,79.209199
52.91,38,79.272199
52.905,39,79.304066
52.905,39,79.335576
52.91,38,79.383244
52.905,39,79.41478
52.91,38,79.462106
52.91,38,79.510533
52.91,38,79.567584
52.91,38,79.60412
52.91,38,79.635628
52.905,39,80.000062
52.9,40,80.063901
52.91,38,80.129605
52.905,39,80.175167
52.91,38,80.239025
52.905,39,80.318873
52.905,39,80.385659
52.91,38,80.445015
52.91,38,80.492767
52.905,39,80.565367
52.905,39,80.619934
52.91,38,80.682129
52.91,38,80.753593
52.91,38,80.821931
52.91,38,80.888165
52.89,42,80.96561
52.905,39,81.031149
52.91,38,81.097182
52.905,39,81.164108
52.91,38,81.224083
52.91,38,81.285676
52.91,38,81.304005
52.9,40,81.370764
52.91,38,81.411046
52.905,39,81.474284
52.91,38,81.539423
52.905,39,81.602108
52.905,39,81.997137
52.905,39,82.065137
52.9,40,82.10803
52.91,38,82.15864
52.89,42,82.203066
52.91,38,82.258771
52.91,38,82.327595
52.91,38,82.394877
52.91,38,82.441705
52.9,40,82.514638
52.905,39,82.577578
52.91,38,82.642295
52.91,38,82.683176
52.91,38,82.711009
52.905,39,82.774637
52.9,40,82.822474
52.91,38,82.900032
52.905,39,82.96559
52.91,38,83.012865
52.905,39,83.094718
52.895,41,83.156409
52.91,38,83.215882
52.905,39,83.268136
52.91,38,83.337604
52.91,38,83.379479
52.91,38,83.411788
52.91,38,83.900888
52.9,40,83.949997
52.885,43,84.000394
52.905,39,84.042033
52.9,40,84.086041
52.905,39,84.123474
52.91,38,84.170156
52.91,38,84.218105
52.905,39,84.23401
52.91,38,84.249899
52.905,39,84.282224
52.91,38,84.298062
52.91,38,84.313929
52.91,38,84.329764
52.91,38,84.345675
52.91,38,84.364329
52.91,38,84.393591
52.91,38,84.409481
52.9,40,84.42536
52.91,38,84.472713
52.91,38,84.528872
52.91,38,84.58375
52.91,38,84.631612
52.905,39,84.681601
52.91,38,84.736407
52.905,39,84.775263
52.91,38,84.822598
52.9,40,85.20224
52.905,39,85.234994
52.91,38,85.293845
52.91,38,85.342117
52.9,40,85.394737
52.905,39,85.428731
52.91,38,85.457685
52.91,38,85.486805
52.89,42,85.55008
52.91,38,85.612055
52.91,38,85.650042
52.91,38,85.689864
52.91,38,85.740362
52.91,38,85.771987
52.91,38,85.819237
52.905,39,85.857834
52.91,38,85.897876
52.91,38,85.933502
52.91,38,85.979315
52.905,39,86.017554
52.91,38,86.061533
52.91,38,86.099808
52.91,38,86.151828
52.905,39,86.197327
52.91,38,86.236412
52.91,38,86.275033
52.91,38,86.674209
52.91,38,86.713981
52.91,38,86.765341
52.905,39,86.812608
52.91,38,86.844125
52.905,39,86.891356
52.91,38,86.922848
52.91,38,86.970639
52.91,38,87.017803
52.91,38,87.049346
52.905,39,87.096563
52.91,38,87.144382
52.91,38,87.176119
52.905,39,87.191999
52.91,38,87.207905
52.91,38,87.223871
52.91,38,87.239717
52.91,38,87.25645
52.91,38,87.299654
52.91,38,87.350562
52.91,38,87.398275
52.91,38,87.430457
52.91,38,87.477481
52.905,39,87.523445
52.905,39,87.565418
52.91,38,87.605083
52.91,38,87.636961
52.91,38,88.064577
52.91,38,88.108155
52.91,38,88.144078
52.9,40,88.188544
52.91,38,88.229113
52.905,39,88.266218
52.91,38,88.301244
52.91,38,88.350041
52.91,38,88.397666
52.905,39,88.436237
52.91,38,88.477244
52.905,39,88.517277
52.91,38,88.560178
52.91,38,88.598495
52.91,38,88.641917
52.91,38,88.68302
52.905,39,88.724977
52.91,38,88.764151
52.91,38,88.808141
52.91,38,88.851718
52.91,38,88.902092
52.905,39,88.931257
52.91,38,88.947078
52.91,38,88.979524
52.91,38,89.02654
52.91,38,89.058362
52.91,38,89.106601
52.905,39,89.509392
52.91,38,89.536916
52.91,38,89.576102
52.91,38,89.615033
52.91,38,89.654921
52.91,38,89.693728
52.91,38,89.741333
52.91,38,89.774149
52.91,38,89.825388
52.91,38,89.880627
52.91,38,89.916678
52.91,38,89.97492
52.91,38,90.01199
52.91,38,90.044193
52.91,38,90.094529
52.91,38,90.143985
52.91,38,90.189652
52.905,39,90.219409
52.9,40,90.267469
52.91,38,90.315349
52.91,38,90.354984
52.91,38,90.39673
52.905,39,90.426444
52.905,39,90.484183
52.91,38,90.522067
52.91,38,90.570613
52.91,38,90.626672
52.91,38,91.004168
52.91,38,91.059741
52.9,40,91.124021
52.91,38,91.18704
52.91,38,91.250438
52.91,38,91.314988
52.91,38,91.373262
52.91,38,91.440168
52.905,39,91.507776
52.91,38,91.551988
52.905,39,91.599255
52.91,38,91.646935
52.91,38,91.711761
52.91,38,91.772943
52.91,38,91.820228
52.91,38,91.851815
52.91,38,91.903085
52.91,38,91.962574
52.91,38,92.012344
52.91,38,92.026267
52.905,39,92.084902
52.91,38,92.131326
52.91,38,92.170243
52.9,40,92.21755
52.91,38,92.259255
52.905,39,92.303854
52.91,38,92.697304
52.905,39,92.748113
52.91,38,92.809617
52.91,38,92.875674
52.91,38,92.939811
52.91,38,93.006711
52.905,39,93.072157
52.91,38,93.129298
52.91,38,93.181639
52.91,38,93.24265
52.91,38,93.307237
52.91,38,93.372913
52.91,38,93.436103
52.91,38,93.495389
52.91,38,93.560442
52.91,38,93.592576
52.91,38,93.608811
52.905,39,93.640669
52.91,38,93.656657
52.91,38,93.693005
52.91,38,93.739926
52.91,38,93.78032
52.91,38,93.830504
52.91,38,93.894891
52.91,38,93.950526
52.905,39,94.005159
52.91,38,94.066122
52.91,38,94.462962
52.91,38,94.533073
52.91,38,94.589834
52.91,38,94.653432
52.91,38,94.716505
52.91,38,94.77967
52.905,39,94.842841
52.91,38,94.905971
52.91,38,94.969151
52.91,38,95.032673
52.91,38,95.095835
52.905,39,95.143279
52.905,39,95.206388
52.91,38,95.256632
52.91,38,95.296628
52.91,38,95.333457
52.91,38,95.387023
52.91,38,95.430954
52.895,41,95.472688
52.91,38,95.538308
52.91,38,95.585863
52.91,38,95.63016
52.91,38,95.674579
52.9,40,95.720686
52.91,38,95.744995
52.9,40,95.776982
52.91,38,95.824731
52.91,38,96.213605
52.91,38,96.25761
52.9,40,96.299692
52.91,38,96.345429
52.91,38,96.39355
52.91,38,96.425122
52.91,38,96.47247
52.91,38,96.504381
52.91,38,96.583791
52.9,40,96.633454
52.905,39,96.674441
52.91,38,96.713618
52.91,38,96.743215
52.91,38,96.794752
52.91,38,96.835891
52.91,38,96.881707
52.91,38,96.922235
52.91,38,96.965503
52.91,38,97.006556
52.91,38,97.053754
52.905,39,97.105624
52.91,38,97.152965
52.91,38,97.191043
52.905,39,97.232142
52.91,38,97.288914
52.91,38,97.330535
52.91,38,97.381449
52.91,38,97.691923
52.905,39,97.72406
52.9,40,97.739927
52.9,40,97.756017
52.91,38,97.772203
52.91,38,97.792382
52.91,38,97.804101
52.91,38,97.819962
52.91,38,97.835829
52.91,38,97.86762
52.91,38,97.913556
52.905,39,97.954626
52.905,39,97.998426
52.91,38,98.043922
52.91,38,98.090063
52.91,38,98.142069
52.91,38,98.190491
52.91,38,98.23144
52.91,38,98.277783
52.91,38,98.325023
52.91,38,98.378135
52.91,38,98.419336
52.91,38,98.461238
52.905,39,98.514156
52.91,38,98.558551
52.905,39,98.607803
52.91,38,99.047333
52.91,38,99.091053
52.91,38,99.13465
52.91,38,99.186317
52.91,38,99.230837
52.91,38,99.282765
52.91,38,99.36252
52.91,38,99.433122
52.91,38,99.510168
52.91,38,99.579101
52.91,38,99.634275
52.91,38,99.668032
52.905,39,99.726633
52.91,38,99.771294
52.91,38,99.810607
52.91,38,99.841327
52.91,38,99.85722
52.91,38,99.896758
52.905,39,99.936503
52.91,38,99.985715
52.91,38,100.031199
52.905,39,100.062164
52.9,40,100.109707
52.91,38,100.158317
52.905,39,100.212212
52.91,38,100.253255
52.905,39,100.299502
52.91,38,100.649641
52.91,38,100.70884
52.91,38,100.759954
52.905,39,100.807462
52.91,38,100.839061
52.91,38,100.886369
52.9,40,100.934577
52.91,38,100.965438
52.91,38,101.0131
52.905,39,101.061158
52.91,38,101.108194
52.91,38,101.139717
52.91,38,101.193267
52.91,38,101.248806
52.9,40,101.291003
52.91,38,101.33297
52.905,39,101.383751
52.91,38,101.424405
52.91,38,101.472003
52.91,38,101.514341
52.91,38,101.553014
52.91,38,101.623484
52.91,38,101.697189
52.91,38,101.747621
52.91,38,101.797989
52.91,38,101.840126
52.91,38,101.883054
52.91,38,102.275012
52.91,38,102.33964
52.91,38,102.401818
52.91,38,102.458006
52.91,38,102.520632
52.905,39,102.580627
52.91,38,102.634562
52.895,41,102.689501
52.91,38,102.749948
52.91,38,102.811136
52.91,38,102.877094
52.91,38,102.948965
52.91,38,103.007506
52.91,38,103.075059
52.91,38,103.141191
52.91,38,103.206323
52.91,38,103.2695
52.91,38,103.319467
52.91,38,103.382723
52.91,38,103.445829
52.91,38,103.516131
52.91,38,103.57637
52.91,38,103.63619
52.9,40,103.69934
52.91,38,103.746721
52.905,39,103.817218
52.91,38,103.878055
52.905,39,104.327675
52.91,38,104.379949
52.91,38,104.456599
52.91,38,104.524413
52.91,38,104.591881
52.91,38,104.652179
52.91,38,104.713716
52.91,38,104.785006
52.91,38,104.839936
52.905,39,104.88765
52.91,38,104.960897
52.91,38,105.024578
52.905,39,105.0923
52.91,38,105.154812
52.905,39,105.223608
52.91,38,105.287039
52.905,39,105.349134
52.91,38,105.417138
52.91,38,105.482978
52.91,38,105.538175
52.91,38,105.611279
52.91,38,105.681021
52.91,38,105.745099
52.91,38,105.815724
52.91,38,105.878726
52.91,38,105.935278
52.91,38,106.422066
52.91,38,106.465278
52.91,38,106.509167
52.905,39,106.553615
52.91,38,106.585177
52.905,39,106.648159
52.905,39,106.695495
52.905,39,106.743127
52.905,39,106.774648
52.91,38,106.821874
52.91,38,106.853388
52.91,38,106.909103
52.9,40,106.952718
52.9,40,106.998377
52.905,39,107.043827
52.91,38,107.076203
52.905,39,107.122938
52.91,38,107.170295
52.905,39,107.217513
52.905,39,107.248975
52.905,39,107.296203
52.905,39,107.343862
52.91,38,107.401309
52.905,39,107.457218
52.905,39,107.499222
52.91,38,107.545258
52.91,38,107.587729
52.91,38,107.945688
52.9,40,108.01077
52.905,39,108.053339
52.91,38,108.092683
52.91,38,108.120281
52.91,38,108.167831
52.91,38,108.220179
52.905,39,108.261713
52.91,38,108.307688
52.91,38,108.34358
52.91,38,108.389421
52.905,39,108.453424
52.91,38,108.504623
52.905,39,108.551837
52.905,39,108.596282
52.905,39,108.641068
52.905,39,108.674669
52.91,38,108.71653
52.91,38,108.762374
52.91,38,108.802929
52.905,39,108.846101
52.91,38,108.885977
52.91,38,108.91696
52.91,38,108.964798
52.91,38,109.008518
52.905,39,109.048257
52.91,38,109.087668
52.91,38,109.498492
52.91,38,109.542667
52.91,38,109.585045
52.91,38,109.62691
52.905,39,109.665321
52.91,38,109.703082
52.91,38,109.742522
52.905,39,109.780425
52.91,38,109.826277
52.905,39,109.868759
52.9,40,109.915565
52.91,38,109.964291
52.905,39,110.013609
52.905,39,110.069203
52.91,38,110.114714
52.91,38,110.146393
52.905,39,110.193154
52.91,38,110.246869
52.905,39,110.287237
52.905,39,110.331427
52.91,38,110.373358
52.91,38,110.421664
52.91,38,110.461517
52.9,40,110.512333
52.91,38,110.563199
52.905,39,110.610356
52.91,38,110.976197
52.91,38,111.016962
52.91,38,111.057399
52.91,38,111.094941
52.91,38,111.131263
52.905,39,111.160505
52.91,38,111.216102
52.91,38,111.254002
52.91,38,111.2988
52.905,39,111.333067
52.91,38,111.380422
52.91,38,111.431045
52.905,39,111.460225
52.91,38,111.507499
52.91,38,111.566312
52.91,38,111.615455
52.905,39,111.668128
52.91,38,111.716758
52.91,38,111.761845
52.905,39,111.793768
52.9,40,111.856237
52.91,38,111.872065
52.91,38,111.935925
52.91,38,111.991468
52.91,38,112.046642
52.91,38,112.085491
52.905,39,112.134289
52.91,38,112.490105
52.91,38,112.546673
52.91,38,112.603348
52.91,38,112.646855
52.91,38,112.691183
52.91,38,112.735055
52.91,38,112.77381
52.905,39,112.824611
52.91,38,112.852982
52.91,38,112.900205
52.91,38,112.931917
52.905,39,112.97928
52.91,38,113.025277
52.91,38,113.0586
52.91,38,113.107862
52.91,38,113.150456
52.91,38,113.186292
52.91,38,113.22576
52.91,38,113.27408
52.91,38,113.309438
52.91,38,113.343187
52.91,38,113.389892
52.905,39,113.430076
52.905,39,113.472685
52.91,38,113.516316
52.91,38,113.54816
52.91,38,113.596082
52.905,39,114.027378
52.905,39,114.092398
52.91,38,114.142581
52.91,38,114.181437
52.91,38,114.211155
52.91,38,114.263231
52.9,40,114.310236
52.91,38,114.356913
52.905,39,114.401828
52.91,38,114.444718
52.9,40,114.486395
52.91,38,114.524652
52.91,38,114.560266
52.91,38,114.611016
52.91,38,114.670116
52.91,38,114.704352
52.91,38,114.758964
52.91,38,114.798858
52.91,38,114.844849
52.91,38,114.903393
52.905,39,114.944252
52.91,38,114.98764
52.91,38,115.035506
52.91,38,115.083306
52.91,38,115.143397
52.91,38,115.191739
52.9,40,115.581116
52.91,38,115.630512
52.91,38,115.67972
52.905,39,115.735765
52.91,38,115.782104
52.91,38,115.820912
52.91,38,115.860623
52.91,38,115.899791
52.91,38,115.946107
52.91,38,115.982882
52.91,38,116.021716
52.91,38,116.057375
52.91,38,116.092144
52.91,38,116.133295
52.91,38,116.164488
52.91,38,116.196369
52.91,38,116.23553
52.905,39,116.269247
52.91,38,116.30707
52.905,39,116.356264
52.91,38,116.416281
52.91,38,116.453122
52.91,38,116.498046
52.91,38,116.543677
52.91,38,116.582327
52.91,38,116.621316
52.91,38,116.667605
52.9,40,116.95142
52.905,39,116.988667
52.905,39,117.040313
52.91,38,117.102019
52.91,38,117.177526
52.91,38,117.223653
52.91,38,117.271793
52.91,38,117.287892
52.91,38,117.351635
52.91,38,117.434047
52.91,38,117.494899
52.91,38,117.542581
52.91,38,117.574318
52.91,38,117.621935
52.905,39,117.669652
52.91,38,117.717303
52.91,38,117.781189
52.91,38,117.844866
52.91,38,117.908398
52.91,38,117.94042
52.91,38,118.003845
52.91,38,118.051574
52.91,38,118.115447
52.905,39,118.163477
52.91,38,118.179359
52.91,38,118.195311
52.91,38,118.21116
52.91,38,118.545366
52.905,39,118.577191
52.91,38,118.624872
52.91,38,118.672617
52.91,38,118.720363
52.91,38,118.767879
52.91,38,118.838325
52.91,38,118.879278
52.905,39,118.926857
52.91,38,118.974587
52.91,38,119.022241
52.91,38,119.070282
52.91,38,119.086247
52.91,38,119.118011
52.91,38,119.14774
52.91,38,119.181852
52.91,38,119.239213
52.91,38,119.277098
52.91,38,119.308878
52.91,38,119.356579
52.91,38,119.388344
52.91,38,119.439715
52.91,38,119.483679
52.91,38,119.5154
52.91,38,119.563073
52.91,38,119.594839
52.91,38,119.642503
52.91,38,120.040792
52.91,38,120.088261
52.91,38,120.152289
52.905,39,120.184076
52.91,38,120.247609
52.91,38,120.311099
52.91,38,120.374782
52.91,38,120.406567
52.91,38,120.454303
52.89,42,120.502047
52.91,38,120.549701
52.91,38,120.581609
52.91,38,120.645391
52.91,38,120.677137
52.9,40,120.724805
52.905,39,120.772495
52.91,38,120.80422
52.905,39,120.851995
52.9,40,120.89974
52.91,38,120.947639
52.91,38,120.995386
52.905,39,121.027152
52.905,39,121.074744
52.91,38,121.106672
52.91,38,121.154301
52.91,38,121.186043
52.91,38,121.249377
52.9,40,121.619351
52.91,38,121.66243
52.91,38,121.7103
52.91,38,121.758026
52.91,38,121.805739
52.91,38,121.853622
52.905,39,121.917673
52.91,38,121.965461
52.905,39,122.028981
52.91,38,122.076664
52.91,38,122.140712
52.91,38,122.204458
52.91,38,122.252071
52.91,38,122.299706
52.91,38,122.331426
52.91,38,122.378972
52.91,38,122.426742
52.91,38,122.474804
52.91,38,122.522695
52.91,38,122.570437
52.91,38,122.601978
52.91,38,122.64963
52.895,41,122.697175
52.91,38,122.728883
52.91,38,122.776553
52.91,38,122.808233
52.91,38,123.188815
52.91,38,123.252657
52.91,38,123.284405
52.905,39,123.316148
52.91,38,123.363762
52.905,39,123.411341
52.91,38,123.452401
52.91,38,123.490875
52.91,38,123.522644
52.9,40,123.570452
52.91,38,123.602168
52.91,38,123.653066
52.905,39,123.697436
52.91,38,123.729235
52.9,40,123.776849
52.91,38,123.824419
52.91,38,123.856189
52.91,38,123.90377
52.905,39,123.935513
52.91,38,123.999089
52.91,38,124.046637
52.91,38,124.078378
52.91,38,124.125935
52.91,38,124.173602
52.91,38,124.236782
52.9,40,124.2842
52.91,38,124.315755
52.91,38,124.66443
52.9,40,124.708043
52.905,39,124.741852
52.91,38,124.789735
52.905,39,124.841511
52.905,39,124.88979
52.91,38,124.922028
52.91,38,124.969576
52.905,39,125.017558
52.91,38,125.065156
52.91,38,125.104643
52.91,38,125.143487
52.91,38,125.173231
52.9,40,125.230528
52.905,39,125.283268
52.91,38,125.325304
52.91,38,125.358007
52.91,38,125.406929
52.91,38,125.44011
52.91,38,125.487488
52.91,38,125.535065
52.9,40,125.566882
52.91,38,125.623735
52.905,39,125.663123
52.905,39,125.708072
52.91,38,125.73724
52.895,41,125.753185
52.91,38,126.192712
52.91,38,126.283931
52.91,38,126.335454
52.91,38,126.380307
52.91,38,126.426433
52.91,38,126.484392
52.91,38,126.529363
52.91,38,126.575555
52.91,38,126.627424
52.91,38,126.671262
52.91,38,126.71911
52.905,39,126.76684
52.91,38,126.814406
52.905,39,126.862923
52.91,38,126.894045
52.91,38,126.941563
52.91,38,126.973289
52.91,38,127.020903
52.91,38,127.068456
52.91,38,127.100117
52.91,38,127.163764
52.91,38,127.195488
52.91,38,127.243099
52.91,38,127.290723
52.905,39,127.338283
52.91,38,127.370057
52.91,38,127.750118
52.91,38,127.781189
52.91,38,127.828788
52.91,38,127.876384
52.91,38,127.908075
52.91,38,127.95563
52.91,38,127.987325
52.91,38,128.034948
52.91,38,128.065995
52.91,38,128.113567
52.91,38,128.166329
52.905,39,128.224646
52.91,38,128.266624
52.91,38,128.304018
52.905,39,128.359596
52.91,38,128.398905
52.905,39,128.446481
52.905,39,128.494137
52.905,39,128.541708
52.91,38,128.573484
52.91,38,128.621004
52.91,38,128.667997
52.91,38,128.699727
52.91,38,128.747207
52.91,38,128.778998
52.905,39,128.8265
52.91,38,128.868466
52.905,39,129.302975
52.895,41,129.350583
52.91,38,129.398257
52.91,38,129.429951
52.91,38,129.477567
52.91,38,129.509241
52.91,38,129.556801
52.91,38,129.588512
52.9,40,129.63605
52.91,38,129.68366
52.905,39,129.715357
52.91,38,129.747024
52.91,38,129.799128
52.905,39,129.826695
52.91,38,129.858402
52.91,38,129.906066
52.905,39,129.937729
52.91,38,129.985194
52.91,38,130.016854
52.91,38,130.064449
52.91,38,130.096187
52.91,38,130.143699
52.91,38,130.175446
52.91,38,130.222999
52.905,39,130.271798
52.91,38,130.318182
52.91,38,130.36569
52.91,38,130.748355
52.91,38,130.795909
52.91,38,130.82759
52.905,39,130.873993
52.91,38,130.906798
52.91,38,130.938482
52.91,38,130.986083
52.91,38,131.017769
52.91,38,131.065393
52.91,38,131.097127
52.91,38,131.144623
52.905,39,131.192603
52.905,39,131.240102
52.91,38,131.274971
52.91,38,131.351484
52.91,38,131.399084
52.91,38,131.430823
52.91,38,131.478446
52.91,38,131.510104
52.91,38,131.557702
52.91,38,131.605341
52.91,38,131.637063
52.91,38,131.684722
52.91,38,131.716426
52.91,38,131.795882
52.9,40,131.827654
52.91,38,131.876874
52.91,38,132.222499
52.91,38,132.254253
52.91,38,132.307348
52.91,38,132.343228
52.91,38,132.378749
52.91,38,132.426801
52.91,38,132.481052
52.91,38,132.523052
52.91,38,132.545182
52.91,38,132.594872
52.905,39,132.639314
52.91,38,132.671494
52.91,38,132.711469
52.91,38,132.742734
52.895,41,132.792563
52.91,38,132.825891
52.91,38,132.875782
52.91,38,132.910261
52.905,39,132.960417
52.91,38,133.011329
52.91,38,133.059453
52.91,38,133.110117
52.91,38,133.151828
52.91,38,133.193408
52.91,38,133.245832
52.91,38,133.293245
52.91,38,133.344402
52.91,38,133.803301
52.905,39,133.851188
52.91,38,133.898307
52.91,38,133.916155
52.91,38,133.956722
52.91,38,133.998006
52.905,39,134.036481
52.91,38,134.077603
52.91,38,134.117536
52.91,38,134.156601
52.905,39,134.196435
52.91,38,134.235676
52.91,38,134.276443
52.9,40,134.315989
52.91,38,134.356173
52.905,39,134.393367
52.91,38,134.433513
52.905,39,134.492888
52.91,38,134.547357
52.91,38,134.592785
52.91,38,134.635738
52.91,38,134.676754
52.91,38,134.716909
52.91,38,134.75802
52.91,38,134.7971
52.91,38,134.835204
52.91,38,135.174969
52.91,38,135.216219
52.9,40,135.260524
52.91,38,135.291376
52.91,38,135.314086
52.91,38,135.338344
52.91,38,135.357072
52.9,40,135.383493
52.91,38,135.42535
52.91,38,135.466991
52.91,38,135.527626
52.91,38,135.570973
52.91,38,135.615022
52.91,38,135.656633
52.91,38,135.696004
52.91,38,135.736401
52.91,38,135.777406
52.91,38,135.81553
52.91,38,135.854002
52.905,39,135.895289
52.91,38,135.936732
52.91,38,135.978965
52.91,38,136.023376
52.91,38,136.063046
52.91,38,136.106919
52.91,38,136.147603
52.91,38,136.187733
52.91,38,136.526335
52.91,38,136.581718
52.91,38,136.632644
52.91,38,136.661587
52.91,38,136.684779
52.91,38,136.703406
52.91,38,136.721957
52.91,38,136.741378
52.91,38,136.808149
52.91,38,136.850482
52.91,38,136.890277
52.91,38,136.928795
52.905,39,136.96999
52.91,38,137.009156
52.91,38,137.04839
52.91,38,137.087739
52.91,38,137.127395
52.91,38,137.164003
52.91,38,137.206474
52.91,38,137.246707
52.91,38,137.288087
52.91,38,137.326733
52.91,38,137.365016
52.91,38,137.406916
52.905,39,137.449909
52.91,38,137.489526
52.91,38,137.52614
52.905,39,137.892442
52.91,38,137.931444
52.91,38,137.969791
52.91,38,138.010801
52.91,38,138.052212
52.91,38,138.09431
52.91,38,138.13342
52.91,38,138.170759
52.91,38,138.20781
52.91,38,138.24615
52.91,38,138.285074
52.91,38,138.325475
52.91,38,138.365742
52.91,38,138.407805
52.91,38,138.449514
52.91,38,138.489957
52.91,38,138.528493
52.91,38,138.568678
52.91,38,138.64694
52.91,38,138.696434
52.91,38,138.739388
52.91,38,138.778316
52.91,38,138.817774
52.9,40,138.857727
52.91,38,138.894551
52.905,39,138.933466
52.91,38,138.96974
52.91,38,139.336963
52.91,38,139.380393
52.91,38,139.419099
52.91,38,139.456155
52.91,38,139.494505
52.91,38,139.533935
52.91,38,139.570904
52.91,38,139.613065
52.91,38,139.653266
52.91,38,139.727842
52.91,38,139.770982
52.91,38,139.812226
52.91,38,139.851251
52.91,38,139.890225
52.91,38,139.928824
52.91,38,139.970203
52.91,38,140.010055
52.91,38,140.050328
52.91,38,140.094728
52.91,38,140.135485
51.06,408,140.784152
52.91,38,140.840388
52.91,38,140.888473
52.91,38,140.923119
52.91,38,140.954363
52.91,38,141.017488
52.91,38,141.070129
52.91,38,141.111155
52.905,39,141.134276
52.91,38,141.141348
52.91,38,141.177122
52.91,38,141.196144
52.905,39,141.209513
52.91,38,141.221771
52.91,38,141.237901
52.91,38,141.253793
52.91,38,141.281858
52.91,38,141.29627
52.91,38,141.317195
52.91,38,141.333142
52.91,38,141.349029
52.91,38,141.364902
52.905,39,141.387866
52.91,38,141.396349
52.91,38,141.720201
52.91,38,141.750514
52.91,38,141.782684
52.91,38,141.846292
52.91,38,141.896889
52.91,38,141.941757
52.91,38,141.973698
52.91,38,142.005277
52.9,40,142.053172
52.91,38,142.100828
52.91,38,142.13301
52.91,38,142.180878
52.91,38,142.213215
52.91,38,142.26122
52.91,38,142.297306
52.91,38,142.325884
52.91,38,142.374393
52.91,38,142.406583
52.91,38,142.462726
52.91,38,142.502663
52.91,38,142.550288
52.91,38,142.58196
52.9,40,142.614271
52.91,38,142.670054
52.91,38,142.742578
52.91,38,142.790709
52.91,38,142.838634
52.91,38,143.214161
52.91,38,143.256146
52.91,38,143.299475
52.91,38,143.336483
52.91,38,143.368802
52.91,38,143.418835
52.91,38,143.448765
52.91,38,143.496531
52.91,38,143.528382
52.91,38,143.560718
52.91,38,143.609222
52.91,38,143.6415
52.91,38,143.689999
52.91,38,143.721823
52.91,38,143.754133
52.91,38,143.802353
52.91,38,143.834511
52.91,38,143.882972
52.91,38,143.915297
52.91,38,143.963732
52.91,38,144.011722
52.905,39,144.092079
52.91,38,144.139646
52.91,38,144.187843
52.91,38,144.236031
52.91,38,144.268306
52.91,38,144.316825
52.91,38,144.701662
52.91,38,144.750136
52.91,38,144.782464
52.91,38,144.830391
52.91,38,144.862618
52.91,38,144.910616
52.91,38,144.990084
52.91,38,145.038
52.91,38,145.085509
52.91,38,145.117869
52.91,38,145.163302
52.91,38,145.20216
52.91,38,145.245076
52.91,38,145.281466
52.91,38,145.30407
52.91,38,145.325979
52.91,38,145.345544
52.91,38,145.363768
52.91,38,145.383499
52.91,38,145.401007
52.91,38,145.433887
52.91,38,145.482069
52.91,38,145.513789
52.91,38,145.561728
52.91,38,145.594055
52.91,38,145.626373
52.91,38,145.674938
52.91,38,146.027921
52.91,38,146.060039
52.91,38,146.107811
52.91,38,146.140005
52.9,40,146.190003
52.91,38,146.21951
52.91,38,146.267329
52.91,38,146.303994
52.91,38,146.331954
52.91,38,146.379277
52.91,38,146.411196
52.91,38,146.465723
52.905,39,146.507937
52.91,38,146.539686
52.91,38,146.571465
52.905,39,146.604203
52.91,38,146.65168
52.91,38,146.683136
52.91,38,146.717224
52.91,38,146.746897
52.91,38,146.778634
52.91,38,146.810633
52.91,38,146.842551
52.91,38,146.90645
52.91,38,146.93821
52.91,38,146.969907
52.91,38,147.256393
52.91,38,147.272091
52.91,38,147.287781
52.91,38,147.305323
52.91,38,147.319518
52.905,39,147.335475
52.91,38,147.35144
52.91,38,147.367563
52.895,41,147.383238
52.91,38,147.399169
52.91,38,147.414903
52.91,38,147.430796
52.91,38,147.446676
52.91,38,147.462577
52.91,38,147.478423
52.9,40,147.496413
52.91,38,147.510143
52.91,38,147.525987
52.905,39,147.542111
52.905,39,147.557995
52.91,38,147.557995
52.9,40,147.573961
52.91,38,147.605421
52.91,38,147.621588
52.91,38,147.637528
52.905,39,147.653477
52.91,38,147.669431
52.91,38,147.955326
52.91,38,147.987071
52.91,38,148.034814
52.91,38,148.066598
52.91,38,148.114239
52.91,38,148.161712
52.905,39,148.193356
52.91,38,148.240638
52.91,38,148.273016
52.905,39,148.32081
52.91,38,148.352776
52.91,38,148.400494
52.91,38,148.432166
52.91,38,148.479443
52.91,38,148.511838
52.91,38,148.527612
52.91,38,148.559762
52.91,38,148.608104
52.91,38,148.640352
52.91,38,148.671957
52.91,38,148.719966
52.91,38,148.751647
52.91,38,148.799444
52.91,38,148.831219
52.91,38,148.880334
52.91,38,148.91028
52.91,38,148.958163
52.91,38,149.207587
52.91,38,149.211869
52.91,38,149.243429
52.91,38,149.259436
52.91,38,149.291171
52.91,38,149.30769
52.91,38,149.323189
52.905,39,149.338958
52.905,39,149.354763
52.91,38,149.370476
52.9,40,149.370476
52.905,39,149.386367
52.91,38,149.407957
52.91,38,149.451649
52.905,39,149.481585
52.91,38,149.529198
52.91,38,149.577168
52.91,38,149.62464
52.91,38,149.65667
52.905,39,149.708822
52.905,39,149.736795
52.91,38,149.785031
52.91,38,149.833162
52.91,38,149.864926
52.91,38,149.909513
52.91,38,149.944233
52.91,38,149.992449
52.91,38,150.359223
52.91,38,150.390719
52.905,39,150.422508
52.91,38,150.454177
52.91,38,150.486211
52.905,39,150.534286
52.91,38,150.566152
52.905,39,150.613883
52.91,38,150.661541
52.91,38,150.693301
52.91,38,150.725252
52.91,38,150.757264
52.905,39,150.789095
52.91,38,150.820868
52.91,38,150.868814
52.91,38,150.900657
52.905,39,150.932894
52.905,39,150.980726
52.905,39,151.028473
52.91,38,151.076499
52.91,38,151.124236
52.91,38,151.17224
52.91,38,151.188037
52.91,38,151.211619
52.91,38,151.23582
52.91,38,151.251514
52.91,38,151.267235
52.91,38,151.593235
52.91,38,151.633271
52.91,38,151.68142
52.91,38,151.713401
52.91,38,151.744853
52.91,38,151.792974
52.91,38,151.824751
52.91,38,151.872496
52.91,38,151.92038
52.91,38,151.968059
52.91,38,151.999697
52.91,38,152.031513
52.905,39,152.079352
52.91,38,152.127331
52.91,38,152.17534
52.91,38,152.213141
52.91,38,152.238629
52.91,38,152.286478
52.91,38,152.317965
52.91,38,152.34974
52.91,38,152.381732
52.91,38,152.429242
52.91,38,152.476609
52.905,39,152.515748
52.91,38,152.556016
52.91,38,152.603849
52.91,38,152.937968
52.91,38,152.985614
52.91,38,153.033678
52.91,38,153.081375
52.91,38,153.115694
52.91,38,153.160599
52.91,38,153.216164
52.905,39,153.256093
52.91,38,153.303862
52.9,40,153.335417
52.91,38,153.382992
52.91,38,153.431096
52.91,38,153.478918
52.91,38,153.494783
52.91,38,153.517006
52.91,38,153.526703
52.91,38,153.54251
52.91,38,153.558262
52.91,38,153.574091
52.905,39,153.617184
52.91,38,153.65399
52.91,38,153.701892
52.91,38,153.733072
52.91,38,153.764766
52.91,38,153.817307
52.91,38,153.859902
52.91,38,153.891849
52.91,38,154.226817
52.905,39,154.25859
52.905,39,154.306392
52.91,38,154.348062
52.905,39,154.386232
52.91,38,154.41826
52.91,38,154.465899
52.91,38,154.518399
52.91,38,154.545535
52.905,39,154.593515
52.91,38,154.641721
52.9,40,154.673583
52.91,38,154.721212
52.91,38,154.752658
52.91,38,154.800231
52.91,38,154.832425
52.91,38,154.880137
52.91,38,154.919136
52.91,38,154.943875
52.91,38,154.975338
52.91,38,155.019321
52.91,38,155.054337
52.905,39,155.102174
52.91,38,155.149771
52.905,39,155.219379
52.91,38,155.260957
52.905,39,155.292757
52.91,38,155.579165
52.91,38,155.627314
52.91,38,155.675234
52.91,38,155.706808
52.91,38,155.754849
52.91,38,155.78706
52.91,38,155.834524
52.91,38,155.866566
52.91,38,155.898503
52.905,39,155.930478
52.91,38,155.962533
52.91,38,155.994231
52.91,38,156.026089
52.905,39,156.058076
52.91,38,156.10614
52.91,38,156.137959
52.91,38,156.169655
52.91,38,156.201395
52.91,38,156.249698
52.91,38,156.281326
52.91,38,156.329483
52.91,38,156.361453
52.91,38,156.409036
52.91,38,156.441129
52.91,38,156.489061
52.905,39,156.521836
52.91,38,156.568839
52.91,38,156.950316
52.91,38,156.998308
52.91,38,157.045795
52.91,38,157.09356
52.91,38,157.125429
52.91,38,157.173022
52.91,38,157.236402
52.91,38,157.28378
52.905,39,157.322839
52.91,38,157.3473
52.91,38,157.363392
52.91,38,157.37913
52.9,40,157.395018
52.91,38,157.410762
52.91,38,157.426877
52.91,38,157.442861
52.91,38,157.458583
52.91,38,157.47438
52.91,38,157.506159
52.91,38,157.52442
52.91,38,157.537826
52.91,38,157.537826
52.91,38,157.553781
52.91,38,157.569559
52.91,38,157.585513
52.91,38,157.601467
52.91,38,157.623465
52.91,38,157.934993
52.91,38,157.983153
52.91,38,158.024575
52.91,38,158.062588
52.91,38,158.094396
52.91,38,158.142273
52.91,38,158.17392
52.91,38,158.221577
52.91,38,158.269461
52.91,38,158.301236
52.91,38,158.349378
52.91,38,158.381232
52.91,38,158.433558
52.91,38,158.476743
52.91,38,158.508397
52.905,39,158.556146
52.91,38,158.588565
52.91,38,158.636219
52.91,38,158.68402
52.91,38,158.725937
52.91,38,158.763907
52.91,38,158.795751
52.91,38,158.843439
52.91,38,158.891449
52.91,38,158.926244
52.91,38,158.955613
52.91,38,159.003629
52.91,38,159.543714
52.91,38,159.591968
52.91,38,159.639552
52.91,38,159.687403
52.905,39,159.719076
52.91,38,159.735067
52.91,38,159.751178
52.91,38,159.767035
52.91,38,159.798967
52.91,38,159.814787
52.91,38,159.830771
52.91,38,159.846786
52.91,38,159.879008
52.91,38,159.911116
52.91,38,159.958894
52.905,39,160.022492
52.91,38,160.054436
52.91,38,160.086297
52.91,38,160.102341
52.91,38,160.150108
52.91,38,160.182241
52.91,38,160.198183
52.91,38,160.230032
52.91,38,160.261534
52.91,38,160.309197
52.91,38,160.372962
52.91,38,160.404842
52.91,38,160.75517
52.91,38,160.786908
52.91,38,160.834145
52.91,38,160.897679
52.91,38,160.929489
52.91,38,160.976844
52.91,38,161.008786
52.91,38,161.056241
52.91,38,161.088001
52.91,38,161.129836
52.91,38,161.16754
52.905,39,161.199219
52.91,38,161.2468
52.905,39,161.278724
52.91,38,161.358754
52.91,38,161.454181
52.91,38,161.502079
52.91,38,161.549885
52.91,38,161.597477
52.91,38,161.630612
52.91,38,161.677105
52.91,38,161.709154
52.91,38,161.757047
52.91,38,161.788702
52.905,39,161.836864
52.91,38,161.868452
52.91,38,162.23572
52.91,38,162.267613
52.905,39,162.316245
52.91,38,162.363864
52.91,38,162.411361
52.91,38,162.45892
52.91,38,162.516746
52.91,38,162.554702
52.91,38,162.586283
52.91,38,162.65089
52.91,38,162.683226
52.905,39,162.733267
52.91,38,162.778762
52.91,38,162.810369
52.91,38,162.85822
52.91,38,162.889842
52.91,38,162.937633
52.895,41,162.985179
52.91,38,163.017054
52.91,38,163.064391
52.91,38,163.096395
52.91,38,163.143829
52.91,38,163.17583
52.91,38,163.223897
52.91,38,163.255761
52.91,38,163.287588
52.91,38,163.350863
52.905,39,163.7645
52.91,38,163.812002
52.91,38,163.844189
52.91,38,163.891994
52.91,38,163.935161
52.91,38,163.972138
52.91,38,164.004179
52.91,38,164.051185
52.91,38,164.083213
52.91,38,164.135614
52.91,38,164.162488
52.91,38,164.210358
52.905,39,164.242454
52.91,38,164.290398
52.91,38,164.322323
52.91,38,164.354354
52.91,38,164.418336
52.91,38,164.466285
52.91,38,164.513681
52.91,38,164.545542
52.91,38,164.577665
52.91,38,164.625646
52.91,38,164.657505
52.91,38,164.705802
52.91,38,164.753719
52.91,38,164.785558
52.91,38,164.833308
52.91,38,165.167003
52.91,38,165.198915
52.91,38,165.253369
52.91,38,165.278205
52.91,38,165.294101
52.91,38,165.310102
52.91,38,165.325882
52.91,38,165.341845
52.91,38,165.373795
52.91,38,165.422008
52.91,38,165.470011
52.905,39,165.537065
52.91,38,165.566311
52.91,38,165.598358
52.91,38,165.645719
52.91,38,165.677532
52.91,38,165.725136
52.91,38,165.773329
52.91,38,165.805059
52.91,38,165.853008
52.91,38,165.900576
52.91,38,165.937686
52.905,39,165.980493
52.91,38,166.012234
52.91,38,166.059965
52.91,38,166.092243
52.91,38,166.14013
52.91,38,166.473967
52.91,38,166.521828
52.91,38,166.553857
52.91,38,166.608517
52.91,38,166.639064
52.91,38,166.68175
52.91,38,166.713324
52.91,38,166.760705
52.91,38,166.792501
52.91,38,166.840498
52.91,38,166.872085
52.91,38,166.920081
52.91,38,166.95194
52.91,38,167.015975
52.91,38,167.064037
52.91,38,167.09592
52.91,38,167.143663
52.91,38,167.175564
52.91,38,167.223458
52.91,38,167.255544
52.91,38,167.287591
52.91,38,167.340515
52.91,38,167.366947
52.91,38,167.414834
52.91,38,167.446863
52.91,38,167.526389
52.91,38,167.574253
52.91,38,167.748932
52.91,38,167.781068
52.91,38,167.797254
52.91,38,167.813271
52.91,38,167.84526
52.91,38,167.8773
52.91,38,167.909203
52.91,38,167.957135
52.91,38,168.004692
52.91,38,168.04162
52.91,38,168.052787
52.91,38,168.068671
52.905,39,168.084809
52.91,38,168.100552
52.91,38,168.132015
52.91,38,168.163677
52.91,38,168.211431
52.905,39,168.243714
52.91,38,168.275693
52.91,38,168.323442
52.91,38,168.355307
52.91,38,168.403119
52.91,38,168.442245
52.91,38,168.482942
52.91,38,168.546683
52.91,38,168.578715
52.91,38,168.62641
52.91,38,168.961089
52.91,38,168.99267
52.91,38,169.043288
52.91,38,169.072119
52.91,38,169.120088
52.91,38,169.168065
52.91,38,169.199834
52.91,38,169.247426
52.91,38,169.278929
52.91,38,169.310886
52.91,38,169.35877
52.91,38,169.39072
52.91,38,169.423006
52.91,38,169.471157
52.91,38,169.502845
52.91,38,169.566288
52.91,38,169.613744
52.91,38,169.661337
52.91,38,169.693504
52.91,38,169.744691
52.91,38,169.773189
52.91,38,169.805345
52.91,38,169.8535
52.91,38,169.88514
52.91,38,169.932767
52.91,38,169.965015
52.91,38,170.012687
52.91,38,170.331493
52.91,38,170.363173
52.91,38,170.411293
52.91,38,170.455009
52.91,38,170.52299
52.91,38,170.587075
52.91,38,170.635019
52.91,38,170.666966
52.91,38,170.714854
52.91,38,170.746697
52.91,38,170.794298
52.91,38,170.826372
52.91,38,170.874469
52.91,38,170.922214
52.91,38,170.954285
52.91,38,170.986103
52.91,38,171.034107
52.91,38,171.065858
52.91,38,171.114166
52.91,38,171.147702
52.91,38,171.194127
52.91,38,171.225829
52.91,38,171.257673
52.91,38,171.305403
52.91,38,171.348048
52.91,38,171.385491
52.91,38,171.417609
52.91,38,171.784205
52.91,38,171.83164
52.91,38,171.863132
52.91,38,171.910977
52.91,38,171.949375
52.91,38,171.991054
52.91,38,172.039026
52.91,38,172.103119
52.91,38,172.135206
52.91,38,172.183458
52.91,38,172.215265
52.91,38,172.249852
52.91,38,172.294822
52.91,38,172.326338
52.91,38,172.342429
52.91,38,172.358262
52.91,38,172.374021
52.91,38,172.389783
52.91,38,172.405786
52.91,38,172.43782
52.91,38,172.453693
52.91,38,172.501566
52.91,38,172.533631
52.91,38,172.58141
52.91,38,172.628772
52.91,38,172.676657
52.91,38,172.708756
52.91,38,173.091688
52.91,38,173.139066
52.91,38,173.170856
52.91,38,173.203274
52.91,38,173.251345
52.91,38,173.283159
52.91,38,173.314949
52.91,38,173.362684
52.91,38,173.39495
52.91,38,173.426658
52.91,38,173.474559
52.905,39,173.506241
52.91,38,173.5221
52.91,38,173.569544
52.91,38,173.601201
52.91,38,173.633078
52.91,38,173.681256
52.91,38,173.729106
52.91,38,173.792453
52.91,38,173.824138
52.91,38,173.871772
52.91,38,173.903548
52.91,38,173.935519
52.91,38,173.983305
52.91,38,174.025252
52.91,38,174.062976
52.91,38,174.094774
52.91,38,174.459938
52.91,38,174.508035
52.91,38,174.571605
52.91,38,174.619692
52.91,38,174.667511
52.91,38,174.683693
52.91,38,174.699555
52.91,38,174.731514
52.91,38,174.753853
52.91,38,174.76317
52.91,38,174.789969
52.91,38,174.794922
52.91,38,174.82689
52.91,38,174.842573
52.91,38,174.858505
52.91,38,174.874757
52.91,38,174.890507
52.91,38,174.921911
52.91,38,174.970206
52.91,38,175.001954
52.91,38,175.050086
52.91,38,175.081801
52.91,38,175.113178
52.91,38,175.145159
52.91,38,175.177289
52.91,38,175.213794
52.91,38,175.240412
52.91,38,175.526017
52.91,38,175.557676
52.91,38,175.589415
52.91,38,175.620919
52.91,38,175.668805
52.91,38,175.716139
52.91,38,175.763946
52.91,38,175.811756
52.91,38,175.843575
52.91,38,175.8914
52.91,38,175.922927
52.91,38,175.955583
52.91,38,176.0028
52.91,38,176.034613
52.91,38,176.082108
52.91,38,176.113902
52.91,38,176.155714
52.91,38,176.193854
52.91,38,176.226067
52.91,38,176.257944
52.91,38,176.30563
52.91,38,176.337175
52.91,38,176.385319
52.91,38,176.401057
52.91,38,176.41697
52.91,38,176.432934
52.91,38,176.768418
52.91,38,176.800159
52.91,38,176.847604
52.91,38,176.879387
52.91,38,176.926921
52.91,38,176.958864
52.91,38,177.006316
52.91,38,177.038208
52.91,38,177.08761
52.91,38,177.101882
52.91,38,177.11793
52.91,38,177.150248
52.91,38,177.166416
52.91,38,177.187924
52.91,38,177.214139
52.91,38,177.24643
52.91,38,177.27849
52.91,38,177.326767
52.91,38,177.36614
52.91,38,177.405778
52.91,38,177.438082
52.91,38,177.509878
52.91,38,177.552014
52.91,38,177.598264
52.91,38,177.64018
52.91,38,177.677721
52.905,39,177.711905
52.91,38,178.080313
52.91,38,178.114581
52.91,38,178.139401
52.91,38,178.187263
52.91,38,178.219358
52.91,38,178.266947
52.91,38,178.299215
52.91,38,178.34743
52.91,38,178.379444
52.91,38,178.411594
52.91,38,178.459605
52.91,38,178.491507
52.91,38,178.523364
52.91,38,178.571256
52.91,38,178.619189
52.91,38,178.651452
52.91,38,178.683168
52.905,39,178.731495
52.91,38,178.77928
52.91,38,178.827306
52.91,38,178.860107
52.91,38,178.906893
52.91,38,178.960095
52.91,38,178.986475
52.91,38,179.01812
52.91,38,179.060078
52.91,38,179.098025
52.91,38,179.443714
52.91,38,179.47943
52.91,38,179.511529
52.91,38,179.559522
52.91,38,179.606812
52.91,38,179.654507
52.91,38,179.706016
52.91,38,179.757018
52.91,38,179.829795
52.91,38,179.877302
52.91,38,179.909588
52.91,38,179.961664
52.91,38,179.989987
52.91,38,180.037996
52.91,38,180.070067
52.91,38,180.102141
52.91,38,180.150154
52.91,38,180.182493
52.91,38,180.217147
52.91,38,180.245987
52.91,38,180.265618
52.91,38,180.277778
52.91,38,180.313882
52.91,38,180.340565
52.91,38,180.35793
52.91,38,180.371922
52.91,38,180.384232
52.91,38,180.706728
52.91,38,180.762241
52.91,38,180.802025
52.91,38,180.833802
52.91,38,180.881744
52.91,38,180.92153
52.91,38,180.977503
52.91,38,181.009012
52.91,38,181.056678
52.91,38,181.088497
52.91,38,181.136902
52.91,38,181.168518
52.91,38,181.200637
52.91,38,181.232432
52.91,38,181.264613
52.91,38,181.296278
52.91,38,181.327746
52.91,38,181.362955
52.91,38,181.407708
52.91,38,181.440074
52.91,38,181.487875
52.91,38,181.519555
52.91,38,181.567136
52.91,38,181.614656
52.91,38,181.646311
52.91,38,181.694428
52.91,38,181.72677
52.905,39,182.131851
52.91,38,182.174113
52.91,38,182.206066
52.91,38,182.254159
52.91,38,182.286076
52.91,38,182.318257
52.91,38,182.365965
52.91,38,182.397935
52.905,39,182.445838
52.91,38,182.477789
52.91,38,182.528022
52.91,38,182.564549
52.91,38,182.606455
52.91,38,182.657007
52.91,38,182.68615
52.91,38,182.702332
52.91,38,182.720386
52.91,38,182.734586
52.91,38,182.772333
52.91,38,182.798323
52.91,38,182.846444
52.91,38,182.878655
52.91,38,182.926802
52.91,38,182.97527
52.91,38,183.023327
52.91,38,183.065343
52.91,38,183.103138
52.91,38,183.439247
52.91,38,183.471091
52.91,38,183.519137
52.91,38,183.550924
52.91,38,183.600071
52.91,38,183.636191
52.91,38,183.677701
52.91,38,183.709595
52.91,38,183.757058
52.91,38,183.804703
52.91,38,183.837064
52.91,38,183.895224
52.91,38,183.966427
52.91,38,184.011661
52.91,38,184.059575
52.91,38,184.091908
52.91,38,184.124254
52.91,38,184.173522
52.91,38,184.203628
52.91,38,184.251011
52.91,38,184.28489
52.91,38,184.334597
52.905,39,184.379087
52.91,38,184.41059
52.91,38,184.45908
52.91,38,184.496914
52.91,38,184.538711
52.91,38,184.891479
52.91,38,184.939648
52.91,38,185.007415
52.91,38,185.051354
52.91,38,185.083458
52.91,38,185.131146
52.91,38,185.172176
52.91,38,185.210119
52.91,38,185.242415
52.91,38,185.290368
52.91,38,185.322303
52.91,38,185.369134
52.91,38,185.402602
52.91,38,185.450234
52.91,38,185.482053
52.91,38,185.529999
52.91,38,185.569717
52.91,38,185.593927
52.91,38,185.642435
52.91,38,185.694466
52.91,38,185.738468
52.91,38,185.77033
52.91,38,185.818765
52.91,38,185.851103
52.91,38,185.899092
52.91,38,185.931191
52.91,38,185.979734
52.91,38,186.297581
52.91,38,186.319151
52.9,40,186.33737
52.91,38,186.353379
52.91,38,186.37329
52.91,38,186.390351
52.91,38,186.406161
52.91,38,186.4227
52.9,40,186.439626
52.91,38,186.456462
52.91,38,186.471181
52.91,38,186.488291
52.91,38,186.504958
52.91,38,186.52071
52.91,38,186.535501
52.91,38,186.553112
52.91,38,186.567322
52.91,38,186.588489
52.91,38,186.603743
52.91,38,186.631707
52.91,38,186.661684
52.91,38,186.709602
52.91,38,186.743921
52.91,38,186.789923
52.91,38,186.821753
52.91,38,186.869414
52.91,38,186.901759
52.905,39,187.301581
52.91,38,187.333691
52.91,38,187.381825
52.91,38,187.413592
52.91,38,187.4459
52.91,38,187.493899
52.91,38,187.526231
52.91,38,187.574464
52.91,38,187.612817
52.91,38,187.654659
52.91,38,187.686898
52.91,38,187.735004
52.91,38,187.773818
52.91,38,187.815051
52.91,38,187.846864
52.91,38,187.87833
52.91,38,187.910147
52.91,38,187.941993
52.91,38,187.989505
52.91,38,188.02125
52.91,38,188.084594
52.91,38,188.132679
52.91,38,188.180785
52.91,38,188.212555
52.91,38,188.244515
52.91,38,188.282284
52.91,38,188.324083
52.91,38,188.625776
52.91,38,188.673819
52.91,38,188.705995
52.91,38,188.755455
52.91,38,188.785296
52.91,38,188.833196
52.91,38,188.875942
52.91,38,188.913577
52.91,38,188.945897
52.91,38,188.995767
52.91,38,189.041893
52.91,38,189.090167
52.91,38,189.138281
52.91,38,189.176099
52.91,38,189.218733
52.91,38,189.256827
52.91,38,189.282537
52.905,39,189.345758
52.91,38,189.399124
52.91,38,189.463962
52.91,38,189.504253
52.91,38,189.552038
52.91,38,189.584372
52.91,38,189.616686
52.91,38,189.664502
52.91,38,189.695981
52.91,38,189.727739
52.91,38,190.080472
52.91,38,190.143997
52.91,38,190.175312
52.91,38,190.19158
52.91,38,190.2237
52.91,38,190.278182
52.91,38,190.319643
52.91,38,190.352055
52.91,38,190.40004
52.91,38,190.432355
52.91,38,190.480488
52.91,38,190.512459
52.91,38,190.544395
52.91,38,190.59491
52.91,38,190.62522
52.91,38,190.67917
52.91,38,190.723559
52.91,38,190.752741
52.91,38,190.800579
52.91,38,190.832453
52.91,38,190.8803
52.91,38,190.943897
52.91,38,190.979741
52.91,38,191.023703
52.91,38,191.061611
52.91,38,191.096689
52.91,38,191.146659
52.91,38,191.519419
52.91,38,191.551211
52.9,40,191.599047
52.905,39,191.631366
52.905,39,191.681328
52.91,38,191.727159
52.885,43,191.781288
52.895,41,191.822324
52.91,38,191.870786
52.91,38,191.918203
52.91,38,191.950026
52.9,40,191.998002
52.905,39,192.029837
52.9,40,192.082328
52.91,38,192.125767
52.9,40,192.189109
52.905,39,192.221298
52.9,40,192.253517
52.895,41,192.274771
52.9,40,192.299051
52.88,44,192.321005
52.9,40,192.339201
52.91,38,192.356869
52.905,39,192.374435
52.9,40,192.382594
52.905,39,192.411669
52.91,38,192.73052
52.91,38,192.783245
52.905,39,192.825696
52.905,39,192.857598
52.91,38,192.904992
52.91,38,192.984467
52.91,38,193.015994
52.91,38,193.063183
52.905,39,193.120627
52.905,39,193.17379
52.885,43,193.222012
52.91,38,193.261415
52.91,38,193.285435
52.91,38,193.332426
52.91,38,193.364247
52.91,38,193.411814
52.905,39,193.443726
52.905,39,193.491566
52.905,39,193.5236
52.905,39,193.572137
52.9,40,193.604064
52.91,38,193.657591
52.905,39,193.684392
52.905,39,193.732894
52.91,38,193.765152
52.905,39,193.813086
52.91,38,194.05015
52.91,38,194.097579
52.91,38,194.129705
52.91,38,194.187239
52.91,38,194.24107
52.91,38,194.288062
52.905,39,194.329692
52.91,38,194.335536
52.91,38,194.351249
52.91,38,194.383158
52.905,39,194.398928
52.905,39,194.414623
52.91,38,194.430518
52.905,39,194.447629
52.91,38,194.469936
52.91,38,194.485844
52.91,38,194.494509
52.91,38,194.510573
52.905,39,194.527413
52.91,38,194.543608
52.91,38,194.57426
52.91,38,194.589918
52.91,38,194.606651
52.91,38,194.621827
52.905,39,194.63772
52.91,38,194.658417
52.905,39,194.669358
52.91,38,194.843174
52.91,38,194.859244
52.91,38,194.875664
52.91,38,194.891157
52.91,38,194.907092
52.91,38,194.935276
52.91,38,194.93924
52.91,38,194.971156
52.91,38,194.987009
52.91,38,195.004841
52.91,38,195.018973
52.91,38,195.035084
52.91,38,195.050998
52.91,38,195.067155
52.91,38,195.085951
52.91,38,195.102499
52.91,38,195.116642
52.91,38,195.131731
52.905,39,195.159867
52.91,38,195.169498
52.91,38,195.185955
52.91,38,195.243582
52.905,39,195.286326
52.91,38,195.3238
52.91,38,195.355901
52.91,38,195.403477
52.91,38,195.45149
52.91,38,195.673152
52.91,38,195.688984
52.91,38,195.72122
52.905,39,195.737332
52.91,38,195.753506
52.91,38,195.777651
52.91,38,195.787198
52.91,38,195.801647
52.91,38,195.834845
52.91,38,195.849641
52.91,38,195.878517
52.91,38,195.896433
52.91,38,195.913456
52.91,38,195.928353
52.91,38,195.944445
52.91,38,195.960203
52.91,38,195.98067
52.91,38,195.992382
52.91,38,196.024017
52.91,38,196.071598
52.91,38,196.103971
52.905,39,196.136292
52.91,38,196.188108
52.91,38,196.233071
52.91,38,196.288485
52.91,38,196.329214
52.91,38,196.364622
52.91,38,196.693321
52.91,38,196.729739
52.91,38,196.761954
52.91,38,196.811545
52.91,38,196.841902
52.91,38,196.889625
52.91,38,196.937175
52.91,38,196.969268
52.91,38,197.017651
52.91,38,197.049555
52.91,38,197.09727
52.91,38,197.144394
52.91,38,197.192526
52.91,38,197.240379
52.91,38,197.290979
52.91,38,197.336494
52.91,38,197.368613
52.91,38,197.417134
52.91,38,197.456836
52.91,38,197.496789
52.91,38,197.544406
52.91,38,197.591639
52.91,38,197.630112
52.91,38,197.656507
52.91,38,197.703801
52.91,38,197.751802
52.91,38,197.792414
52.905,39,198.134438
52.91,38,198.182943
52.91,38,198.214828
52.9,40,198.26255
52.91,38,198.326233
52.905,39,198.374506
52.91,38,198.407754
52.905,39,198.43867
52.905,39,198.454816
52.91,38,198.470658
52.91,38,198.518705
52.91,38,198.551062
52.91,38,198.593363
52.905,39,198.63147
52.905,39,198.665563
52.91,38,198.711611
52.905,39,198.743876
52.91,38,198.793466
52.905,39,198.824754
52.91,38,198.872688
52.91,38,198.904548
52.905,39,198.93688
52.9,40,198.993891
52.895,41,199.032422
52.905,39,199.080256
52.895,41,199.128234
52.91,38,199.42499
52.91,38,199.444097
52.91,38,199.461724
52.91,38,199.480703
52.91,38,199.497768
52.91,38,199.510476
52.905,39,199.538312
52.91,38,199.557991
52.91,38,199.577723
52.91,38,199.594956
52.91,38,199.617093
52.91,38,199.63508
52.91,38,199.654129
52.91,38,199.671384
52.91,38,199.684073
52.91,38,199.708883
52.91,38,199.725787
52.91,38,199.74289
52.905,39,199.760484
52.91,38,199.777714
52.91,38,199.795439
52.91,38,199.814139
52.91,38,199.826448
52.9,40,199.854527
52.905,39,199.87254
52.91,38,199.890314
52.91,38,199.914207
52.91,38,200.240409
52.91,38,200.272237
52.905,39,200.320704
52.91,38,200.384191
52.91,38,200.431889
52.895,41,200.466552
52.91,38,200.489048
52.91,38,200.507177
52.905,39,200.528278
52.91,38,200.546256
52.91,38,200.572059
52.905,39,200.607776
52.91,38,200.639895
52.91,38,200.695734
52.91,38,200.721694
52.91,38,200.752092
52.91,38,200.785918
52.91,38,200.833419
52.905,39,200.879268
52.905,39,200.911067
52.905,39,200.974616
52.91,38,201.021849
52.91,38,201.06883
52.91,38,201.131588
52.91,38,201.198363
52.91,38,201.258362
52.905,39,201.64189
52.91,38,201.705606
52.91,38,201.752908
52.91,38,201.816302
52.91,38,201.879996
52.91,38,201.942626
52.895,41,202.00526
52.91,38,202.053256
52.91,38,202.116249
52.91,38,202.173024
52.91,38,202.213057
52.91,38,202.276719
52.91,38,202.35676
52.91,38,202.419882
52.91,38,202.483213
52.91,38,202.530707
52.91,38,202.594154
52.91,38,202.646161
52.91,38,202.691353
52.91,38,202.705062
52.91,38,202.752667
52.91,38,202.815868
52.9,40,202.879293
52.91,38,202.926898
52.91,38,203.001443
52.91,38,203.067156
52.91,38,203.117228
52.91,38,203.550553
52.91,38,203.614722
52.91,38,203.679241
52.905,39,203.743864
52.91,38,203.803046
52.91,38,203.855956
52.91,38,203.91877
52.91,38,203.950849
52.91,38,204.013838
52.91,38,204.077766
52.91,38,204.14176
52.91,38,204.189693
52.91,38,204.253348
52.91,38,204.316598
52.91,38,204.364814
52.91,38,204.412407
52.91,38,204.475817
52.91,38,204.538913
52.91,38,204.604286
52.91,38,204.667706
52.91,38,204.715934
52.91,38,204.77948
52.905,39,204.847916
52.91,38,204.908037
52.91,38,204.955451
52.91,38,205.025256
52.91,38,205.083662
52.905,39,205.451313
52.91,38,205.506474
52.91,38,205.563232
52.91,38,205.627013
52.91,38,205.674517
52.91,38,205.722563
52.91,38,205.770661
52.91,38,205.807194
52.91,38,205.8515
52.91,38,205.883825
52.91,38,205.934329
52.91,38,205.991671
52.91,38,206.041564
52.91,38,206.111109
52.91,38,206.155179
52.91,38,206.219136
52.91,38,206.267175
52.91,38,206.315182
52.91,38,206.363534
52.91,38,206.427729
52.91,38,206.491714
52.91,38,206.555401
52.91,38,206.619256
52.91,38,206.667162
52.91,38,206.731362
52.91,38,206.795391
52.91,38,206.843384
52.91,38,207.257552
52.91,38,207.311014
52.91,38,207.368763
52.91,38,207.432524
52.91,38,207.511606
52.91,38,207.566301
52.91,38,207.624121
52.91,38,207.687156
52.91,38,207.750772
52.91,38,207.814632
52.91,38,207.877446
52.91,38,207.955729
52.91,38,208.018802
52.91,38,208.066657
52.91,38,208.11408
52.91,38,208.17751
52.91,38,208.225771
52.91,38,208.273127
52.91,38,208.320096
52.91,38,208.389061
52.91,38,208.429953
52.91,38,208.477133
52.91,38,208.540624
52.91,38,208.604843
52.91,38,208.652377
52.91,38,208.684427
52.91,38,208.732101
52.91,38,209.113756
52.91,38,209.175944
52.91,38,209.239666
52.91,38,209.303567
52.91,38,209.367752
52.91,38,209.431937
52.91,38,209.47984
52.91,38,209.5438
52.91,38,209.614534
52.905,39,209.672045
52.91,38,209.73561
52.91,38,209.798924
52.91,38,209.86288
52.91,38,209.926927
52.91,38,209.974932
52.91,38,210.039077
52.91,38,210.071419
52.91,38,210.119274
52.91,38,210.151456
52.91,38,210.199796
52.91,38,210.247539
52.91,38,210.278854
52.91,38,210.315634
52.91,38,210.358598
52.91,38,210.390798
52.91,38,210.438764
52.91,38,210.470748
52.91,38,210.851674
52.91,38,210.883168
52.905,39,210.930775
52.905,39,210.963001
52.91,38,211.016219
52.91,38,211.043759
52.91,38,211.091826
52.91,38,211.139747
52.91,38,211.171544
52.91,38,211.219781
52.905,39,211.268099
52.91,38,211.300424
52.905,39,211.348424
52.91,38,211.380754
52.91,38,211.416936
52.905,39,211.461437
52.91,38,211.49334
52.905,39,211.541847
52.91,38,211.574099
52.91,38,211.621748
52.91,38,211.653915
52.91,38,211.702458
52.91,38,211.749942
52.91,38,211.78226
52.91,38,211.830762
52.91,38,211.862911
52.91,38,211.911007
52.91,38,212.248427
52.91,38,212.29636
52.91,38,212.344768
52.91,38,212.377212
52.905,39,212.425676
52.91,38,212.458067
52.905,39,212.506405
52.91,38,212.538749
52.91,38,212.602211
52.91,38,212.650408
52.91,38,212.682694
52.905,39,212.731281
52.91,38,212.779682
52.91,38,212.82809
52.91,38,212.860552
52.91,38,212.909094
52.91,38,212.941011
52.91,38,212.973303
52.91,38,213.021653
52.91,38,213.053904
52.91,38,213.102415
52.91,38,213.134737
52.91,38,213.183278
52.91,38,213.231734
52.905,39,213.264061
52.91,38,213.311416
52.91,38,213.343348
52.91,38,213.695857
52.91,38,213.743829
52.91,38,213.80783
52.9,40,213.856322
52.91,38,213.887882
52.905,39,213.935948
52.905,39,213.96797
52.91,38,214.015899
52.91,38,214.047904
52.91,38,214.095845
52.91,38,214.128075
52.91,38,214.176129
52.91,38,214.208003
52.91,38,214.255853
52.91,38,214.287792
52.91,38,214.33575
52.91,38,214.383517
52.91,38,214.421615
52.91,38,214.463531
52.91,38,214.495721
52.905,39,214.543321
52.91,38,214.575162
52.91,38,214.623169
52.91,38,214.686336
52.91,38,214.734462
52.91,38,214.766681
52.91,38,215.122322
52.91,38,215.165223
52.91,38,215.196602
52.91,38,215.244166
52.91,38,215.27617
52.91,38,215.324692
52.905,39,215.356609
52.91,38,215.388703
52.91,38,215.437198
52.91,38,215.475159
52.91,38,215.523332
52.91,38,215.548889
52.905,39,215.597365
52.91,38,215.629333
52.91,38,215.677043
52.905,39,215.70871
52.91,38,215.757129
52.91,38,215.789194
52.91,38,215.82367
52.91,38,215.885755
52.91,38,215.923779
52.91,38,215.949858
52.91,38,215.998353
52.905,39,216.046799
52.91,38,216.07917
52.91,38,216.126879
52.91,38,216.159002
52.91,38,216.478663
52.91,38,216.511511
52.91,38,216.556082
52.91,38,216.59591
52.91,38,216.636342
52.91,38,216.684486
52.905,39,216.748363
52.91,38,216.780681
52.91,38,216.828787
52.91,38,216.879101
52.905,39,216.925164
52.91,38,216.957362
52.905,39,217.009855
52.91,38,217.053954
52.91,38,217.085599
52.91,38,217.13338
52.91,38,217.165523
52.91,38,217.213536
52.91,38,217.245299
52.91,38,217.293311
52.91,38,217.357696
52.91,38,217.405836
52.91,38,217.438181
52.905,39,217.47052
52.91,38,217.526414
52.91,38,217.56668
52.91,38,217.598972
52.91,38,217.951866
52.91,38,218.000369
52.91,38,218.032441
52.905,39,218.080686
52.91,38,218.112314
52.91,38,218.160484
52.91,38,218.208498
52.91,38,218.256273
52.91,38,218.304162
52.91,38,218.352345
52.91,38,218.384667
52.91,38,218.432723
52.91,38,218.497362
52.91,38,218.561452
52.91,38,218.609604
52.91,38,218.673485
52.91,38,218.728439
52.91,38,218.783642
52.91,38,218.847729
52.91,38,218.889145
52.91,38,218.912396
52.91,38,218.94773
52.91,38,218.967538
52.91,38,218.991214
52.91,38,219.007337
52.91,38,219.045624
52.91,38,219.071184
52.91,38,219.45035
52.91,38,219.482675
52.91,38,219.530848
52.91,38,219.611391
52.91,38,219.674676
52.91,38,219.730118
52.91,38,219.786804
52.91,38,219.834402
52.91,38,219.882447
52.91,38,219.94583
52.91,38,220.00898
52.91,38,220.056641
52.91,38,220.119842
52.91,38,220.184129
52.91,38,220.240217
52.91,38,220.295502
52.91,38,220.364905
52.91,38,220.40688
52.91,38,220.47049
52.91,38,220.534337
52.91,38,220.582288
52.91,38,220.646221
52.91,38,220.693917
52.91,38,220.757362
52.91,38,220.80953
52.91,38,220.869495
52.91,38,220.93271
52.91,38,221.315958
52.91,38,221.364502
52.91,38,221.412802
52.91,38,221.4605
52.91,38,221.524551
52.91,38,221.572532
52.91,38,221.631916
52.91,38,221.666834
52.91,38,221.730233
52.91,38,221.775348
52.91,38,221.825603
52.905,39,221.872776
52.91,38,221.90454
52.91,38,221.936148
52.91,38,221.984629
52.905,39,222.049303
52.91,38,222.097793
52.91,38,222.134547
52.91,38,222.177979
52.91,38,222.225652
52.91,38,222.257603
52.91,38,222.305794
52.91,38,222.358669
52.91,38,222.418265
52.91,38,222.460517
52.91,38,222.498288
52.91,38,222.535535
52.91,38,222.780158
52.91,38,222.808823
52.91,38,222.864912
52.91,38,222.912419
52.91,38,222.960027
52.91,38,222.991957
52.91,38,223.039611
52.91,38,223.087164
52.91,38,223.11865
52.905,39,223.166502
52.91,38,223.200324
52.91,38,223.246202
52.91,38,223.278026
52.91,38,223.326134
52.91,38,223.358468
52.91,38,223.390214
52.91,38,223.437664
52.91,38,223.485839
52.91,38,223.51754
52.91,38,223.549773
52.91,38,223.597781
52.91,38,223.63754
52.91,38,223.678616
52.91,38,223.71046
52.91,38,223.789777
52.91,38,223.83761
52.91,38,223.869586
52.91,38,224.225266
52.91,38,224.269047
52.91,38,224.316938
52.905,39,224.365252
52.9,40,224.413144
52.91,38,224.445328
52.905,39,224.493275
52.91,38,224.541472
52.91,38,224.589588
52.91,38,224.621524
52.91,38,224.669841
52.91,38,224.701757
52.91,38,224.766062
52.905,39,224.798162
52.91,38,224.830247
52.91,38,224.870234
52.91,38,224.925408
52.91,38,224.973157
52.91,38,225.005324
52.91,38,225.052883
52.905,39,225.097041
52.91,38,225.140805
52.91,38,225.180137
52.91,38,225.240915
52.91,38,225.275754
52.91,38,225.307616
52.91,38,225.355714
52.91,38,225.768255
52.91,38,225.831739
52.91,38,225.941761
52.91,38,226.021165
52.91,38,226.084745
52.91,38,226.163927
52.91,38,226.242309
52.91,38,226.3372
52.91,38,226.409147
52.91,38,226.481359
52.91,38,226.5293
52.91,38,226.593169
52.91,38,226.673093
52.91,38,226.752417
52.91,38,226.827516
52.91,38,226.879735
52.91,38,226.975355
52.91,38,227.054181
52.91,38,227.101697
52.91,38,227.143802
52.91,38,227.170431
52.91,38,227.1971
52.91,38,227.246955
52.905,39,227.292471
52.91,38,227.32456
52.91,38,227.356901
52.91,38,227.744844
52.91,38,227.787002
52.91,38,227.835038
52.91,38,227.883334
52.91,38,227.915476
52.91,38,227.963362
52.91,38,227.99477
52.91,38,228.044867
52.91,38,228.075116
52.91,38,228.122716
52.91,38,228.154307
52.91,38,228.18662
52.91,38,228.244696
52.91,38,228.281214
52.91,38,228.312525
52.91,38,228.360031
52.91,38,228.408037
52.91,38,228.444785
52.91,38,228.487539
52.91,38,228.521606
52.91,38,228.55151
52.91,38,228.584737
52.91,38,228.60138
52.91,38,228.618895
52.91,38,228.637578
52.91,38,228.658545
52.91,38,228.679169
52.91,38,228.980139
52.91,38,229.015414
52.91,38,229.075626
52.91,38,229.122814
52.91,38,229.170473
52.91,38,229.2189
52.91,38,229.282158
52.91,38,229.362124
52.91,38,229.426076
52.91,38,229.480695
52.91,38,229.530673
52.91,38,229.552824
52.91,38,229.566874
52.91,38,229.584402
52.91,38,229.603336
52.91,38,229.618648
52.91,38,229.649913
52.91,38,229.697383
52.91,38,229.728932
52.91,38,229.760309
52.91,38,229.807996
52.91,38,229.844204
52.91,38,229.871896
52.91,38,229.91959
52.91,38,229.951483
52.91,38,229.999047
52.91,38,230.037502
52.91,38,230.42908
52.91,38,230.476996
52.905,39,230.524337
52.905,39,230.588296
52.905,39,230.648244
52.905,39,230.684265
52.91,38,230.732027
52.905,39,230.779589
52.89,42,230.827854
52.91,38,230.859458
52.91,38,230.910086
52.885,43,230.970744
52.91,38,231.034743
52.9,40,231.114591
52.9,40,231.162432
52.905,39,231.210166
52.91,38,231.241747
52.905,39,231.257253
52.9,40,231.304875
52.905,39,231.352668
52.905,39,231.400538
52.91,38,231.432429
52.895,41,231.480277
52.91,38,231.54416
52.9,40,231.607961
52.91,38,231.655736
52.905,39,231.720343
52.905,39,232.057808
52.905,39,232.105774
52.91,38,232.150077
52.91,38,232.185718
52.91,38,232.217716
52.905,39,232.265512
52.91,38,232.297281
52.91,38,232.349961
52.91,38,232.408954
52.91,38,232.456424
52.91,38,232.501415
52.9,40,232.520452
52.905,39,232.520452
52.91,38,232.536212
52.91,38,232.568353
52.9,40,232.600009
52.9,40,232.647648
52.91,38,232.679433
52.91,38,232.721931
52.91,38,232.742596
52.91,38,232.761813
52.905,39,232.787329
52.91,38,232.796437
52.91,38,232.83739
52.91,38,232.869041
52.91,38,232.900613
52.905,39,233.271494
52.91,38,233.313249
52.91,38,233.39352
52.9,40,233.445411
52.91,38,233.472097
52.905,39,233.520173
52.91,38,233.551626
52.91,38,233.597059
52.905,39,233.629856
52.91,38,233.659907
52.9,40,233.689807
52.91,38,233.72091
52.91,38,233.748903
52.905,39,233.782177
52.91,38,233.811953
52.91,38,233.841864
52.91,38,233.875474
52.91,38,233.93978
52.9,40,233.988083
52.91,38,234.04324
52.91,38,234.065883
52.905,39,234.079188
52.91,38,234.094934
52.9,40,234.120057
52.91,38,234.133015
52.91,38,234.148152
52.89,42,234.16712
52.91,38,234.656156
52.905,39,234.722981
52.91,38,234.779928
52.91,38,234.831428
52.91,38,234.876973
52.91,38,234.924525
52.91,38,234.975621
52.91,38,235.024119
52.91,38,235.069525
52.91,38,235.1168
52.91,38,235.153609
52.91,38,235.194947
52.91,38,235.245455
52.91,38,235.296204
52.9,40,235.329988
52.91,38,235.362853
52.91,38,235.392498
52.91,38,235.410206
52.91,38,235.422632
52.91,38,235.433748
52.91,38,235.470166
52.91,38,235.50496
52.91,38,235.538323
52.9,40,235.57428
52.91,38,235.607362
52.91,38,235.663127
52.905,39,236.034265
52.91,38,236.075999
52.91,38,236.120747
52.91,38,236.162822
52.91,38,236.206192
52.905,39,236.247617
52.905,39,236.289152
52.91,38,236.334009
52.905,39,236.371822
52.91,38,236.414045
52.91,38,236.452901
52.905,39,236.505903
52.905,39,236.549481
52.91,38,236.589017
52.91,38,236.62289
52.91,38,236.657218
52.905,39,236.695866
52.91,38,236.733209
52.905,39,236.781022
52.91,38,236.819387
52.91,38,236.857162
52.91,38,236.897781
52.91,38,236.938004
52.91,38,236.984433
52.91,38,237.023533
52.91,38,237.062877
52.91,38,237.102847
52.91,38,237.520375
52.91,38,237.571727
52.91,38,237.616789
52.91,38,237.660417
52.91,38,237.698776
52.91,38,237.74061
52.905,39,237.784085
52.91,38,237.823088
52.91,38,237.860352
52.91,38,237.896971
52.91,38,237.93616
52.91,38,237.978797
52.91,38,238.023821
52.91,38,238.063707
52.91,38,238.112862
52.91,38,238.161701
52.91,38,238.203877
52.91,38,238.247161
52.905,39,238.289132
52.9,40,238.332232
52.91,38,238.374279
52.91,38,238.410368
52.91,38,238.446266
52.905,39,238.47937
52.91,38,238.526881
52.905,39,238.584389
52.91,38,238.632993
52.91,38,238.986369
52.91,38,239.028105
52.91,38,239.067792
52.91,38,239.106065
52.91,38,239.14406
52.91,38,239.185153
52.91,38,239.223843
52.91,38,239.261676
52.91,38,239.313408
52.91,38,239.366737
52.91,38,239.413459
52.91,38,239.451903
52.91,38,239.491946
52.91,38,239.529907
52.905,39,239.569692
52.91,38,239.609442
52.91,38,239.655881
52.91,38,239.692469
52.91,38,239.729866
52.91,38,239.768505
52.91,38,239.80598
52.91,38,239.843536
52.91,38,239.880691
52.91,38,239.918094
52.91,38,239.956199
52.91,38,240.000566
52.905,39,240.044367
52.91,38,240.389853
52.91,38,240.430259
52.91,38,240.469414
52.91,38,240.507417
52.91,38,240.545522
52.9,40,240.585775
52.91,38,240.633748
52.905,39,240.681839
52.91,38,240.722522
52.905,39,240.76266
52.91,38,240.80135
52.91,38,240.839274
52.91,38,240.876825
52.91,38,240.914509
52.91,38,240.958081
52.91,38,241.00724
52.91,38,241.051491
52.91,38,241.091615
52.91,38,241.132033
52.91,38,241.169242
52.91,38,241.208315
52.91,38,241.247542
52.91,38,241.285817
52.91,38,241.325681
52.91,38,241.376112
52.91,38,241.424332
52.91,38,241.476237
52.905,39,241.962227
52.905,39,242.00614
52.905,39,242.05516
52.905,39,242.094541
52.91,38,242.132803
52.91,38,242.170668
52.91,38,242.208536
52.91,38,242.250297
52.905,39,242.289431
52.91,38,242.329968
52.91,38,242.374137
52.91,38,242.415434
52.91,38,242.454054
52.91,38,242.523228
52.91,38,242.562917
52.91,38,242.602024
52.91,38,242.646983
52.91,38,242.685867
52.91,38,242.729104
52.91,38,242.798056
52.91,38,242.836287
52.91,38,242.875089
52.91,38,242.913671
52.91,38,242.950839
52.91,38,242.992947
52.91,38,243.033211
52.91,38,243.07793
52.91,38,243.453507
52.91,38,243.498305
52.91,38,243.523932
52.91,38,243.546534
52.91,38,243.56486
52.91,38,243.583702
52.91,38,243.609296
52.91,38,243.629849
52.91,38,243.651797
52.91,38,243.674015
52.905,39,243.695664
52.91,38,243.713313
52.91,38,243.733052
52.91,38,243.755979
52.91,38,243.773782
52.91,38,243.807171
52.91,38,243.857189
52.91,38,243.896469
52.91,38,243.934621
52.905,39,243.975804
52.91,38,244.018123
52.91,38,244.057322
52.91,38,244.099366
52.9,40,244.142462
52.91,38,244.180867
52.91,38,244.219156
52.905,39,244.581941
52.91,38,244.624899
52.91,38,244.669789
52.91,38,244.710797
52.905,39,244.771384
52.91,38,244.829126
52.91,38,244.940763
52.91,38,245.011167
52.91,38,245.06379
52.91,38,245.110707
52.91,38,245.150728
52.91,38,245.191866
52.91,38,245.231227
52.91,38,245.272563
52.91,38,245.315626
52.91,38,245.356101
52.91,38,245.407252
52.91,38,245.48096
52.91,38,245.532081
52.91,38,245.572723
52.91,38,245.609218
52.91,38,245.647395
52.91,38,245.690565
52.91,38,245.729006
52.91,38,245.773888
52.91,38,245.81536
52.91,38,245.859107
52.91,38,246.230783
52.91,38,246.26934
52.91,38,246.310163
52.91,38,246.348424
52.91,38,246.38786
52.91,38,246.428187
52.91,38,246.469698
52.91,38,246.507183
52.91,38,246.545462
52.91,38,246.583823
52.91,38,246.619985
52.91,38,246.657104
52.91,38,246.697524
52.91,38,246.734833
52.91,38,246.779784
52.91,38,246.820272
52.91,38,246.856981
52.91,38,246.890408
52.91,38,246.940772
52.91,38,246.973855
52.91,38,247.041583
52.91,38,247.07954
52.91,38,247.133
52.91,38,247.174798
52.91,38,247.213577
52.905,39,247.253821
52.91,38,247.291889
52.91,38,247.705814
52.91,38,247.734843
52.91,38,247.765847
52.91,38,247.800769
52.91,38,247.832871
52.91,38,247.867614
52.91,38,247.90811
52.91,38,247.944344
52.91,38,247.982796
52.91,38,248.023805
52.91,38,248.072579
52.91,38,248.117106
52.91,38,248.159171
52.91,38,248.19654
52.91,38,248.233788
52.91,38,248.27162
52.91,38,248.311418
52.91,38,248.349479
52.91,38,248.389312
52.91,38,248.436682
52.91,38,248.474889
52.91,38,248.512174
52.91,38,248.550441
52.91,38,248.589129
52.91,38,248.625556
52.91,38,248.663075
52.91,38,248.700423
52.91,38,249.02766
52.91,38,249.070669
52.91,38,249.121325
52.91,38,249.164176
52.91,38,249.203075
52.905,39,249.242429
52.91,38,249.280751
52.91,38,249.327859
52.91,38,249.36818
52.91,38,249.413857
52.905,39,249.454264
52.91,38,249.49271
52.91,38,249.530084
52.91,38,249.569397
52.895,41,249.630822
52.91,38,249.68193
52.905,39,249.724996
52.91,38,249.763666
52.91,38,249.788114
52.91,38,249.833563
52.91,38,249.903088
52.91,38,249.943894
52.91,38,249.984242
52.91,38,250.024951
52.905,39,250.065635
52.91,38,250.10646
52.905,39,250.159539
52.91,38,250.51015
52.91,38,250.549498
52.905,39,250.587615
52.91,38,250.627613
52.91,38,250.666137
52.91,38,250.70711
52.905,39,250.745706
52.91,38,250.783613
52.905,39,250.828622
52.91,38,250.868042
52.91,38,250.905823
52.91,38,250.946546
52.91,38,250.984742
52.91,38,251.024109
52.91,38,251.061968
52.905,39,251.100921
52.91,38,251.139574
52.91,38,251.187817
52.91,38,251.234016
52.91,38,251.284338
52.91,38,251.344886
52.91,38,251.40466
52.905,39,251.454499
52.91,38,251.494462
52.91,38,251.536768
52.91,38,251.579284
52.91,38,251.620233
52.91,38,251.992514
52.91,38,252.030754
52.91,38,252.069172
52.91,38,252.110993
52.91,38,252.148396
52.91,38,252.185225
52.91,38,252.239184
52.91,38,252.281023
52.91,38,252.323188
52.91,38,252.363473
52.91,38,252.403015
52.91,38,252.448822
52.91,38,252.487188
52.91,38,252.51833
52.91,38,252.542739
52.91,38,252.597886
52.91,38,252.640546
52.91,38,252.683858
52.91,38,252.7267
52.91,38,252.76724
52.91,38,252.807156
52.91,38,252.844382
52.91,38,252.882811
52.91,38,252.922668
52.91,38,252.985555
52.91,38,253.032279
52.91,38,253.07247
52.91,38,253.446312
52.91,38,253.485193
52.91,38,253.522751
52.91,38,253.562685
52.91,38,253.60061
52.91,38,253.639689
52.91,38,253.676914
52.91,38,253.716422
52.91,38,253.766902
52.91,38,253.817276
52.905,39,253.858101
52.91,38,253.894296
52.91,38,253.935839
52.91,38,253.978012
52.9,40,254.021091
52.905,39,254.056742
52.91,38,254.095699
52.91,38,254.135724
52.91,38,254.173688
52.91,38,254.209109
52.91,38,254.24952
52.91,38,254.289532
52.91,38,254.35836
52.91,38,254.405867
52.91,38,254.451507
52.91,38,254.489196
52.91,38,254.526715
52.91,38,254.85586
52.91,38,254.894459
52.91,38,254.932809
52.91,38,254.971157
52.91,38,255.007136
52.91,38,255.045436
52.91,38,255.082238
52.91,38,255.12466
52.91,38,255.162091
52.91,38,255.199504
52.91,38,255.237752
52.91,38,255.279341
52.91,38,255.31723
52.905,39,255.357052
52.91,38,255.409616
52.91,38,255.452791
52.91,38,255.493763
52.91,38,255.53092
52.91,38,255.567218
52.91,38,255.617391
52.91,38,255.655943
52.91,38,255.693395
52.91,38,255.730781
52.91,38,255.768041
52.91,38,255.816583
52.91,38,255.862224
52.91,38,256.197873
52.91,38,256.238223
52.91,38,256.278632
52.91,38,256.322476
52.91,38,256.366031
52.91,38,256.405841
52.91,38,256.473675
52.91,38,256.517118
52.91,38,256.556174
52.91,38,256.594892
52.91,38,256.632675
52.91,38,256.669176
52.91,38,256.711054
52.91,38,256.750499
52.91,38,256.78711
52.91,38,256.826643
52.91,38,256.866081
52.91,38,256.902508
52.91,38,256.94148
52.91,38,256.977581
52.91,38,257.017079
52.91,38,257.070854
52.91,38,257.145226
52.91,38,257.219943
52.91,38,257.277427
52.91,38,257.331871
52.91,38,257.37807
52.91,38,257.783824
52.91,38,257.823884
52.91,38,257.87505
52.91,38,257.918118
52.91,38,257.957123
52.91,38,257.996451
52.91,38,258.033787
52.91,38,258.072576
52.91,38,258.114047
52.905,39,258.157116
52.905,39,258.195423
52.91,38,258.232779
52.91,38,258.268095
52.91,38,258.307258
52.91,38,258.34742
52.91,38,258.392183
52.91,38,258.431937
52.91,38,258.472761
52.91,38,258.520359
52.91,38,258.593445
52.91,38,258.632621
52.91,38,258.669905
52.91,38,258.707067
52.91,38,258.744167
52.91,38,258.7833
52.91,38,258.823774
52.91,38,258.862298
52.91,38,259.186102
52.91,38,259.223738
52.91,38,259.261026
52.91,38,259.299829
52.91,38,259.340545
52.91,38,259.384302
52.91,38,259.425745
52.91,38,259.473649
52.91,38,259.511863
52.91,38,259.549688
52.91,38,259.59368
52.91,38,259.636837
52.91,38,259.678773
52.91,38,259.716071
52.91,38,259.753398
52.91,38,259.790341
52.91,38,259.834617
52.91,38,259.890491
52.91,38,259.949692
52.91,38,259.992675
52.91,38,260.030805
52.91,38,260.068072
52.91,38,260.10695
52.91,38,260.147376
52.91,38,260.186257
52.91,38,260.223834
52.91,38,260.260042
52.91,38,260.595448
52.905,39,260.645037
52.91,38,260.687194
52.91,38,260.729036
52.91,38,260.767386
52.91,38,260.808068
52.91,38,260.848265
52.91,38,260.885071
52.91,38,260.924765
52.91,38,260.962141
52.91,38,261.000403
52.91,38,261.037556
52.905,39,261.076766
52.91,38,261.115027
52.91,38,261.15337
52.91,38,261.195463
52.91,38,261.23379
52.91,38,261.272462
52.91,38,261.311346
52.91,38,261.350698
52.905,39,261.391473
52.91,38,261.435099
52.91,38,261.476596
52.91,38,261.515948
52.91,38,261.554649
52.91,38,261.594416
52.91,38,261.633679
52.91,38,262.011871
52.91,38,262.057559
52.91,38,262.098821
52.91,38,262.14142
52.91,38,262.186176
52.91,38,262.22375
52.91,38,262.262062
52.91,38,262.299891
52.905,39,262.340886
52.91,38,262.379301
52.91,38,262.41922
52.91,38,262.460562
52.91,38,262.506962
52.91,38,262.548923
52.91,38,262.586117
52.91,38,262.645609
52.91,38,262.695342
52.91,38,262.742405
52.91,38,262.780739
52.91,38,262.819258
52.91,38,262.857576
52.91,38,262.894848
52.91,38,262.933212
52.91,38,262.970576
52.91,38,263.014402
52.91,38,263.056146
52.91,38,263.099877
52.91,38,263.474951
52.91,38,263.52433
52.91,38,263.568483
52.91,38,263.608413
52.91,38,263.647525
52.91,38,263.687862
52.91,38,263.747668
52.91,38,263.790598
52.91,38,263.828719
52.91,38,263.866066
52.91,38,263.903322
52.91,38,263.941216
52.91,38,263.9797
52.91,38,264.030696
52.91,38,264.082966
52.91,38,264.124681
52.905,39,264.172153
52.91,38,264.214057
52.91,38,264.252267
52.91,38,264.289736
52.91,38,264.328332
52.91,38,264.370582
52.91,38,264.411307
52.91,38,264.458122
52.91,38,264.504545
52.91,38,264.542302
52.91,38,264.59559
52.91,38,265.013241
52.91,38,265.058592
52.91,38,265.099903
52.91,38,265.139177
52.91,38,265.181052
52.905,39,265.223078
52.91,38,265.259437
52.91,38,265.299253
52.91,38,265.338228
52.91,38,265.375228
52.91,38,265.417996
52.91,38,265.45608
52.91,38,265.500919
52.91,38,265.541329
52.91,38,265.581753
52.91,38,265.619144
52.91,38,265.65792
52.91,38,265.694932
52.91,38,265.732696
52.91,38,265.772403
52.91,38,265.820117
52.91,38,265.863139
52.91,38,265.903077
52.91,38,265.943405
52.91,38,265.982737
52.91,38,266.021114
52.91,38,266.073797
52.91,38,266.424718
52.91,38,266.462368
52.91,38,266.504063
52.91,38,266.547493
52.91,38,266.596793
52.91,38,266.639658
52.91,38,266.679281
52.91,38,266.717572
52.91,38,266.758302
52.905,39,266.815754
52.91,38,266.876241
52.91,38,266.935281
52.91,38,266.984203
52.91,38,267.024094
52.91,38,267.064198
52.91,38,267.119623
52.91,38,267.168653
52.91,38,267.213256
52.91,38,267.25154
52.91,38,267.289546
52.91,38,267.32723
52.91,38,267.364239
52.91,38,267.421532
52.91,38,267.478211
52.91,38,267.539593
52.91,38,267.603938
52.91,38,267.66907
52.91,38,268.074252
52.91,38,268.134322
52.9,40,268.198162
52.91,38,268.258834
52.91,38,268.320963
52.895,41,268.385639
52.91,38,268.444952
52.9,40,268.503688
52.91,38,268.564028
52.91,38,268.619515
52.905,39,268.681686
52.91,38,268.744113
52.91,38,268.802795
52.91,38,268.861744
52.9,40,268.922982
52.91,38,268.992176
52.905,39,269.05614
52.91,38,269.11799
52.905,39,269.185747
52.91,38,269.250045
52.905,39,269.314978
52.91,38,269.376443
52.905,39,269.438397
52.91,38,269.501096
52.905,39,269.56398
52.91,38,269.630393
52.91,38,270.030077
52.9,40,270.072901
52.91,38,270.129553
52.905,39,270.192464
52.91,38,270.248057
52.91,38,270.289162
52.91,38,270.307186
52.91,38,270.324957
52.91,38,270.342678
52.91,38,270.360268
52.91,38,270.377963
52.905,39,270.395683
52.91,38,270.41427
52.91,38,270.432167
52.905,39,270.4487
52.91,38,270.463309
52.91,38,270.49203
52.91,38,270.533001
52.91,38,270.577428
52.905,39,270.627255
52.91,38,270.666552
52.9,40,270.706301
52.91,38,270.745761
52.905,39,270.785233
52.905,39,270.831417
52.91,38,270.87278
52.91,38,270.911234
52.91,38,271.29311
52.91,38,271.333415
52.91,38,271.371755
52.91,38,271.412512
52.91,38,271.451798
52.91,38,271.489639
52.91,38,271.528274
52.91,38,271.572643
52.91,38,271.607197
52.905,39,271.630125
52.91,38,271.667345
52.905,39,271.707346
52.9,40,271.748836
52.905,39,271.79196
52.905,39,271.831981
52.91,38,271.870395
52.905,39,271.909653
52.91,38,271.95094
52.91,38,271.992832
52.905,39,272.038155
52.91,38,272.088415
52.91,38,272.128
52.91,38,272.166464
52.91,38,272.216777
52.91,38,272.269361
52.91,38,272.314362
52.905,39,272.354578
52.905,39,272.690505
52.91,38,272.739752
52.91,38,272.787321
52.91,38,272.831219
52.91,38,272.870517
52.91,38,272.909218
52.91,38,272.947677
52.91,38,272.987247
52.91,38,273.026037
52.91,38,273.068331
52.91,38,273.119742
52.91,38,273.165615
52.91,38,273.207541
52.91,38,273.246825
52.91,38,273.290645
52.91,38,273.330115
52.91,38,273.368598
52.91,38,273.406482
52.91,38,273.44785
52.91,38,273.486999
52.91,38,273.524035
52.91,38,273.565588
52.91,38,273.605937
52.91,38,273.647533
52.91,38,273.685844
52.91,38,273.724654
52.91,38,273.76516
52.905,39,274.092838
52.91,38,274.142428
52.91,38,274.186985
52.91,38,274.22584
52.91,38,274.28613
52.91,38,274.33491
52.91,38,274.375928
52.91,38,274.414258
52.91,38,274.455834
52.91,38,274.500682
52.905,39,274.540608
52.91,38,274.581713
52.91,38,274.621153
52.91,38,274.661117
52.91,38,274.699489
52.91,38,274.738221
52.91,38,274.777222
52.91,38,274.81665
52.91,38,274.860422
52.91,38,274.899044
52.91,38,274.938234
52.91,38,274.974675
52.91,38,275.013662
52.91,38,275.050812
52.91,38,275.090926
52.91,38,275.13031
52.91,38,275.181303
52.91,38,275.527736
52.91,38,275.56621
52.91,38,275.607921
52.905,39,275.645621
52.91,38,275.686835
52.91,38,275.726227
52.91,38,275.764355
52.91,38,275.803001
52.91,38,275.843713
52.91,38,275.884138
52.91,38,275.922776
52.91,38,275.959499
52.91,38,275.998648
52.91,38,276.038156
52.91,38,276.079227
52.91,38,276.117347
52.91,38,276.153906
52.91,38,276.221316
52.91,38,276.267522
52.91,38,276.314849
52.91,38,276.389637
52.91,38,276.434021
52.91,38,276.478966
52.91,38,276.51684
52.91,38,276.555877
52.91,38,276.596536
52.91,38,276.928218
52.91,38,276.96735
52.91,38,277.005769
52.91,38,277.045913
52.91,38,277.083123
52.91,38,277.120343
52.91,38,277.157318
52.91,38,277.195625
52.91,38,277.234221
52.91,38,277.283289
52.91,38,277.333299
52.91,38,277.37713
52.91,38,277.415799
52.91,38,277.454754
52.91,38,277.492707
52.91,38,277.530274
52.91,38,277.56851
52.91,38,277.61054
52.91,38,277.650006
52.91,38,277.690538
52.91,38,277.755737
52.91,38,277.802543
52.91,38,277.84053
52.91,38,277.878827
52.91,38,277.915683
52.91,38,277.953486
52.91,38,277.993494
52.91,38,278.333299
52.91,38,278.375199
52.91,38,278.425965
52.91,38,278.482796
52.91,38,278.525756
52.91,38,278.564364
52.91,38,278.606237
52.905,39,278.644479
52.91,38,278.682813
52.91,38,278.724951
52.91,38,278.763312
52.91,38,278.800611
52.91,38,278.83783
52.91,38,278.884685
52.91,38,278.923815
52.91,38,278.962125
52.91,38,278.99848
52.91,38,279.035768
52.91,38,279.075783
52.91,38,279.114728
52.91,38,279.15363
52.91,38,279.19334
52.905,39,279.232481
52.91,38,279.271076
52.91,38,279.311305
52.91,38,279.356224
52.91,38,279.403122
52.91,38,279.91438
52.91,38,279.956122
52.91,38,279.994867
52.91,38,280.09308
52.91,38,280.145785
52.91,38,280.1851
52.91,38,280.226924
52.91,38,280.264266
52.91,38,280.304537
52.91,38,280.346703
52.91,38,280.388791
52.91,38,280.439313
52.91,38,280.500523
52.91,38,280.549602
52.905,39,280.591317
52.91,38,280.631889
52.91,38,280.669029
52.91,38,280.706985
52.91,38,280.744587
52.91,38,280.786101
52.91,38,280.827253
52.91,38,280.870609
52.91,38,280.945968
52.91,38,280.98965
52.91,38,281.030176
52.91,38,281.068578
52.91,38,281.109637
52.91,38,281.594416
52.91,38,281.658788
52.91,38,281.727961
52.91,38,281.79347
52.91,38,281.853666
52.91,38,281.894428
52.91,38,281.930714
52.91,38,281.969127
52.91,38,282.00593
52.91,38,282.04431
52.91,38,282.082827
52.91,38,282.122781
52.91,38,282.161147
52.91,38,282.202484
52.91,38,282.248073
52.905,39,282.290518
52.91,38,282.33682
52.91,38,282.374775
52.91,38,282.412222
52.91,38,282.448416
52.91,38,282.502582
52.91,38,282.563413
52.91,38,282.638592
52.91,38,282.714316
52.91,38,282.78986
52.91,38,282.844891
52.905,39,282.888124
52.91,38,283.223843
52.91,38,283.262278
52.91,38,283.301466
52.91,38,283.345481
52.91,38,283.383006
52.91,38,283.420485
52.91,38,283.461143
52.91,38,283.50287
52.91,38,283.554539
52.91,38,283.613395
52.91,38,283.681143
52.91,38,283.753812
52.91,38,283.79562
52.91,38,283.833842
52.91,38,283.872203
52.91,38,283.90916
52.91,38,283.948586
52.91,38,283.992549
52.91,38,284.073957
52.91,38,284.129761
52.91,38,284.191786
52.91,38,284.268427
52.91,38,284.331592
52.91,38,284.394735
52.91,38,284.450964
52.91,38,284.497969
52.91,38,284.556464
52.91,38,284.940372
52.91,38,284.978812
52.91,38,285.017182
52.91,38,285.055433
52.91,38,285.09551
52.91,38,285.132013
52.91,38,285.171072
52.91,38,285.210217
52.91,38,285.259357
52.91,38,285.302328
52.91,38,285.343431
52.91,38,285.380594
52.91,38,285.417972
52.91,38,285.463048
52.91,38,285.526169
52.91,38,285.566244
52.91,38,285.641582
52.91,38,285.707718
52.91,38,285.762558
52.91,38,285.805959
52.91,38,285.845489
52.91,38,285.887749
52.91,38,285.927265
52.91,38,285.968069
52.91,38,286.010118
52.91,38,286.052839
52.91,38,286.09044
52.91,38,286.432633
52.91,38,286.471609
52.91,38,286.513674
52.91,38,286.557482
52.91,38,286.605837
52.91,38,286.669782
52.91,38,286.728828
52.91,38,286.769567
52.91,38,286.808276
52.91,38,286.851833
52.91,38,286.895015
52.91,38,286.935956
52.91,38,286.974399
52.91,38,287.011579
52.91,38,287.04985
52.91,38,287.089374
52.91,38,287.127227
52.905,39,287.166174
52.91,38,287.205416
52.91,38,287.243441
52.905,39,287.281821
52.91,38,287.319129
52.91,38,287.359573
52.91,38,287.401995
52.91,38,287.441923
52.905,39,287.483061
52.91,38,287.519434
52.91,38,287.89789
52.91,38,287.935659
52.91,38,287.975178
52.91,38,288.012458
52.91,38,288.050864
52.905,39,288.089421
52.91,38,288.127251
52.905,39,288.167271
52.91,38,288.205733
52.91,38,288.244846
52.91,38,288.282954
52.91,38,288.321619
52.91,38,288.363535
52.91,38,288.400832
52.91,38,288.437907
52.91,38,288.475913
52.91,38,288.533528
52.91,38,288.582878
52.905,39,288.633325
52.91,38,288.692517
52.91,38,288.757633
52.91,38,288.790735
52.91,38,288.819614
52.91,38,288.837905
52.91,38,288.854839
52.905,39,288.885986
52.91,38,288.928158
52.91,38,289.26352
52.91,38,289.307044
52.905,39,289.348411
52.91,38,289.390432
52.91,38,289.432015
52.91,38,289.482314
52.91,38,289.531245
52.905,39,289.58335
52.905,39,289.6348
52.91,38,289.688447
52.91,38,289.741876
52.91,38,289.781029
52.91,38,289.857406
52.91,38,289.901681
52.91,38,289.94061
52.91,38,289.980781
52.91,38,290.018108
52.91,38,290.055397
52.91,38,290.092319
52.91,38,290.130766
52.91,38,290.167044
52.905,39,290.205058
52.91,38,290.241452
52.91,38,290.28113
52.91,38,290.321608
52.905,39,290.363473
52.91,38,290.404842
52.91,38,290.772624
52.91,38,290.814639
52.91,38,290.861369
52.91,38,290.923123
52.905,39,290.981969
52.91,38,291.030287
52.91,38,291.081268
52.905,39,291.133208
52.91,38,291.183285
52.905,39,291.234232
52.91,38,291.283272
52.91,38,291.328954
52.905,39,291.372743
52.91,38,291.420415
52.91,38,291.47066
52.91,38,291.514612
52.91,38,291.564717
52.91,38,291.613587
52.91,38,291.654817
52.91,38,291.697819
52.91,38,291.752955
52.905,39,291.806373
52.905,39,291.856222
52.91,38,291.904295
52.91,38,291.962547
52.91,38,292.015651
52.91,38,292.374004
52.91,38,292.417282
52.91,38,292.456012
52.91,38,292.497728
52.91,38,292.540846
52.91,38,292.580889
52.91,38,292.623008
52.91,38,292.672907
52.91,38,292.723693
52.91,38,292.781299
52.91,38,292.831434
52.91,38,292.885247
52.905,39,292.934623
52.91,38,292.990971
52.91,38,293.037259
52.91,38,293.077167
52.91,38,293.124209
52.91,38,293.170741
52.91,38,293.218879
52.91,38,293.273215
52.91,38,293.330477
52.91,38,293.373639
52.91,38,293.417238
52.91,38,293.478515
52.91,38,293.528093
52.91,38,293.585537
52.91,38,293.656047
52.91,38,294.199834
52.91,38,294.264679
52.91,38,294.327029
52.91,38,294.392005
52.91,38,294.459758
52.91,38,294.528543
52.91,38,294.584995
52.91,38,294.656233
52.91,38,294.729013
52.91,38,294.794952
52.91,38,294.858285
52.91,38,294.92816
52.91,38,294.983007
52.91,38,295.033908
52.91,38,295.07986
52.91,38,295.122894
52.91,38,295.186081
52.91,38,295.246584
52.91,38,295.314208
52.91,38,295.3747
52.91,38,295.415199
52.91,38,295.503692
52.91,38,295.578048
52.91,38,295.624892
52.91,38,295.66305
52.91,38,295.701462
52.91,38,295.766292
52.91,38,296.285438
52.91,38,296.36214
52.91,38,296.431485
52.91,38,296.503881
52.91,38,296.577206
52.91,38,296.653076
52.91,38,296.721312
52.91,38,296.810958
52.91,38,296.867561
52.91,38,296.908278
52.91,38,296.937998
52.91,38,296.967371
52.91,38,297.047635
52.905,39,297.12738
52.91,38,297.206707
52.91,38,297.27667
52.905,39,297.346216
52.91,38,297.40627
52.91,38,297.469818
52.91,38,297.566987
52.91,38,297.645213
52.905,39,297.729855
52.9,40,297.802341
52.91,38,297.857238
52.91,38,297.93345
52.91,38,297.979249
52.91,38,298.017559
52.91,38,298.449728
52.91,38,298.490792
52.91,38,298.531979
52.91,38,298.572836
52.91,38,298.612602
52.91,38,298.651397
52.91,38,298.688943
52.91,38,298.730762
52.91,38,298.774978
52.91,38,298.821602
52.91,38,298.875709
52.91,38,298.945131
52.91,38,299.005984
52.91,38,299.071968
52.91,38,299.145413
52.91,38,299.210985
52.91,38,299.290473
52.91,38,299.354181
52.91,38,299.408013
52.91,38,299.482301
52.91,38,299.535839
52.91,38,299.595091
52.91,38,299.644053
52.91,38,299.688265
52.91,38,299.730118
52.91,38,299.787448
52.91,38,299.851506
52.905,39,300.209698
52.91,38,300.250122
52.895,41,300.298587
52.905,39,300.356424
52.9,40,300.402904
52.91,38,300.446995
52.91,38,300.48719
52.91,38,300.5273
52.905,39,300.568321
52.9,40,300.615616
52.91,38,300.662429
52.91,38,300.703736
52.91,38,300.74189
52.9,40,300.78681
52.91,38,300.827094
52.905,39,300.912258
52.91,38,300.967396
52.9,40,301.014519
52.905,39,301.053617
52.905,39,301.093499
52.91,38,301.131911
52.905,39,301.17003
52.905,39,301.208431
52.91,38,301.246941
52.91,38,301.301984
52.905,39,301.341515
52.91,38,301.717517
52.91,38,301.758669
52.91,38,301.797578
52.91,38,301.834157
52.91,38,301.880197
52.91,38,301.919498
52.91,38,301.958446
52.91,38,301.995938
52.91,38,302.034024
52.91,38,302.082349
52.91,38,302.121584
52.91,38,302.158544
52.91,38,302.196792
52.89,42,302.240895
52.905,39,302.280211
52.91,38,302.318657
52.91,38,302.35624
52.91,38,302.406384
52.91,38,302.451116
52.91,38,302.496018
52.91,38,302.53302
52.905,39,302.573016
52.91,38,302.614386
52.905,39,302.665241
52.91,38,302.706359
52.91,38,302.7461
52.9,40,302.789693
52.905,39,303.186671
52.91,38,303.225619
52.905,39,303.265042
52.91,38,303.302813
52.91,38,303.341432
52.91,38,303.379658
52.91,38,303.416944
52.91,38,303.482817
52.905,39,303.528702
52.91,38,303.566684
52.905,39,303.605644
52.905,39,303.644355
52.905,39,303.68366
52.905,39,303.721686
52.895,41,303.765523
52.91,38,303.804286
52.91,38,303.842267
52.905,39,303.882462
52.91,38,303.923602
52.91,38,303.96198
52.89,42,304.006933
52.91,38,304.044249
52.91,38,304.082508
52.91,38,304.118951
52.91,38,304.156899
52.91,38,304.19427
52.905,39,304.233603
52.91,38,304.619946
52.91,38,304.659919
52.91,38,304.699227
52.91,38,304.736593
52.91,38,304.77764
52.91,38,304.81697
52.905,39,304.856951
52.91,38,304.901319
52.91,38,304.943235
52.91,38,304.981563
52.91,38,305.042477
52.91,38,305.093441
52.91,38,305.131503
52.91,38,305.170488
52.91,38,305.207897
52.91,38,305.24424
52.91,38,305.28465
52.91,38,305.325559
52.91,38,305.363959
52.905,39,305.403347
52.91,38,305.442241
52.91,38,305.481085
52.91,38,305.52353
52.91,38,305.578809
52.905,39,305.620979
52.905,39,305.660937
52.91,38,306.047796
52.91,38,306.089228
52.905,39,306.128187
52.91,38,306.166455
52.91,38,306.204294
52.91,38,306.242192
52.9,40,306.281596
52.91,38,306.321182
52.905,39,306.359514
52.905,39,306.397741
52.905,39,306.436558
52.91,38,306.473647
52.91,38,306.514984
52.91,38,306.553261
52.91,38,306.600192
52.905,39,306.668562
52.91,38,306.707893
52.91,38,306.75738
52.91,38,306.822635
52.91,38,306.841499
52.905,39,306.858444
52.895,41,306.878126
52.91,38,306.894928
52.905,39,306.91347
52.9,40,306.93548
52.91,38,306.951596
52.91,38,306.972303
52.91,38,307.309011
52.91,38,307.348238
52.91,38,307.38569
52.91,38,307.423641
52.91,38,307.459912
52.91,38,307.498239
52.91,38,307.542259
52.91,38,307.58146
52.91,38,307.618911
52.91,38,307.663832
52.91,38,307.730613
52.905,39,307.770321
52.91,38,307.816859
52.91,38,307.856967
52.905,39,307.895119
52.91,38,307.946343
52.905,39,308.003375
52.91,38,308.044237
52.91,38,308.08345
52.91,38,308.122312
52.91,38,308.160101
52.91,38,308.198206
52.91,38,308.235497
52.91,38,308.273605
52.91,38,308.312456
52.91,38,308.350642
52.91,38,308.388343
52.91,38,308.740836
52.91,38,308.785022
52.905,39,308.829138
52.91,38,308.870113
52.91,38,308.911345
52.905,39,308.950567
52.91,38,308.990723
52.91,38,309.030941
52.91,38,309.069242
52.91,38,309.10743
52.91,38,309.165065
52.91,38,309.211062
52.905,39,309.252436
52.91,38,309.291617
52.91,38,309.330068
52.91,38,309.368454
52.91,38,309.408336
52.91,38,309.449498
52.91,38,309.489379
52.91,38,309.527979
52.91,38,309.573228
52.905,39,309.61621
52.91,38,309.664458
52.91,38,309.70611
52.91,38,309.747451
52.91,38,309.775823
52.91,38,309.822449
52.91,38,310.164212
52.91,38,310.202973
52.91,38,310.258757
52.91,38,310.328821
52.91,38,310.381876
52.91,38,310.427564
52.91,38,310.465866
52.91,38,310.504194
52.91,38,310.544229
52.91,38,310.582521
52.91,38,310.6237
52.91,38,310.660984
52.91,38,310.699357
52.91,38,310.740332
52.905,39,310.77946
52.91,38,310.829754
52.91,38,310.870052
52.91,38,310.91484
52.905,39,310.957938
52.91,38,311.002268
52.91,38,311.044261
52.91,38,311.083927
52.905,39,311.132719
52.91,38,311.191362
52.91,38,311.249318
52.91,38,311.291109
52.91,38,311.330867
52.91,38,311.712053
52.91,38,311.75249
52.91,38,311.792723
52.91,38,311.838028
52.91,38,311.891782
52.91,38,311.93078
52.91,38,311.969539
52.91,38,312.01121
52.91,38,312.058347
52.91,38,312.102707
52.91,38,312.124023
52.91,38,312.146397
52.91,38,312.164153
52.91,38,312.181896
52.91,38,312.199458
52.91,38,312.218962
52.91,38,312.240101
52.91,38,312.25901
52.91,38,312.275032
52.91,38,312.290649
52.91,38,312.30799
52.91,38,312.330399
52.91,38,312.3503
52.91,38,312.367868
52.91,38,312.40555
52.91,38,312.44543
52.91,38,312.483603
52.91,38,312.816335
52.91,38,312.858371
52.905,39,312.932338
52.905,39,313.024967
52.91,38,313.075028
52.91,38,313.118438
52.91,38,313.157272
52.91,38,313.195668
52.91,38,313.234597
52.91,38,313.280913
52.91,38,313.367104
52.905,39,313.409943
52.905,39,313.450224
52.91,38,313.488575
52.91,38,313.526597
52.91,38,313.56791
52.91,38,313.605707
52.91,38,313.644708
52.91,38,313.683718
52.91,38,313.7228
52.91,38,313.760132
52.91,38,313.797431
52.91,38,313.841416
52.91,38,313.882651
52.91,38,313.922638
52.91,38,313.960022
52.905,39,314.332579
52.91,38,314.372329
52.91,38,314.410881
52.91,38,314.44722
52.91,38,314.485427
52.91,38,314.524619
52.91,38,314.56497
52.91,38,314.606948
52.91,38,314.655137
52.91,38,314.698593
52.91,38,314.740676
52.905,39,314.779617
52.91,38,314.817045
52.91,38,314.857311
52.91,38,314.895486
52.905,39,314.934862
52.91,38,314.973988
52.91,38,315.01324
52.91,38,315.055397
52.91,38,315.103747
52.91,38,315.145546
52.91,38,315.184668
52.91,38,315.223941
52.91,38,315.261233
52.91,38,315.302217
52.91,38,315.377306
52.91,38,315.426666
52.91,38,315.763971
52.91,38,315.802313
52.91,38,315.845498
52.91,38,315.885637
52.91,38,315.928804
52.91,38,315.971433
52.905,39,316.014309
52.91,38,316.05729
52.91,38,316.106049
52.91,38,316.150679
52.91,38,316.190454
52.91,38,316.228931
52.91,38,316.266171
52.91,38,316.30707
52.905,39,316.348361
52.91,38,316.388195
52.91,38,316.426196
52.91,38,316.46294
52.905,39,316.502077
52.91,38,316.538974
52.91,38,316.578629
52.91,38,316.616929
52.91,38,316.654123
52.91,38,316.693322
52.91,38,316.732619
52.91,38,316.77088
52.91,38,316.806557
52.91,38,317.154871
52.91,38,317.201881
52.91,38,317.243834
52.9,40,317.284655
52.91,38,317.324969
52.91,38,317.365179
52.91,38,317.405956
52.91,38,317.445446
52.91,38,317.485732
52.91,38,317.538924
52.91,38,317.587285
52.91,38,317.627557
52.91,38,317.664869
52.91,38,317.70544
52.91,38,317.743388
52.91,38,317.781656
52.905,39,317.820378
52.91,38,317.866163
52.91,38,317.907509
52.91,38,317.940591
52.91,38,317.96808
52.91,38,318.010047
52.91,38,318.061525
52.905,39,318.107258
52.91,38,318.150345
52.91,38,318.204145
52.91,38,318.248578
52.91,38,318.598823
52.91,38,318.640512
52.91,38,318.681009
52.91,38,318.722673
52.91,38,318.764441
52.91,38,318.806016
52.91,38,318.847326
52.91,38,318.892144
52.91,38,318.955649
52.91,38,319.003342
52.91,38,319.065124
52.91,38,319.12397
52.91,38,319.192453
52.91,38,319.258047
52.91,38,319.316181
52.91,38,319.376768
52.91,38,319.429417
52.91,38,319.489666
52.905,39,319.532502
52.91,38,319.58888
52.91,38,319.651582
52.91,38,319.712091
52.91,38,319.774912
52.91,38,319.835836
52.91,38,319.867251
52.91,38,319.926069
52.91,38,319.994985
52.91,38,320.408241
52.91,38,320.466279
52.91,38,320.52984
52.91,38,320.593653
52.91,38,320.631791
52.91,38,320.690453
52.91,38,320.750507
52.91,38,320.808225
52.91,38,320.877004
52.91,38,320.937871
52.91,38,320.992218
52.91,38,321.043435
52.91,38,321.102586
52.91,38,321.158129
52.91,38,321.211191
52.91,38,321.269304
52.91,38,321.33516
52.91,38,321.396656
52.91,38,321.452614
52.91,38,321.509137
52.91,38,321.561115
52.91,38,321.615794
52.91,38,321.710814
52.91,38,321.808749
52.91,38,321.874379
52.91,38,321.939842
52.91,38,322.00499
52.895,41,322.481389
52.91,38,322.545987
52.91,38,322.608262
52.91,38,322.669202
52.91,38,322.736105
52.895,41,322.811409
52.91,38,322.878122
52.91,38,322.940725
52.91,38,322.999671
52.905,39,323.0732
52.91,38,323.140806
52.9,40,323.209765
52.91,38,323.283155
52.905,39,323.348817
52.91,38,323.409986
52.905,39,323.46353
52.9,40,323.53211
52.91,38,323.597815
52.91,38,323.659067
52.91,38,323.719184
52.895,41,323.791201
52.91,38,323.844371
52.91,38,323.911449
52.91,38,323.973023
52.91,38,324.005088
52.91,38,324.038887
52.905,39,324.477059
52.905,39,324.574693
52.91,38,324.637947
52.91,38,324.706243
52.905,39,324.772437
52.91,38,324.836641
52.91,38,324.899063
52.91,38,324.962438
52.91,38,325.029086
52.9,40,325.097253
52.91,38,325.158549
52.91,38,325.231228
52.91,38,325.299395
52.91,38,325.337861
52.91,38,325.383036
52.91,38,325.432231
52.91,38,325.498775
52.91,38,325.567799
52.895,41,325.638943
52.905,39,325.697858
52.91,38,325.764458
52.91,38,325.831104
52.91,38,325.897331
52.91,38,325.964261
52.91,38,326.024984
52.91,38,326.067142
52.91,38,326.132812
52.91,38,326.66569
52.91,38,326.703812
52.91,38,326.744255
52.91,38,326.785525
52.91,38,326.834824
52.91,38,326.892484
52.905,39,326.942967
52.91,38,326.998801
52.91,38,327.050168
52.91,38,327.094052
52.905,39,327.138369
52.91,38,327.199938
52.905,39,327.255665
52.91,38,327.317073
52.91,38,327.380873
52.905,39,327.438894
52.91,38,327.490309
52.91,38,327.554421
52.9,40,327.620046
52.91,38,327.676953
52.91,38,327.711412
52.91,38,327.776954
52.91,38,327.832793
52.91,38,327.856965
52.91,38,327.88658
52.91,38,327.928549
52.91,38,328.027807
52.905,39,328.418923
52.91,38,328.455626
52.91,38,328.494323
52.91,38,328.539233
52.91,38,328.599682
52.91,38,328.653378
52.91,38,328.698348
52.91,38,328.738951
52.905,39,328.778505
52.91,38,328.817961
52.91,38,328.856999
52.91,38,328.895226
52.91,38,328.93351
52.9,40,328.976573
52.91,38,329.015903
52.91,38,329.054072
52.91,38,329.09245
52.91,38,329.130734
52.91,38,329.168023
52.91,38,329.205809
52.91,38,329.243307
52.91,38,329.281446
52.91,38,329.319927
52.91,38,329.362988
52.905,39,329.402245
52.91,38,329.442246
52.905,39,329.484546
52.91,38,329.897175
52.91,38,329.936636
52.91,38,329.974564
52.91,38,330.01174
52.91,38,330.049574
52.91,38,330.087765
52.91,38,330.124953
52.91,38,330.162297
52.91,38,330.199331
52.91,38,330.236846
52.91,38,330.274963
52.91,38,330.315054
52.91,38,330.356171
52.91,38,330.398552
52.91,38,330.437868
52.91,38,330.475774
52.91,38,330.513077
52.91,38,330.551378
52.9,40,330.592294
52.91,38,330.631648
52.91,38,330.674167
52.91,38,330.722389
52.91,38,330.765074
52.91,38,330.809973
52.91,38,330.85019
52.91,38,330.887513
52.91,38,330.928766
52.91,38,331.268301
52.91,38,331.309154
52.905,39,331.35052
52.91,38,331.391704
52.91,38,331.430922
52.91,38,331.468447
52.91,38,331.507353
52.91,38,331.543073
52.91,38,331.567226
52.905,39,331.584933
52.91,38,331.599498
52.91,38,331.631783
52.91,38,331.672652
52.91,38,331.722805
52.91,38,331.767332
52.91,38,331.819783
52.91,38,331.874782
52.91,38,331.911471
52.91,38,331.947556
52.91,38,331.99474
52.91,38,332.036905
52.91,38,332.07593
52.91,38,332.116259
52.91,38,332.155467
52.91,38,332.192646
52.91,38,332.231989
52.91,38,332.572371
52.91,38,332.610879
52.91,38,332.65564
52.91,38,332.69723
52.91,38,332.738589
52.91,38,332.786688
52.91,38,332.834512
52.9,40,332.881926
52.91,38,332.91098
52.91,38,332.925476
52.91,38,332.941007
52.91,38,332.955007
52.91,38,332.997698
52.91,38,333.035872
52.91,38,333.074897
52.91,38,333.114229
52.91,38,333.181926
52.905,39,333.223807
52.91,38,333.264155
52.91,38,333.307281
52.91,38,333.347685
52.91,38,333.384909
52.91,38,333.427637
52.91,38,333.467867
52.91,38,333.506852
52.91,38,333.544283
52.91,38,333.581503
52.91,38,333.982694
52.91,38,334.02389
52.91,38,334.062349
52.91,38,334.100594
52.91,38,334.140396
52.91,38,334.177925
52.91,38,334.218086
52.91,38,334.255643
52.91,38,334.296804
52.91,38,334.335954
52.91,38,334.374825
52.91,38,334.413769
52.91,38,334.455467
52.91,38,334.493567
52.91,38,334.530886
52.91,38,334.569265
52.91,38,334.608337
52.91,38,334.64625
52.91,38,334.685493
52.91,38,334.724441
52.91,38,334.76189
52.91,38,334.802114
52.91,38,334.875991
52.91,38,334.923483
52.91,38,334.963896
52.91,38,335.007845
52.91,38,335.046209
52.91,38,335.376591
52.91,38,335.415947
52.91,38,335.460166
52.91,38,335.500694
52.91,38,335.537657
52.91,38,335.576598
52.91,38,335.615383
52.91,38,335.652284
52.91,38,335.691177
52.91,38,335.732561
52.905,39,335.771826
52.91,38,335.807851
52.91,38,335.855297
52.91,38,335.954661
52.91,38,336.008992
52.905,39,336.061512
52.91,38,336.101827
52.91,38,336.142344
52.91,38,336.180927
52.91,38,336.219762
52.91,38,336.257278
52.91,38,336.295332
52.91,38,336.333972
52.91,38,336.37272
52.91,38,336.410118
52.91,38,336.45032
52.91,38,336.498589
52.91,38,336.865867
52.91,38,336.907115
52.91,38,336.963437
52.91,38,337.022316
52.91,38,337.085002
52.91,38,337.128843
52.91,38,337.167243
52.91,38,337.205515
52.91,38,337.242688
52.91,38,337.280879
52.91,38,337.319818
52.91,38,337.362298
52.91,38,337.418984
52.91,38,337.475101
52.91,38,337.539123
52.91,38,337.604929
52.91,38,337.663395
52.91,38,337.724135
52.91,38,337.780839
52.91,38,337.837019
52.91,38,337.891557
52.91,38,337.94946
52.91,38,338.007493
52.91,38,338.069225
52.91,38,338.133148
52.91,38,338.183979
52.91,38,338.243659
52.91,38,338.60611
52.91,38,338.644353
52.91,38,338.683573
52.91,38,338.719402
52.91,38,338.759884
52.91,38,338.798272
52.91,38,338.835941
52.91,38,338.877513
52.91,38,338.917521
52.91,38,338.956945
52.91,38,338.993176
52.91,38,339.045599
52.91,38,339.111437
52.91,38,339.17262
52.91,38,339.229907
52.91,38,339.288255
52.91,38,339.348038
52.91,38,339.404857
52.91,38,339.464638
52.91,38,339.531408
52.91,38,339.598108
52.91,38,339.665009
52.91,38,339.733337
52.91,38,339.791567
52.91,38,339.854674
52.91,38,339.903551
52.91,38,339.94753
52.91,38,340.348644
52.91,38,340.387873
52.91,38,340.438048
52.91,38,340.502837
52.91,38,340.568697
52.91,38,340.635206
52.91,38,340.690186
52.91,38,340.756049
52.91,38,340.81541
52.91,38,340.873852
52.91,38,340.939411
52.91,38,341.003225
52.91,38,341.070596
52.91,38,341.131024
52.91,38,341.173919
52.91,38,341.213151
52.91,38,341.252656
52.91,38,341.290586
52.91,38,341.329635
52.91,38,341.369201
52.91,38,341.407148
52.91,38,341.44651
52.91,38,341.486895
52.91,38,341.524755
52.91,38,341.563115
52.91,38,341.611281
52.91,38,341.652639
52.91,38,342.002716
52.91,38,342.044643
52.91,38,342.087707
52.91,38,342.142195
52.91,38,342.192456
52.91,38,342.233453
52.91,38,342.271848
52.91,38,342.310861
52.91,38,342.348136
52.91,38,342.388833
52.905,39,342.427505
52.91,38,342.464675
52.91,38,342.501169
52.91,38,342.538836
52.91,38,342.575641
52.91,38,342.620483
52.91,38,342.681056
52.91,38,342.731874
52.91,38,342.806427
52.91,38,342.869163
52.91,38,342.922874
52.91,38,342.966326
52.91,38,343.004483
52.91,38,343.042372
52.91,38,343.081763
52.91,38,343.121415
52.91,38,343.178104
52.91,38,343.544407
52.91,38,343.583857
52.91,38,343.631067
52.91,38,343.672588
52.91,38,343.713257
52.91,38,343.751481
52.91,38,343.794103
52.91,38,343.834028
52.91,38,343.873457
52.91,38,343.913109
52.91,38,343.952193
52.91,38,343.990139
52.91,38,344.027036
52.91,38,344.072214
52.91,38,344.111859
52.91,38,344.175496
52.91,38,344.263792
52.91,38,344.317791
52.91,38,344.356817
52.91,38,344.39316
52.91,38,344.44433
52.91,38,344.485508
52.91,38,344.52397
52.91,38,344.561746
52.91,38,344.601153
52.91,38,344.643466
52.91,38,344.68557
52.91,38,345.023476
52.91,38,345.064916
52.91,38,345.103139
52.91,38,345.140094
52.91,38,345.181196
52.91,38,345.247611
52.91,38,345.320903
52.91,38,345.400089
52.91,38,345.476507
52.91,38,345.52456
52.91,38,345.564228
52.91,38,345.6115
52.91,38,345.654376
52.91,38,345.700907
52.91,38,345.740566
52.91,38,345.78398
52.91,38,345.822241
52.91,38,345.858772
52.91,38,345.895119
52.91,38,345.936627
52.91,38,345.979494
52.91,38,346.023521
52.91,38,346.065847
52.91,38,346.105191
52.91,38,346.142022
52.91,38,346.182416
52.91,38,346.224638
52.91,38,346.640157
52.91,38,346.680715
52.91,38,346.721246
52.91,38,346.759009
52.91,38,346.801489
52.91,38,346.840098
52.91,38,346.876307
52.91,38,346.912595
52.91,38,346.955201
52.91,38,346.99213
52.91,38,347.030002
52.91,38,347.069794
52.91,38,347.112814
52.91,38,347.152038
52.91,38,347.19006
52.91,38,347.22801
52.91,38,347.266016
52.91,38,347.308308
52.91,38,347.351625
52.91,38,347.391435
52.91,38,347.464182
52.91,38,347.50574
52.905,39,347.545603
52.91,38,347.583948
52.91,38,347.625138
52.91,38,347.663251
52.91,38,347.705366
52.91,38,348.050537
52.91,38,348.09255
52.91,38,348.131417
52.91,38,348.169367
52.91,38,348.207224
52.91,38,348.273847
52.91,38,348.322409
52.91,38,348.365729
52.91,38,348.424627
52.91,38,348.470807
52.91,38,348.522203
52.91,38,348.561971
52.91,38,348.600924
52.91,38,348.638851
52.91,38,348.675457
52.91,38,348.715911
52.91,38,348.756601
52.91,38,348.794093
52.91,38,348.836097
52.91,38,348.874437
52.91,38,348.913789
52.91,38,348.956724
52.91,38,348.995165
52.91,38,349.032764
52.91,38,349.070868
52.91,38,349.110905
52.91,38,349.14919
52.91,38,349.528075
52.91,38,349.59369
52.91,38,349.636724
52.91,38,349.677924
52.91,38,349.722607
52.91,38,349.772086
52.91,38,349.813399
52.91,38,349.852404
52.91,38,349.890066
52.91,38,349.929467
52.91,38,349.970841
52.91,38,350.011806
52.91,38,350.05125
52.91,38,350.093104
52.91,38,350.130578
52.91,38,350.171335
52.91,38,350.228536
52.91,38,350.289079
52.91,38,350.342973
52.91,38,350.387
52.91,38,350.41222
52.91,38,350.432258
52.91,38,350.450529
52.91,38,350.467943
52.91,38,350.490093
52.91,38,350.530114
52.91,38,350.608999
52.91,38,350.955121
52.91,38,350.996097
52.91,38,351.039125
52.91,38,351.082563
52.91,38,351.124748
52.905,39,351.166832
52.905,39,351.206635
52.91,38,351.244117
52.91,38,351.285447
52.91,38,351.331693
52.91,38,351.371176
52.91,38,351.411055
52.91,38,351.44964
52.91,38,351.489292
52.91,38,351.528863
52.91,38,351.566015
52.91,38,351.62954
52.91,38,351.678001
52.91,38,351.719394
52.91,38,351.761351
52.91,38,351.802374
52.91,38,351.845638
52.91,38,351.883008
52.91,38,351.921986
52.91,38,351.965009
52.91,38,352.006887
52.91,38,352.045091
52.91,38,352.381886
52.91,38,352.42033
52.91,38,352.457887
52.91,38,352.498596
52.91,38,352.542199
52.905,39,352.606215
52.91,38,352.662377
52.91,38,352.726046
52.91,38,352.775822
52.91,38,352.820244
52.91,38,352.865334
52.91,38,352.90363
52.91,38,352.948649
52.91,38,352.988879
52.91,38,353.032608
52.91,38,353.071812
52.91,38,353.112902
52.91,38,353.152225
52.91,38,353.190136
52.91,38,353.228444
52.91,38,353.265705
52.91,38,353.334613
52.91,38,353.374652
52.91,38,353.415859
52.91,38,353.453082
52.91,38,353.491128
52.905,39,353.86473
52.91,38,353.902015
52.91,38,353.940152
52.91,38,353.979544
52.91,38,354.02539
52.91,38,354.066792
52.905,39,354.107081
52.91,38,354.151007
52.91,38,354.190115
52.91,38,354.226417
52.905,39,354.265781
52.91,38,354.303919
52.91,38,354.345201
52.91,38,354.38843
52.91,38,354.427007
52.91,38,354.464802
52.91,38,354.507723
52.905,39,354.550148
52.91,38,354.60872
52.91,38,354.677511
52.905,39,354.726277
52.91,38,354.806865
52.91,38,354.848152
52.91,38,354.896188
52.91,38,354.934
52.91,38,354.971799
52.91,38,355.011703
52.91,38,355.363744
52.91,38,355.401119
52.91,38,355.442082
52.91,38,355.501454
52.91,38,355.546507
52.9,40,355.617397
52.91,38,355.673856
52.91,38,355.7153
52.91,38,355.755392
52.905,39,355.793409
52.91,38,355.848701
52.91,38,355.897622
52.91,38,355.937632
52.91,38,355.981485
52.91,38,356.034991
52.91,38,356.076394
52.91,38,356.116951
52.91,38,356.15677
52.91,38,356.195131
52.905,39,356.233947
52.91,38,356.273362
52.91,38,356.312062
52.91,38,356.351598
52.91,38,356.389271
52.91,38,356.428602
52.91,38,356.468864
52.91,38,356.50781
52.905,39,356.896485
52.91,38,356.939487
52.91,38,356.984722
52.91,38,357.026614
52.91,38,357.064895
52.91,38,357.111165
52.91,38,357.17322
52.91,38,357.24069
52.91,38,357.285081
52.91,38,357.328729
52.91,38,357.368888
52.91,38,357.408805
52.91,38,357.44725
52.905,39,357.473797
52.91,38,357.496169
52.91,38,357.515818
52.91,38,357.535832
52.91,38,357.553041
52.91,38,357.595242
52.91,38,357.632509
52.91,38,357.672212
52.91,38,357.709767
52.91,38,357.748122
52.91,38,357.78556
52.91,38,357.824526
52.91,38,357.866096
52.91,38,357.905934
52.91,38,358.265816
52.91,38,358.305531
52.91,38,358.360989
52.91,38,358.4013
52.91,38,358.43901
52.91,38,358.479454
52.91,38,358.517875
52.91,38,358.555506
52.91,38,358.594037
52.905,39,358.633464
52.91,38,358.670788
52.91,38,358.707778
52.91,38,358.752965
52.91,38,358.803368
52.9,40,358.849124
52.91,38,358.890903
52.91,38,358.93044
52.905,39,358.979991
52.91,38,359.023412
52.91,38,359.062831
52.91,38,359.100971
52.91,38,359.139132
52.905,39,359.184262
52.91,38,359.223543
52.91,38,359.260822
52.91,38,359.300218
52.91,38,359.337582
52.91,38,359.673543
52.905,39,359.712915
52.91,38,359.753746
52.91,38,359.795226
52.91,38,359.834909
52.91,38,359.872418
52.91,38,359.918091
52.91,38,359.95804
52.91,38,360.013988
52.91,38,360.056849
52.91,38,360.09662
52.91,38,360.134886
52.91,38,360.174275
52.91,38,360.222815
52.91,38,360.26126
52.91,38,360.302518
52.91,38,360.343111
52.91,38,360.383518
52.91,38,360.425556
52.91,38,360.47074
52.91,38,360.515984
52.91,38,360.561882
52.91,38,360.606962
52.91,38,360.653609
52.91,38,360.697425
52.91,38,360.738837
52.91,38,360.775463
52.91,38,361.210803
52.91,38,361.24971
52.91,38,361.288431
52.91,38,361.330416
52.91,38,361.367649
52.91,38,361.404186
52.91,38,361.441965
52.91,38,361.482457
52.91,38,361.518763
52.91,38,361.558746
52.91,38,361.598096
52.91,38,361.63551
52.91,38,361.672872
52.91,38,361.709735
52.91,38,361.746527
52.91,38,361.782454
52.91,38,361.819627
52.91,38,361.86067
52.91,38,361.89808
52.91,38,361.938756
52.91,38,361.976328
52.91,38,362.016665
52.91,38,362.056803
52.91,38,362.112206
52.91,38,362.153309
52.905,39,362.1981
52.91,38,362.23761
52.91,38,362.573558
52.91,38,362.612359
52.91,38,362.650295
52.91,38,362.689112
52.91,38,362.726698
52.91,38,362.764173
52.91,38,362.802603
52.91,38,362.866969
52.91,38,362.917683
52.91,38,362.96089
52.91,38,363.003078
52.91,38,363.04207
52.91,38,363.082712
52.91,38,363.134956
52.91,38,363.184667
52.91,38,363.226946
52.91,38,363.265224
52.91,38,363.30457
52.91,38,363.345379
52.91,38,363.412349
52.91,38,363.453425
52.91,38,363.492575
52.91,38,363.532053
52.91,38,363.572749
52.91,38,363.611255
52.91,38,363.648055
52.905,39,363.690278
52.91,38,364.032015
52.905,39,364.072476
52.91,38,364.113754
52.905,39,364.168886
52.91,38,364.212734
52.91,38,364.250625
52.91,38,364.288876
52.91,38,364.328448
52.91,38,364.366776
52.91,38,364.403056
52.91,38,364.438802
52.905,39,364.476181
52.91,38,364.51256
52.91,38,364.549598
52.91,38,364.589112
52.91,38,364.626426
52.91,38,364.662705
52.91,38,364.698686
52.91,38,364.735522
52.91,38,364.775449
52.91,38,364.817771
52.91,38,364.855494
52.91,38,364.89404
52.91,38,364.962764
52.91,38,365.007932
52.91,38,365.047061
52.91,38,365.409205
52.91,38,365.449327
52.91,38,365.48767
52.91,38,365.525084
52.91,38,365.565092
52.91,38,365.605798
52.91,38,365.64457
52.91,38,365.6827
52.91,38,365.722438
52.91,38,365.759342
52.91,38,365.797506
52.91,38,365.835657
52.91,38,365.873797
52.91,38,365.913241
52.91,38,365.957118
52.91,38,365.998361
52.91,38,366.041717
52.91,38,366.084657
52.91,38,366.122025
52.91,38,366.164709
52.91,38,366.208118
52.91,38,366.264816
52.91,38,366.30992
52.91,38,366.348068
52.91,38,366.386358
52.91,38,366.424361
52.905,39,366.462695
52.91,38,366.784164
52.91,38,366.823162
52.91,38,366.861778
52.91,38,366.899292
52.91,38,366.937438
52.91,38,366.97919
52.91,38,367.021679
52.91,38,367.077819
52.91,38,367.127063
52.91,38,367.160496
52.91,38,367.2001
52.91,38,367.243241
52.91,38,367.299984
52.91,38,367.355764
52.91,38,367.39505
52.91,38,367.433365
52.91,38,367.471811
52.91,38,367.50873
52.91,38,367.546905
52.91,38,367.585392
52.91,38,367.629892
52.905,39,367.670191
52.91,38,367.709923
52.91,38,367.749177
52.91,38,367.788899
52.91,38,367.826532
52.91,38,367.865295
52.91,38,368.220036
52.91,38,368.260932
52.91,38,368.301396
52.91,38,368.343272
52.91,38,368.39825
52.91,38,368.447307
52.91,38,368.488698
52.905,39,368.530307
52.91,38,368.569754
52.91,38,368.610932
52.91,38,368.65064
52.91,38,368.688762
52.91,38,368.728197
52.91,38,368.76662
52.91,38,368.80671
52.91,38,368.845031
52.91,38,368.885342
52.91,38,368.9233
52.91,38,368.962641
52.91,38,369.00287
52.91,38,369.042037
52.91,38,369.095036
52.91,38,369.143385
52.91,38,369.184671
52.91,38,369.233752
52.91,38,369.27455
52.91,38,369.319036
52.91,38,369.695956
52.91,38,369.736301
52.91,38,369.773168
52.91,38,369.810683
52.91,38,369.851329
52.91,38,369.889183
52.91,38,369.920522
52.91,38,369.949367
52.91,38,369.984627
52.91,38,370.014361
52.91,38,370.043572
52.91,38,370.087009
52.91,38,370.131793
52.91,38,370.166468
52.91,38,370.189451
52.905,39,370.245126
52.91,38,370.291271
52.91,38,370.329395
52.91,38,370.366674
52.91,38,370.405457
52.91,38,370.449848
52.91,38,370.508627
52.91,38,370.543784
52.91,38,370.57536
52.91,38,370.603873
52.91,38,370.634157
52.91,38,370.701874
52.91,38,371.069677
52.91,38,371.098809
52.91,38,371.136343
52.91,38,371.182897
52.91,38,371.235681
52.91,38,371.282387
52.91,38,371.326515
52.91,38,371.356689
52.91,38,371.387252
52.91,38,371.418666
52.91,38,371.459757
52.91,38,371.524243
52.91,38,371.586025
52.91,38,371.627877
52.91,38,371.668146
52.91,38,371.711164
52.91,38,371.750392
52.91,38,371.789444
52.91,38,371.828053
52.91,38,371.866136
52.91,38,371.904421
52.91,38,371.941571
52.91,38,371.980605
52.91,38,372.022726
52.91,38,372.06113
52.91,38,372.099186
52.91,38,372.141068
52.91,38,372.528621
52.91,38,372.572591
52.91,38,372.628699
52.905,39,372.690428
52.91,38,372.736561
52.905,39,372.779617
52.91,38,372.83296
52.91,38,372.885844
52.91,38,372.920274
52.91,38,372.991435
52.91,38,373.05641
52.91,38,373.117143
52.91,38,373.176441
52.91,38,373.234284
52.905,39,373.294772
52.91,38,373.349702
52.91,38,373.403842
52.91,38,373.457735
52.91,38,373.514173
52.91,38,373.574826
52.91,38,373.636062
52.905,39,373.704755
52.91,38,373.761495
52.91,38,373.81689
52.91,38,373.863181
52.91,38,373.920542
52.91,38,373.968192
52.91,38,374.319598
52.91,38,374.357158
52.91,38,374.394043
52.91,38,374.429228
52.91,38,374.46673
52.91,38,374.5044
52.91,38,374.542128
52.905,39,374.582372
52.91,38,374.620721
52.91,38,374.663503
52.91,38,374.718343
52.91,38,374.776961
52.91,38,374.832451
52.91,38,374.883465
52.91,38,374.939671
52.91,38,375.000272
52.91,38,375.062109
52.91,38,375.124079
52.91,38,375.183477
52.905,39,375.240294
52.91,38,375.293844
52.91,38,375.353829
52.905,39,375.412366
52.91,38,375.469228
52.905,39,375.525971
52.91,38,375.584916
52.91,38,375.650512
52.91,38,376.041132
52.91,38,376.093606
52.905,39,376.150455
52.91,38,376.204716
52.91,38,376.246403
52.9,40,376.295699
52.91,38,376.335789
52.91,38,376.375792
52.91,38,376.414303
52.91,38,376.452579
52.91,38,376.490131
52.91,38,376.532166
52.91,38,376.574377
52.91,38,376.614735
52.91,38,376.653083
52.91,38,376.690022
52.91,38,376.736385
52.91,38,376.783925
52.91,38,376.827512
52.91,38,376.867915
52.91,38,376.906775
52.91,38,376.944996
52.905,39,376.985306
52.91,38,377.02948
52.91,38,377.071713
52.91,38,377.11086
52.905,39,377.150933
52.91,38,377.559957
52.91,38,377.60433
52.91,38,377.641999
52.91,38,377.68144
52.91,38,377.719723
52.91,38,377.764128
52.91,38,377.811088
52.905,39,377.851379
52.91,38,377.892534
52.91,38,377.94715
52.91,38,377.991244
52.91,38,378.032329
52.91,38,378.07845
52.91,38,378.124409
52.91,38,378.167506
52.91,38,378.208763
52.91,38,378.249081
52.905,39,378.294403
52.91,38,378.336916
52.905,39,378.377254
52.91,38,378.415464
52.905,39,378.454942
52.91,38,378.500837
52.91,38,378.546593
52.91,38,378.588896
52.91,38,378.632876
52.91,38,379.001509
52.91,38,379.045355
52.91,38,379.085389
52.91,38,379.123887
52.91,38,379.163095
52.905,39,379.207859
52.91,38,379.24838
52.91,38,379.29806
52.91,38,379.346984
52.91,38,379.392303
52.905,39,379.434461
52.905,39,379.476443
52.91,38,379.515635
52.91,38,379.555788
52.905,39,379.594087
52.91,38,379.633258
52.91,38,379.674302
52.91,38,379.712715
52.905,39,379.753897
52.91,38,379.793081
52.91,38,379.836322
52.91,38,379.882356
52.91,38,379.923183
52.91,38,379.962728
52.91,38,380.002052
52.91,38,380.040075
52.91,38,380.086449
52.91,38,380.438711
52.91,38,380.480651
52.91,38,380.521991
52.91,38,380.560843
52.91,38,380.604168
52.91,38,380.646541
52.91,38,380.694177
52.91,38,380.736235
52.91,38,380.774247
52.91,38,380.814995
52.905,39,380.85778
52.91,38,380.906886
52.91,38,380.952027
52.91,38,380.993842
52.91,38,381.035306
52.91,38,381.078446
52.91,38,381.118628
52.91,38,381.158699
52.91,38,381.201154
52.91,38,381.238652
52.91,38,381.27827
52.91,38,381.318531
52.91,38,381.377016
52.905,39,381.436996
52.91,38,381.483062
52.91,38,381.514907
52.91,38,381.532532
52.91,38,381.869865
52.91,38,381.909888
52.91,38,381.967485
52.91,38,382.012819
52.91,38,382.054163
52.91,38,382.103815
52.91,38,382.165585
52.91,38,382.210871
52.91,38,382.255505
52.91,38,382.297019
52.91,38,382.340206
52.91,38,382.384734
52.91,38,382.427578
52.91,38,382.467257
52.91,38,382.50563
52.91,38,382.54337
52.91,38,382.589066
52.905,39,382.63077
52.91,38,382.670609
52.91,38,382.713116
52.91,38,382.753448
52.91,38,382.792211
52.91,38,382.82857
52.91,38,382.871552
52.91,38,382.910935
52.91,38,382.950141
52.91,38,382.996947
52.91,38,383.422145
52.91,38,383.466025
52.91,38,383.497899
52.91,38,383.533904
52.91,38,383.566968
52.91,38,383.612919
52.91,38,383.675304
52.91,38,383.712841
52.91,38,383.759806
52.91,38,383.813723
52.91,38,383.875252
52.91,38,383.937661
52.91,38,383.98518
52.91,38,384.04136
52.9,40,384.105808
52.91,38,384.172678
52.91,38,384.228033
52.91,38,384.284661
52.91,38,384.34844
52.91,38,384.410867
52.91,38,384.47262
52.91,38,384.533704
52.91,38,384.592559
52.91,38,384.660063
52.905,39,384.716056
52.91,38,384.771671
52.91,38,384.829817
52.905,39,385.253136
52.91,38,385.292839
52.91,38,385.338641
52.91,38,385.392842
52.91,38,385.458554
52.91,38,385.516806
52.91,38,385.576631
52.905,39,385.640341
52.91,38,385.698587
52.91,38,385.763195
52.91,38,385.826966
52.91,38,385.891423
52.91,38,385.956187
52.91,38,386.009997
52.91,38,386.072438
52.91,38,386.134804
52.91,38,386.196302
52.91,38,386.254151
52.91,38,386.311028
52.91,38,386.370898
52.91,38,386.433061
52.91,38,386.483596
52.905,39,386.547513
52.91,38,386.606034
52.91,38,386.667027
52.91,38,386.722807
52.91,38,386.784085
52.91,38,387.188998
52.91,38,387.249338
52.91,38,387.311904
52.91,38,387.375075
52.91,38,387.438255
52.91,38,387.492952
52.91,38,387.536948
52.91,38,387.567972
52.91,38,387.633312
52.91,38,387.699064
52.91,38,387.763728
52.91,38,387.83742
52.91,38,387.881766
52.91,38,387.914758
52.91,38,387.9779
52.91,38,388.023167
52.91,38,388.064386
52.91,38,388.107276
52.91,38,388.153589
52.91,38,388.206302
52.91,38,388.247547
52.91,38,388.29024
52.91,38,388.328756
52.91,38,388.371051
52.91,38,388.410794
52.91,38,388.449035
52.91,38,388.491194
52.91,38,388.841099
52.9,40,388.898075
52.905,39,388.96012
52.905,39,389.017834
52.905,39,389.067924
52.91,38,389.125525
52.91,38,389.176524
52.91,38,389.237707
52.91,38,389.295042
52.91,38,389.35037
52.89,42,389.408252
52.91,38,389.464949
52.91,38,389.518959
52.91,38,389.581039
52.905,39,389.63475
52.905,39,389.67851
52.91,38,389.715907
52.91,38,389.758126
52.91,38,389.800152
52.895,41,389.847349
52.91,38,389.901176
52.91,38,389.955326
52.91,38,390.016379
52.91,38,390.069101
52.91,38,390.135748
52.91,38,390.188258
52.91,38,390.517038
52.91,38,390.576689
52.91,38,390.642579
52.91,38,390.706311
52.91,38,390.764178
52.895,41,390.819974
52.91,38,390.867452
52.91,38,390.932428
52.91,38,391.000029
52.91,38,391.043974
52.91,38,391.099587
52.905,39,391.159017
52.91,38,391.223481
52.91,38,391.280439
52.905,39,391.341081
52.91,38,391.397109
52.91,38,391.450341
52.9,40,391.509589
52.91,38,391.56581
52.905,39,391.631496
52.91,38,391.654929
52.91,38,391.673316
52.91,38,391.688845
52.91,38,391.705979
52.9,40,391.744215
52.9,40,391.80299
52.905,39,391.861141
52.91,38,392.266683
52.91,38,392.321968
52.91,38,392.376591
52.91,38,392.424198
52.91,38,392.483752
52.91,38,392.532422
52.91,38,392.573333
52.91,38,392.614627
52.91,38,392.657005
52.91,38,392.70108
52.905,39,392.742224
52.91,38,392.78225
52.91,38,392.825531
52.91,38,392.870764
52.91,38,392.912912
52.91,38,392.955884
52.91,38,392.997941
52.91,38,393.037366
52.91,38,393.080399
52.91,38,393.129402
52.91,38,393.173407
52.91,38,393.212563
52.91,38,393.252196
52.91,38,393.292921
52.91,38,393.347005
52.91,38,393.392073
52.91,38,393.435463
52.91,38,393.706474
52.91,38,393.719987
52.91,38,393.73511
52.91,38,393.755465
52.91,38,393.775475
52.91,38,393.79253
52.91,38,393.80782
52.91,38,393.822159
52.91,38,393.838305
52.91,38,393.85198
52.91,38,393.866582
52.91,38,393.884896
52.91,38,393.900802
52.91,38,393.918944
52.91,38,393.935338
52.91,38,393.952117
52.91,38,393.965472
52.91,38,393.979237
52.91,38,393.992972
52.91,38,394.007576
52.91,38,394.023275
52.91,38,394.041016
52.91,38,394.058717
52.91,38,394.077404
52.91,38,394.120659
52.91,38,394.165913
52.91,38,394.204292
52.91,38,394.583565
52.89,42,394.626673
52.905,39,394.666829
52.905,39,394.705618
52.91,38,394.743407
52.91,38,394.783792
52.91,38,394.822806
52.905,39,394.861929
52.91,38,394.899312
52.91,38,394.940338
52.91,38,394.978938
52.91,38,395.018071
52.91,38,395.05727
52.905,39,395.098256
52.91,38,395.139154
52.9,40,395.191431
52.91,38,395.234591
52.91,38,395.273303
52.91,38,395.308259
52.905,39,395.349495
52.91,38,395.393552
52.9,40,395.459255
52.895,41,395.505457
52.91,38,395.551249
52.91,38,395.614821
52.895,41,395.66627
52.905,39,396.017025
52.91,38,396.057693
52.91,38,396.097283
52.91,38,396.136762
52.91,38,396.179563
52.91,38,396.223606
52.905,39,396.268882
52.91,38,396.309075
52.905,39,396.347645
52.91,38,396.383188
52.905,39,396.427145
52.91,38,396.470765
52.91,38,396.519235
52.91,38,396.561751
52.91,38,396.60254
52.91,38,396.645328
52.91,38,396.682442
52.91,38,396.719908
52.91,38,396.761075
52.91,38,396.799253
52.91,38,396.837855
52.905,39,396.879125
52.91,38,396.918386
52.91,38,396.956375
52.91,38,396.999879
52.91,38,397.10102
52.91,38,397.172112
52.91,38,397.592546
52.9,40,397.643185
52.91,38,397.698799
52.905,39,397.748051
52.91,38,397.785975
52.91,38,397.823754
52.91,38,397.863221
52.91,38,397.903118
52.91,38,397.941691
52.9,40,397.983142
52.91,38,398.022267
52.91,38,398.06134
52.91,38,398.096807
52.91,38,398.144568
52.91,38,398.193353
52.91,38,398.232015
52.91,38,398.27109
52.9,40,398.314224
52.91,38,398.354814
52.91,38,398.391683
52.91,38,398.433926
52.91,38,398.474404
52.91,38,398.522181
52.91,38,398.596034
52.905,39,398.640228
52.91,38,398.679482
52.905,39,398.71941
52.91,38,399.055599
52.905,39,399.094071
52.91,38,399.133693
52.91,38,399.176243
52.91,38,399.218515
52.91,38,399.257072
52.91,38,399.302986
52.91,38,399.343502
52.91,38,399.38178
52.91,38,399.422498
52.91,38,399.462117
52.905,39,399.500461
52.91,38,399.5385
52.905,39,399.583861
52.9,40,399.628865
52.91,38,399.674707
52.905,39,399.73893
52.91,38,399.792014
52.91,38,399.829831
52.91,38,399.855566
52.91,38,399.874443
52.91,38,399.90046
52.91,38,399.917944
52.905,39,399.935443
52.91,38,399.953169
52.91,38,399.968907
52.91,38,399.988682
52.91,38,400.116645
52.91,38,400.155081
52.91,38,400.196738
52.895,41,400.244679
52.905,39,400.283474
52.91,38,400.32373
52.91,38,400.360948
52.91,38,400.416074
52.91,38,400.459137
52.91,38,400.501162
52.91,38,400.525497
52.91,38,400.542998
52.91,38,400.558419
52.91,38,400.602434
52.91,38,400.649552
52.91,38,400.696667
52.91,38,400.737608
52.91,38,400.778108
52.91,38,400.82222
52.91,38,400.862854
52.905,39,400.929497
52.91,38,401.001546
52.91,38,401.076858
52.91,38,401.127858
52.905,39,401.172833
52.91,38,401.219048
52.91,38,401.596407
52.91,38,401.647322
52.91,38,401.696753
52.91,38,401.750572
52.91,38,401.800054
52.91,38,401.849877
52.91,38,401.896832
52.91,38,401.939323
52.91,38,401.977992
52.91,38,402.017477
52.91,38,402.058918
52.91,38,402.10034
52.91,38,402.140583
52.91,38,402.182645
52.91,38,402.228248
52.91,38,402.266103
52.91,38,402.308001
52.91,38,402.34853
52.91,38,402.385203
52.91,38,402.424359
52.91,38,402.471272
52.905,39,402.508987
52.91,38,402.547285
52.91,38,402.586397
52.91,38,402.623468
52.91,38,402.670624
52.91,38,402.713806
52.91,38,403.214566
52.91,38,403.265053
52.91,38,403.307293
52.91,38,403.348416
52.91,38,403.388941
52.91,38,403.427628
52.91,38,403.467704
52.91,38,403.519304
52.91,38,403.572604
52.91,38,403.625769
52.91,38,403.677815
52.91,38,403.736728
52.905,39,403.797369
52.91,38,403.856519
52.91,38,403.917648
52.91,38,403.981336
52.91,38,404.039264
52.91,38,404.096323
52.91,38,404.162527
52.91,38,404.224997
52.91,38,404.284309
52.91,38,404.332767
52.91,38,404.393111
52.91,38,404.445353
52.91,38,404.493237
52.91,38,404.532503
52.91,38,404.573128
52.91,38,404.947376
52.91,38,404.991279
52.91,38,405.029409
52.91,38,405.066654
52.91,38,405.105189
52.91,38,405.144169
52.9,40,405.188359
52.895,41,405.230362
52.895,41,405.281158
52.91,38,405.332248
52.91,38,405.39388
52.91,38,405.462988
52.91,38,405.538071
52.905,39,405.615708
52.91,38,405.668011
52.91,38,405.7102
52.91,38,405.752413
52.895,41,405.809141
52.91,38,405.872754
52.905,39,405.93024
52.91,38,405.969238
52.91,38,406.02983
52.91,38,406.075605
52.91,38,406.116258
52.91,38,406.159794
52.91,38,406.197173
52.91,38,406.234466
52.91,38,406.602544
52.91,38,406.645223
52.91,38,406.688321
52.91,38,406.729532
52.91,38,406.771853
52.91,38,406.820091
52.91,38,406.863739
52.91,38,406.90788
52.91,38,406.953043
52.91,38,406.994319
52.91,38,407.036443
52.905,39,407.075474
52.91,38,407.110624
52.91,38,407.151057
52.91,38,407.187418
52.905,39,407.225746
52.91,38,407.268949
52.91,38,407.315849
52.91,38,407.368392
52.91,38,407.4131
52.91,38,407.458361
52.91,38,407.508343
52.905,39,407.555371
52.91,38,407.598835
52.91,38,407.642378
52.91,38,407.689134
52.91,38,407.734001
52.905,39,408.134755
52.91,38,408.180457
52.91,38,408.219721
52.91,38,408.261201
52.91,38,408.301646
52.91,38,408.346221
52.91,38,408.390687
52.91,38,408.431827
52.91,38,408.472063
52.91,38,408.512125
52.91,38,408.550449
52.9,40,408.590251
52.905,39,408.629514
52.91,38,408.685426
52.91,38,408.72649
52.91,38,408.767736
52.91,38,408.805438
52.91,38,408.843112
52.91,38,408.888327
52.91,38,408.933764
52.91,38,408.977594
52.91,38,409.016238
52.91,38,409.054258
52.91,38,409.090132
52.91,38,409.126844
52.91,38,409.166169
52.91,38,409.516516
52.91,38,409.558629
52.91,38,409.600186
52.91,38,409.637235
52.91,38,409.676215
52.91,38,409.712713
52.91,38,409.750041
52.91,38,409.787364
52.91,38,409.824268
52.91,38,409.86172
52.91,38,409.90913
52.91,38,409.972248
52.91,38,410.023859
52.91,38,410.048135
52.91,38,410.072455
52.91,38,410.090676
52.91,38,410.106514
52.91,38,410.124193
52.91,38,410.142119
52.91,38,410.160595
52.91,38,410.179299
52.91,38,410.19786
52.91,38,410.215093
52.91,38,410.23427
52.91,38,410.253077
52.91,38,410.27165
52.91,38,410.28964
52.91,38,410.623519
52.91,38,410.660764
52.91,38,410.721387
52.89,42,410.773243
52.905,39,410.814933
52.905,39,410.854126
52.9,40,410.896358
52.905,39,410.94411
52.91,38,410.988358
52.91,38,411.027994
52.91,38,411.0641
52.895,41,411.10482
52.9,40,411.144462
52.905,39,411.185548
52.91,38,411.225528
52.91,38,411.264037
52.91,38,411.30434
52.885,43,411.351256
52.91,38,411.391482
52.91,38,411.431489
52.9,40,411.472748
52.905,39,411.53261
52.91,38,411.57751
52.91,38,411.62257
52.91,38,411.66085
52.91,38,411.699142
52.91,38,411.736425
52.91,38,412.091827
52.91,38,412.115535
52.905,39,412.13445
52.91,38,412.153536
52.91,38,412.197449
52.91,38,412.239114
52.9,40,412.279369
52.91,38,412.323913
52.905,39,412.36595
52.9,40,412.408947
52.91,38,412.449937
52.905,39,412.489008
52.905,39,412.53056
52.91,38,412.570755
52.905,39,412.609041
52.91,38,412.647176
52.91,38,412.686263
52.91,38,412.724284
52.91,38,412.76168
52.91,38,412.800076
52.91,38,412.83881
52.91,38,412.880461
52.9,40,412.924854
52.91,38,412.965672
52.91,38,413.022701
52.895,41,413.07024
52.905,39,413.413383
52.91,38,413.458079
52.91,38,413.500348
52.91,38,413.5459
52.91,38,413.590934
52.91,38,413.629361
52.91,38,413.668791
52.91,38,413.734617
52.91,38,413.774232
52.91,38,413.811498
52.91,38,413.848852
52.91,38,413.884601
52.91,38,413.919944
52.91,38,413.958042
52.91,38,414.005315
52.91,38,414.063612
52.91,38,414.125001
52.91,38,414.174896
52.91,38,414.229587
52.91,38,414.270902
52.91,38,414.312228
52.91,38,414.362833
52.91,38,414.411764
52.91,38,414.456166
52.91,38,414.50186
52.905,39,414.54695
52.91,38,414.589004
52.91,38,414.979527
52.91,38,415.04145
52.91,38,415.106346
52.905,39,415.157487
52.91,38,415.201274
52.91,38,415.243594
52.91,38,415.281856
52.91,38,415.320364
52.91,38,415.368576
52.91,38,415.409784
52.91,38,415.451331
52.91,38,415.496186
52.91,38,415.540968
52.91,38,415.584259
52.91,38,415.626509
52.91,38,415.669984
52.91,38,415.713406
52.91,38,415.754242
52.91,38,415.796551
52.91,38,415.839329
52.91,38,415.87747
52.905,39,415.917197
52.91,38,415.95617
52.905,39,415.9981
52.91,38,416.05692
52.91,38,416.122861
52.91,38,416.152369
52.91,38,416.480528
52.91,38,416.523498
52.91,38,416.567698
52.91,38,416.607603
52.91,38,416.644124
52.91,38,416.683285
52.91,38,416.729797
52.91,38,416.769866
52.91,38,416.806729
52.91,38,416.847187
52.91,38,416.885389
52.91,38,416.928317
52.91,38,416.968812
52.91,38,417.007572
52.91,38,417.047987
52.91,38,417.088353
52.91,38,417.127911
52.91,38,417.17914
52.905,39,417.224395
52.91,38,417.260692
52.91,38,417.297821
52.91,38,417.335507
52.91,38,417.376178
52.91,38,417.412446
52.91,38,417.451911
52.91,38,417.490878
52.91,38,417.53286
52.91,38,417.88323
52.91,38,417.922336
52.91,38,417.964826
52.91,38,418.007846
52.91,38,418.049137
52.91,38,418.092634
52.91,38,418.139897
52.91,38,418.185193
52.91,38,418.243941
52.91,38,418.299881
52.91,38,418.36196
52.91,38,418.422028
52.91,38,418.486162
52.91,38,418.533983
52.91,38,418.582042
52.91,38,418.63784
52.91,38,418.681066
52.91,38,418.718396
52.91,38,418.774321
52.91,38,418.818501
52.91,38,418.861591
52.91,38,418.903968
52.91,38,418.943216
52.91,38,418.984143
52.91,38,419.024101
52.91,38,419.064781
52.91,38,419.119022
52.91,38,419.517648
52.91,38,419.557559
52.91,38,419.616353
52.91,38,419.674866
52.91,38,419.742659
52.91,38,419.809486
52.91,38,419.874982
52.91,38,419.934849
52.91,38,419.995293
52.905,39,420.046045
52.91,38,420.108197
52.91,38,420.167185
52.91,38,420.224669
52.91,38,420.281234
52.91,38,420.341449
52.91,38,420.394573
52.91,38,420.448458
52.91,38,420.480516
52.91,38,420.539615
52.91,38,420.595173
52.91,38,420.655711
52.91,38,420.71509
52.91,38,420.771893
52.91,38,420.824604
52.91,38,420.87339
52.91,38,420.938953
52.91,38,421.000243
52.91,38,421.380417
52.91,38,421.422074
52.91,38,421.459727
52.91,38,421.503061
52.91,38,421.558841
52.91,38,421.620692
52.91,38,421.679446
52.91,38,421.738084
52.91,38,421.788747
52.91,38,421.846519
52.91,38,421.909011
52.91,38,421.969848
52.91,38,422.028496
52.91,38,422.082484
52.91,38,422.140309
52.91,38,422.212314
52.91,38,422.2546
52.91,38,422.289101
52.91,38,422.351619
52.91,38,422.412015
52.91,38,422.472386
52.91,38,422.524526
52.91,38,422.582855
52.91,38,422.640052
52.91,38,422.699207
52.91,38,422.758409
52.91,38,422.82108
52.91,38,423.197663
52.91,38,423.239148
52.91,38,423.277554
52.91,38,423.316944
52.91,38,423.355871
52.91,38,423.405804
52.91,38,423.463609
52.91,38,423.523206
52.91,38,423.573264
52.91,38,423.625144
52.91,38,423.685067
52.91,38,423.750942
52.91,38,423.821411
52.91,38,423.876078
52.91,38,423.918732
52.91,38,423.945353
52.91,38,423.967713
52.91,38,423.985594
52.91,38,424.002089
52.91,38,424.021988
52.91,38,424.044088
52.91,38,424.062437
52.91,38,424.095912
52.91,38,424.151623
52.91,38,424.213332
52.91,38,424.272519
52.91,38,424.329588
52.91,38,424.787263
52.91,38,424.844191
52.91,38,424.902961
52.905,39,424.969815
52.91,38,425.027292
52.91,38,425.085347
52.91,38,425.146675
52.91,38,425.215945
52.91,38,425.269666
52.91,38,425.335802
52.91,38,425.393201
52.905,39,425.459359
52.91,38,425.513732
52.91,38,425.558375
52.91,38,425.604115
52.91,38,425.665114
52.91,38,425.725772
52.9,40,425.790028
52.91,38,425.85098
52.91,38,425.909536
52.905,39,425.952039
52.91,38,426.01402
52.91,38,426.064146
52.91,38,426.117633
52.91,38,426.181628
52.91,38,426.234258
52.91,38,426.29285
52.91,38,426.68435
52.91,38,426.727554
52.91,38,426.773253
52.905,39,426.810676
52.91,38,426.848794
52.91,38,426.88601
52.91,38,426.925221
52.91,38,426.963423
52.91,38,427.004021
52.91,38,427.044241
52.91,38,427.082239
52.91,38,427.122195
52.91,38,427.174564
52.91,38,427.233279
52.905,39,427.291941
52.91,38,427.347761
52.91,38,427.401021
52.905,39,427.46138
52.91,38,427.5143
52.91,38,427.577521
52.91,38,427.63045
52.905,39,427.685585
52.91,38,427.742794
52.91,38,427.800241
52.91,38,427.857708
52.91,38,427.91145
52.905,39,428.310507
52.91,38,428.356918
52.91,38,428.402854
52.905,39,428.450299
52.91,38,428.48984
52.91,38,428.531083
52.905,39,428.58226
52.91,38,428.633229
52.91,38,428.691092
52.91,38,428.755344
52.905,39,428.829132
52.91,38,428.872954
52.91,38,428.91041
52.91,38,428.955273
52.91,38,428.995786
52.91,38,429.040106
52.91,38,429.081842
52.91,38,429.121885
52.91,38,429.163685
52.91,38,429.203783
52.905,39,429.245082
52.91,38,429.284252
52.91,38,429.323374
52.91,38,429.36197
52.91,38,429.401221
52.91,38,429.445774
52.91,38,429.485578
52.91,38,429.864609
52.91,38,429.90289
52.905,39,429.945437
52.91,38,429.987138
52.91,38,430.031354
52.91,38,430.06927
52.905,39,430.109012
52.905,39,430.147931
52.91,38,430.188591
52.91,38,430.226284
52.91,38,430.273361
52.91,38,430.326526
52.91,38,430.382384
52.91,38,430.424098
52.91,38,430.464539
52.91,38,430.502936
52.91,38,430.540932
52.91,38,430.578164
52.91,38,430.615679
52.91,38,430.664646
52.91,38,430.705588
52.91,38,430.741767
52.91,38,430.775954
52.91,38,430.808937
52.91,38,430.850323
52.91,38,430.89373
52.91,38,430.925056
52.91,38,431.335211
52.91,38,431.380505
52.91,38,431.415445
52.91,38,431.450329
52.91,38,431.486529
52.91,38,431.52504
52.91,38,431.571764
52.91,38,431.661218
52.91,38,431.724362
52.91,38,431.760472
52.91,38,431.796943
52.91,38,431.838765
52.91,38,431.884062
52.91,38,431.929759
52.91,38,431.974268
52.91,38,432.002433
52.91,38,432.018643
52.91,38,432.040667
52.91,38,432.061011
52.91,38,432.077178
52.91,38,432.096155
52.91,38,432.113529
52.91,38,432.12723
52.91,38,432.143966
52.91,38,432.16051
52.91,38,432.176053
52.91,38,432.190056
52.91,38,432.294271
52.905,39,432.31085
52.91,38,432.348317
52.885,43,432.389746
52.895,41,432.444935
52.905,39,432.512547
52.91,38,432.558423
52.91,38,432.596793
52.91,38,432.633311
52.91,38,432.66962
52.91,38,432.706645
52.905,39,432.764798
52.9,40,432.812116
52.91,38,432.851039
52.905,39,432.889968
52.91,38,432.935247
52.91,38,432.995287
52.91,38,433.039257
52.91,38,433.078402
52.91,38,433.116923
52.9,40,433.157032
52.91,38,433.196297
52.905,39,433.239125
52.9,40,433.280275
52.895,41,433.326559
52.905,39,433.373151
52.895,41,433.676202
52.91,38,433.716364
52.91,38,433.758811
52.905,39,433.805249
52.885,43,433.875138
52.91,38,433.917598
52.91,38,433.960515
52.905,39,434.000662
52.89,42,434.043842
52.895,41,434.083092
52.91,38,434.121347
52.9,40,434.161698
52.905,39,434.19996
52.91,38,434.239315
52.91,38,434.278701
52.91,38,434.319143
52.91,38,434.360788
52.905,39,434.401276
52.905,39,434.43992
52.895,41,434.479067
52.905,39,434.515971
52.91,38,434.559468
52.91,38,434.613885
52.9,40,434.666514
52.91,38,434.710596
52.91,38,434.751047
52.905,39,434.794016
52.91,38,435.331205
52.91,38,435.373374
52.9,40,435.414472
52.91,38,435.455276
52.91,38,435.498268
52.905,39,435.543954
52.91,38,435.584022
52.91,38,435.630058
52.91,38,435.672347
52.91,38,435.709607
52.91,38,435.749845
52.91,38,435.786275
52.905,39,435.831146
52.91,38,435.877203
52.91,38,435.919941
52.91,38,435.965952
52.91,38,436.006861
52.91,38,436.046204
52.91,38,436.088892
52.905,39,436.128371
52.91,38,436.166959
52.91,38,436.20613
52.91,38,436.245332
52.91,38,436.283246
52.91,38,436.323237
52.91,38,436.361758
